,dataset_id,pair_id,direction,delta_time
0,an,1,1,6.305098295211792
1,an,2,1,5.8451104164123535
2,an,3,1,6.286419630050659
3,an,4,1,5.994999408721924
4,an,5,1,6.16760778427124
5,an,6,1,6.294698238372803
6,an,7,1,5.740020751953125
7,an,8,1,5.767000436782837
8,an,9,1,5.51892876625061
9,an,10,1,5.928986549377441
10,an,11,1,6.204970836639404
11,an,12,1,6.392852544784546
12,an,13,1,5.675150394439697
13,an,14,1,5.784881353378296
14,an,15,1,6.187098979949951
15,an,16,1,7.202369928359985
16,an,17,1,5.660428762435913
17,an,18,1,6.145459890365601
18,an,19,1,5.997620105743408
19,an,20,1,6.4939024448394775
20,an,21,1,5.410603046417236
21,an,22,1,5.523832082748413
22,an,23,1,5.858891487121582
23,an,24,1,6.492063999176025
24,an,25,1,5.974611520767212
25,an,26,1,6.166737794876099
26,an,27,1,6.55311131477356
27,an,28,1,6.020880937576294
28,an,29,1,5.564806938171387
29,an,30,1,5.934245347976685
30,an,31,1,5.875815391540527
31,an,32,1,7.2455058097839355
32,an,33,1,6.105465412139893
33,an,34,1,6.680060863494873
34,an,35,1,6.496987819671631
35,an,36,1,5.972219467163086
36,an,37,1,7.067677974700928
37,an,38,1,5.619593858718872
38,an,39,1,5.743521451950073
39,an,40,1,6.228899717330933
40,an,41,1,6.101518869400024
41,an,42,1,5.735473871231079
42,an,43,1,5.615392446517944
43,an,44,1,6.379408597946167
44,an,45,1,6.66404914855957
45,an,46,1,6.472933769226074
46,an,47,1,6.621901273727417
47,an,48,1,7.468175411224365
48,an,49,1,6.665224552154541
49,an,50,1,6.889652967453003
50,an,51,1,6.745419263839722
51,an,52,1,5.786209583282471
52,an,53,1,6.580938100814819
53,an,54,1,6.253961563110352
54,an,55,1,5.897288799285889
55,an,56,1,5.738000392913818
56,an,57,1,6.735270738601685
57,an,58,1,6.22834587097168
58,an,59,1,5.908236742019653
59,an,60,1,7.257590055465698
60,an,61,1,6.6306798458099365
61,an,62,1,5.591435670852661
62,an,63,1,6.755393028259277
63,an,64,1,5.875318765640259
64,an,65,1,7.42268180847168
65,an,66,1,6.51052451133728
66,an,67,1,6.084155082702637
67,an,68,1,6.119999170303345
68,an,69,1,6.250530481338501
69,an,70,1,6.427075147628784
70,an,71,1,5.838175058364868
71,an,72,1,5.74736762046814
72,an,73,1,6.7348339557647705
73,an,74,1,5.745343208312988
74,an,75,1,5.765601396560669
75,an,76,1,6.0485920906066895
76,an,77,1,5.6111626625061035
77,an,78,1,5.7232348918914795
78,an,79,1,6.135560512542725
79,an,80,1,6.35829758644104
80,an,81,1,7.182929992675781
81,an,82,1,6.684899091720581
82,an,83,1,5.780831575393677
83,an,84,1,5.592978000640869
84,an,85,1,6.032200813293457
85,an,86,1,6.826656103134155
86,an,87,1,6.326527118682861
87,an,88,1,6.269192457199097
88,an,89,1,6.078237533569336
89,an,90,1,7.140892028808594
90,an,91,1,5.727010011672974
91,an,92,1,6.2704737186431885
92,an,93,1,6.607524871826172
93,an,94,1,6.938039541244507
94,an,95,1,6.37251353263855
95,an,96,1,6.131154775619507
96,an,97,1,6.038353443145752
97,an,98,1,6.387981414794922
98,an,99,1,6.26246452331543
99,an,100,1,5.668923854827881
100,ans,1,1,6.046502351760864
101,ans,2,1,5.946509122848511
102,ans,3,1,5.7801971435546875
103,ans,4,1,7.527472734451294
104,ans,5,1,5.931729078292847
105,ans,6,1,5.841980457305908
106,ans,7,1,6.1956846714019775
107,ans,8,1,6.796810150146484
108,ans,9,1,5.758259296417236
109,ans,10,1,7.196327447891235
110,ans,11,1,6.435178518295288
111,ans,12,1,6.25721287727356
112,ans,13,1,5.867895126342773
113,ans,14,1,6.079401016235352
114,ans,15,1,6.332745552062988
115,ans,16,1,6.029453992843628
116,ans,17,1,6.47893214225769
117,ans,18,1,6.402379989624023
118,ans,19,1,6.606482267379761
119,ans,20,1,5.611163139343262
120,ans,21,1,6.2274394035339355
121,ans,22,1,6.707692384719849
122,ans,23,1,6.151870489120483
123,ans,24,1,6.251262187957764
124,ans,25,1,6.0714850425720215
125,ans,26,1,6.399151086807251
126,ans,27,1,5.657753944396973
127,ans,28,1,6.3968212604522705
128,ans,29,1,5.79939341545105
129,ans,30,1,5.642139673233032
130,ans,31,1,5.993642330169678
131,ans,32,1,5.541475772857666
132,ans,33,1,6.7542564868927
133,ans,34,1,6.682807445526123
134,ans,35,1,6.309852838516235
135,ans,36,1,7.0239012241363525
136,ans,37,1,5.903503179550171
137,ans,38,1,5.470054626464844
138,ans,39,1,5.636347770690918
139,ans,40,-1,6.2123236656188965
140,ans,41,1,6.517124652862549
141,ans,42,1,5.943061590194702
142,ans,43,1,7.310992002487183
143,ans,44,1,5.794726610183716
144,ans,45,1,6.055797815322876
145,ans,46,1,6.224456787109375
146,ans,47,1,6.936592102050781
147,ans,48,1,5.945306062698364
148,ans,49,1,7.603069543838501
149,ans,50,1,5.7594873905181885
150,ans,51,1,6.743312120437622
151,ans,52,1,6.206126928329468
152,ans,53,1,7.136422157287598
153,ans,54,-1,6.287613868713379
154,ans,55,1,6.614097356796265
155,ans,56,1,5.607383728027344
156,ans,57,1,6.257766246795654
157,ans,58,1,5.689363718032837
158,ans,59,1,6.11173152923584
159,ans,60,1,5.698523998260498
160,ans,61,1,6.534843683242798
161,ans,62,1,6.924560546875
162,ans,63,1,7.623408555984497
163,ans,64,1,6.23760461807251
164,ans,65,1,7.11505913734436
165,ans,66,1,5.8093109130859375
166,ans,67,1,5.892591953277588
167,ans,68,1,5.776709318161011
168,ans,69,1,7.224048137664795
169,ans,70,1,6.218690395355225
170,ans,71,1,5.792108058929443
171,ans,72,1,7.078031301498413
172,ans,73,1,5.441229820251465
173,ans,74,1,5.6789116859436035
174,ans,75,1,5.406180143356323
175,ans,76,1,6.6269917488098145
176,ans,77,1,5.848464727401733
177,ans,78,1,5.659159183502197
178,ans,79,1,5.33853006362915
179,ans,80,1,6.192673206329346
180,ans,81,1,5.4499170780181885
181,ans,82,1,5.40007758140564
182,ans,83,1,5.852644681930542
183,ans,84,1,6.925680160522461
184,ans,85,1,6.028208255767822
185,ans,86,1,5.4442033767700195
186,ans,87,1,5.517914533615112
187,ans,88,1,5.519402980804443
188,ans,89,1,5.469299077987671
189,ans,90,1,6.328069686889648
190,ans,91,1,6.880213022232056
191,ans,92,1,5.763117551803589
192,ans,93,1,6.19761848449707
193,ans,94,1,6.094385147094727
194,ans,95,1,7.40494441986084
195,ans,96,1,5.8902857303619385
196,ans,97,1,5.812909841537476
197,ans,98,1,6.079765558242798
198,ans,99,1,6.657249927520752
199,ans,100,1,5.490502595901489
200,ls,1,1,5.449374198913574
201,ls,2,1,5.875444173812866
202,ls,3,1,5.60301661491394
203,ls,4,1,5.6368255615234375
204,ls,5,1,5.603239059448242
205,ls,6,1,5.54766845703125
206,ls,7,1,5.863210439682007
207,ls,8,1,5.573902368545532
208,ls,9,1,5.827988147735596
209,ls,10,1,6.409173011779785
210,ls,11,1,5.398659944534302
211,ls,12,1,6.057786703109741
212,ls,13,-1,5.80603289604187
213,ls,14,1,5.677252769470215
214,ls,15,1,6.0679826736450195
215,ls,16,1,6.6437835693359375
216,ls,17,1,6.048424005508423
217,ls,18,1,5.478055953979492
218,ls,19,1,7.256247282028198
219,ls,20,1,5.723178148269653
220,ls,21,1,5.7815163135528564
221,ls,22,1,6.086629867553711
222,ls,23,1,6.421119928359985
223,ls,24,1,5.615387439727783
224,ls,25,1,5.586858034133911
225,ls,26,1,5.5012147426605225
226,ls,27,1,5.7950661182403564
227,ls,28,1,5.498359203338623
228,ls,29,1,6.0197107791900635
229,ls,30,1,6.2104761600494385
230,ls,31,1,5.796435117721558
231,ls,32,1,5.61963152885437
232,ls,33,1,6.0832839012146
233,ls,34,1,6.326371908187866
234,ls,35,1,5.567591905593872
235,ls,36,1,6.75555419921875
236,ls,37,1,6.096755743026733
237,ls,38,1,5.676335096359253
238,ls,39,1,6.072261333465576
239,ls,40,1,5.447599411010742
240,ls,41,1,5.907413721084595
241,ls,42,1,5.932267665863037
242,ls,43,1,6.138498544692993
243,ls,44,1,6.084291219711304
244,ls,45,1,5.953577756881714
245,ls,46,1,6.122463703155518
246,ls,47,1,5.958792448043823
247,ls,48,1,6.138753175735474
248,ls,49,1,5.797458648681641
249,ls,50,1,5.7372400760650635
250,ls,51,1,5.853878736495972
251,ls,52,1,6.484195947647095
252,ls,53,1,5.936328649520874
253,ls,54,1,5.8266520500183105
254,ls,55,1,6.223016977310181
255,ls,56,1,5.570509433746338
256,ls,57,1,6.450131416320801
257,ls,58,1,6.394150018692017
258,ls,59,1,5.733231544494629
259,ls,60,1,6.04840612411499
260,ls,61,1,5.766581773757935
261,ls,62,1,5.30059027671814
262,ls,63,1,5.607499837875366
263,ls,64,1,5.541735410690308
264,ls,65,1,6.446929454803467
265,ls,66,1,6.778672695159912
266,ls,67,1,5.39714789390564
267,ls,68,1,5.8202879428863525
268,ls,69,1,6.265960454940796
269,ls,70,1,5.46063756942749
270,ls,71,1,6.462813377380371
271,ls,72,1,5.4343342781066895
272,ls,73,1,5.935809135437012
273,ls,74,1,6.70092248916626
274,ls,75,1,5.684767723083496
275,ls,76,1,6.615453004837036
276,ls,77,1,5.94298529624939
277,ls,78,1,5.748281002044678
278,ls,79,1,5.469473361968994
279,ls,80,1,5.992418050765991
280,ls,81,1,5.602890729904175
281,ls,82,1,5.87220573425293
282,ls,83,1,5.705693244934082
283,ls,84,1,6.229261636734009
284,ls,85,1,5.899071455001831
285,ls,86,1,5.850041151046753
286,ls,87,1,5.832890510559082
287,ls,88,1,5.596275806427002
288,ls,89,1,5.715273141860962
289,ls,90,1,5.857881784439087
290,ls,91,1,6.148613452911377
291,ls,92,1,5.838393926620483
292,ls,93,1,5.637071371078491
293,ls,94,1,5.7639853954315186
294,ls,95,1,5.518755197525024
295,ls,96,1,6.21991491317749
296,ls,97,1,5.891700029373169
297,ls,98,1,5.947355508804321
298,ls,99,1,6.0762574672698975
299,ls,100,1,6.031505107879639
300,lss,1,1,5.67458176612854
301,lss,2,-1,6.286770582199097
302,lss,3,-1,5.6611008644104
303,lss,4,-1,6.1695945262908936
304,lss,5,-1,5.677880048751831
305,lss,6,-1,5.825537919998169
306,lss,7,-1,6.000644207000732
307,lss,8,-1,5.686787843704224
308,lss,9,-1,6.131162881851196
309,lss,10,-1,5.42003870010376
310,lss,11,-1,5.85565185546875
311,lss,12,-1,5.825114488601685
312,lss,13,1,6.057337045669556
313,lss,14,1,5.693288087844849
314,lss,15,1,5.549700021743774
315,lss,16,1,7.021451711654663
316,lss,17,-1,6.2563252449035645
317,lss,18,1,5.504686594009399
318,lss,19,1,5.922426700592041
319,lss,20,-1,5.540119171142578
320,lss,21,1,5.910907030105591
321,lss,22,1,6.013773202896118
322,lss,23,1,5.461951971054077
323,lss,24,1,5.932909250259399
324,lss,25,-1,6.460931301116943
325,lss,26,-1,6.211398601531982
326,lss,27,-1,6.346112012863159
327,lss,28,1,5.537960767745972
328,lss,29,-1,5.551465034484863
329,lss,30,-1,6.435600519180298
330,lss,31,1,5.3537609577178955
331,lss,32,-1,5.873026132583618
332,lss,33,-1,6.374617576599121
333,lss,34,1,5.428451776504517
334,lss,35,-1,5.491209030151367
335,lss,36,-1,7.728423357009888
336,lss,37,-1,7.367246627807617
337,lss,38,-1,6.373490333557129
338,lss,39,-1,5.517449378967285
339,lss,40,-1,6.628261566162109
340,lss,41,-1,6.886103868484497
341,lss,42,1,5.422565460205078
342,lss,43,-1,5.605976104736328
343,lss,44,1,6.546733617782593
344,lss,45,-1,7.0072712898254395
345,lss,46,-1,6.130358457565308
346,lss,47,1,5.648489713668823
347,lss,48,1,6.159175395965576
348,lss,49,-1,6.331210374832153
349,lss,50,1,5.708427906036377
350,lss,51,-1,7.369504690170288
351,lss,52,-1,5.5187928676605225
352,lss,53,-1,6.256243944168091
353,lss,54,1,5.569840908050537
354,lss,55,1,5.988134145736694
355,lss,56,1,5.816683530807495
356,lss,57,-1,5.71537971496582
357,lss,58,-1,5.806536436080933
358,lss,59,1,5.872061729431152
359,lss,60,-1,5.679664134979248
360,lss,61,1,5.901338815689087
361,lss,62,1,7.016301155090332
362,lss,63,1,5.613756418228149
363,lss,64,1,5.923309564590454
364,lss,65,1,5.941146373748779
365,lss,66,-1,5.977246284484863
366,lss,67,1,5.751186847686768
367,lss,68,1,5.9660985469818115
368,lss,69,-1,6.005354642868042
369,lss,70,-1,5.843098402023315
370,lss,71,-1,5.576196193695068
371,lss,72,1,5.867918252944946
372,lss,73,1,5.687626361846924
373,lss,74,-1,5.486706733703613
374,lss,75,-1,5.5580174922943115
375,lss,76,1,5.719763517379761
376,lss,77,-1,5.517921686172485
377,lss,78,-1,5.710401296615601
378,lss,79,1,6.529465436935425
379,lss,80,1,6.134953737258911
380,lss,81,-1,5.665695428848267
381,lss,82,-1,5.909658670425415
382,lss,83,-1,5.593362331390381
383,lss,84,-1,6.3802690505981445
384,lss,85,1,5.71082878112793
385,lss,86,1,5.808833599090576
386,lss,87,1,5.599902629852295
387,lss,88,-1,6.487907886505127
388,lss,89,-1,6.319389581680298
389,lss,90,-1,6.262326717376709
390,lss,91,1,5.705370187759399
391,lss,92,1,5.86187219619751
392,lss,93,-1,6.1800923347473145
393,lss,94,-1,5.860557794570923
394,lss,95,1,6.102971076965332
395,lss,96,-1,5.406513452529907
396,lss,97,-1,7.147201776504517
397,lss,98,-1,5.292940139770508
398,lss,99,-1,5.969178199768066
399,lss,100,-1,5.475156545639038
400,mnu,1,1,6.526580572128296
401,mnu,2,1,5.887237787246704
402,mnu,3,1,6.089547157287598
403,mnu,4,1,7.254675388336182
404,mnu,5,1,6.360322713851929
405,mnu,6,1,6.622848033905029
406,mnu,7,1,6.6182451248168945
407,mnu,8,1,6.32782506942749
408,mnu,9,1,6.766301155090332
409,mnu,10,1,5.62277364730835
410,mnu,11,1,6.124197721481323
411,mnu,12,1,5.886544704437256
412,mnu,13,1,5.602047920227051
413,mnu,14,1,6.237799882888794
414,mnu,15,1,5.850152254104614
415,mnu,16,1,6.224985122680664
416,mnu,17,1,6.307278633117676
417,mnu,18,1,5.784036874771118
418,mnu,19,1,5.584570407867432
419,mnu,20,1,5.92760443687439
420,mnu,21,1,5.673547744750977
421,mnu,22,1,5.5891053676605225
422,mnu,23,1,6.025641441345215
423,mnu,24,1,5.799597978591919
424,mnu,25,1,7.037969350814819
425,mnu,26,1,5.580460786819458
426,mnu,27,1,6.034801483154297
427,mnu,28,1,6.596215486526489
428,mnu,29,1,5.366534948348999
429,mnu,30,1,5.388162851333618
430,mnu,31,1,5.539355278015137
431,mnu,32,1,6.416114330291748
432,mnu,33,1,6.145481824874878
433,mnu,34,1,5.885178804397583
434,mnu,35,1,6.577451229095459
435,mnu,36,1,6.2115678787231445
436,mnu,37,1,5.901787757873535
437,mnu,38,1,5.803113698959351
438,mnu,39,1,5.7059166431427
439,mnu,40,1,6.079172134399414
440,mnu,41,1,5.643649339675903
441,mnu,42,1,5.739734888076782
442,mnu,43,1,6.006952285766602
443,mnu,44,1,6.295313596725464
444,mnu,45,1,5.85576057434082
445,mnu,46,1,5.823029041290283
446,mnu,47,1,5.659940242767334
447,mnu,48,1,6.6162190437316895
448,mnu,49,1,5.917477130889893
449,mnu,50,1,6.077985048294067
450,mnu,51,1,5.737004280090332
451,mnu,52,1,7.208304405212402
452,mnu,53,1,6.021867513656616
453,mnu,54,1,5.641315698623657
454,mnu,55,1,6.010571002960205
455,mnu,56,1,5.87134861946106
456,mnu,57,1,5.512618780136108
457,mnu,58,1,5.8110737800598145
458,mnu,59,1,6.42563533782959
459,mnu,60,1,5.408932685852051
460,mnu,61,1,5.596130132675171
461,mnu,62,1,5.442992448806763
462,mnu,63,1,6.305043935775757
463,mnu,64,1,6.932203769683838
464,mnu,65,1,5.739535093307495
465,mnu,66,1,6.897948741912842
466,mnu,67,1,6.018166542053223
467,mnu,68,1,6.411707162857056
468,mnu,69,1,5.88554835319519
469,mnu,70,1,6.127280950546265
470,mnu,71,1,5.6989586353302
471,mnu,72,1,6.77489161491394
472,mnu,73,1,6.009897947311401
473,mnu,74,1,6.640866041183472
474,mnu,75,1,6.5059709548950195
475,mnu,76,1,6.342959642410278
476,mnu,77,1,5.91063928604126
477,mnu,78,1,5.6672632694244385
478,mnu,79,1,5.733804702758789
479,mnu,80,1,6.207298994064331
480,mnu,81,1,6.147026062011719
481,mnu,82,1,6.7825071811676025
482,mnu,83,1,7.473900079727173
483,mnu,84,1,6.980671167373657
484,mnu,85,1,5.852789402008057
485,mnu,86,1,6.400688886642456
486,mnu,87,1,6.440410614013672
487,mnu,88,1,5.515936851501465
488,mnu,89,1,5.534192085266113
489,mnu,90,1,6.008330583572388
490,mnu,91,1,5.722010612487793
491,mnu,92,1,5.722895860671997
492,mnu,93,1,6.434453248977661
493,mnu,94,1,6.120650768280029
494,mnu,95,1,5.729982376098633
495,mnu,96,1,6.265421628952026
496,mnu,97,1,5.555463790893555
497,mnu,98,1,5.929638862609863
498,mnu,99,1,6.1112754344940186
499,mnu,100,1,5.735637187957764
500,sim,1,1,5.588698863983154
501,sim,2,1,6.352591276168823
502,sim,3,1,6.013818740844727
503,sim,4,1,5.5280375480651855
504,sim,5,1,6.436357259750366
505,sim,6,1,6.230658531188965
506,sim,7,1,5.237576961517334
507,sim,8,1,5.420714855194092
508,sim,9,-1,5.931501150131226
509,sim,10,1,6.360872983932495
510,sim,11,-1,6.184463739395142
511,sim,12,-1,6.546205043792725
512,sim,13,1,5.670360088348389
513,sim,14,1,5.36118745803833
514,sim,15,1,6.258646249771118
515,sim,16,1,5.693092107772827
516,sim,17,1,6.205876111984253
517,sim,18,1,5.949235916137695
518,sim,19,1,5.845980882644653
519,sim,20,1,5.758518695831299
520,sim,21,1,7.126803398132324
521,sim,22,1,6.09161639213562
522,sim,23,1,5.485193967819214
523,sim,24,-1,5.875465631484985
524,sim,25,1,5.4809730052948
525,sim,26,1,6.172012090682983
526,sim,27,1,6.009411573410034
527,sim,28,1,5.759912967681885
528,sim,29,1,5.504441499710083
529,sim,30,1,5.83415412902832
530,sim,31,1,6.2226879596710205
531,sim,32,1,5.990206718444824
532,sim,33,1,6.136210680007935
533,sim,34,-1,6.778961658477783
534,sim,35,1,6.122662544250488
535,sim,36,1,6.190631866455078
536,sim,37,1,6.189739465713501
537,sim,38,1,6.247799634933472
538,sim,39,-1,5.393553733825684
539,sim,40,-1,6.033128976821899
540,sim,41,1,6.312026023864746
541,sim,42,1,6.420731544494629
542,sim,43,1,6.071181774139404
543,sim,44,1,5.926781177520752
544,sim,45,1,5.457942485809326
545,sim,46,1,6.24059534072876
546,sim,47,1,6.6562488079071045
547,sim,48,1,5.966581583023071
548,sim,49,1,7.186191082000732
549,sim,50,1,6.4612507820129395
550,sim,51,1,5.6109747886657715
551,sim,52,1,6.2097389698028564
552,sim,53,1,5.339332818984985
553,sim,54,1,5.889868974685669
554,sim,55,1,6.4048566818237305
555,sim,56,-1,5.653815031051636
556,sim,57,1,6.576067924499512
557,sim,58,1,7.882561922073364
558,sim,59,1,6.761553764343262
559,sim,60,1,5.616214990615845
560,sim,61,1,6.166257858276367
561,sim,62,1,5.630741834640503
562,sim,63,1,6.043816804885864
563,sim,64,1,7.792901277542114
564,sim,65,1,6.9007391929626465
565,sim,66,1,6.08083176612854
566,sim,67,1,5.528743267059326
567,sim,68,1,5.304893255233765
568,sim,69,1,5.296710729598999
569,sim,70,1,6.182701110839844
570,sim,71,1,6.163520574569702
571,sim,72,-1,5.872901678085327
572,sim,73,1,5.896588087081909
573,sim,74,1,6.662914276123047
574,sim,75,1,5.722143650054932
575,sim,76,1,6.382861375808716
576,sim,77,1,5.999886989593506
577,sim,78,1,6.7978925704956055
578,sim,79,1,5.748516798019409
579,sim,80,1,7.320221424102783
580,sim,81,1,5.850126266479492
581,sim,82,1,5.680325031280518
582,sim,83,1,6.251375675201416
583,sim,84,1,5.350600957870483
584,sim,85,-1,5.280982255935669
585,sim,86,-1,5.380678176879883
586,sim,87,1,6.367365837097168
587,sim,88,1,7.2576904296875
588,sim,89,1,5.463129997253418
589,sim,90,1,5.927633047103882
590,sim,91,1,5.673352479934692
591,sim,92,1,6.733964204788208
592,sim,93,1,6.624009370803833
593,sim,94,1,6.12022852897644
594,sim,95,1,5.991710424423218
595,sim,96,1,6.260487794876099
596,sim,97,1,5.75744104385376
597,sim,98,1,6.348126649856567
598,sim,99,1,6.312743902206421
599,sim,100,1,5.858083486557007
600,simc,1,1,6.6717329025268555
601,simc,2,1,6.406172275543213
602,simc,3,1,6.437603712081909
603,simc,4,1,6.064429521560669
604,simc,5,1,7.373379230499268
605,simc,6,1,6.209024667739868
606,simc,7,1,5.749325513839722
607,simc,8,1,7.721206426620483
608,simc,9,1,5.795398235321045
609,simc,10,1,5.590213298797607
610,simc,11,1,7.399126291275024
611,simc,12,1,5.699608564376831
612,simc,13,1,7.1671178340911865
613,simc,14,1,5.602549076080322
614,simc,15,1,6.026996850967407
615,simc,16,1,6.154968976974487
616,simc,17,-1,7.1035215854644775
617,simc,18,1,5.392733812332153
618,simc,19,1,5.607382297515869
619,simc,20,1,6.325783014297485
620,simc,21,-1,5.7991297245025635
621,simc,22,1,5.331777095794678
622,simc,23,1,6.81883978843689
623,simc,24,-1,6.782983303070068
624,simc,25,1,5.984569787979126
625,simc,26,-1,7.042293310165405
626,simc,27,1,6.380141973495483
627,simc,28,1,6.427006244659424
628,simc,29,1,5.889540672302246
629,simc,30,-1,5.814403772354126
630,simc,31,1,6.65593695640564
631,simc,32,1,5.476995468139648
632,simc,33,1,6.201211452484131
633,simc,34,1,5.5240209102630615
634,simc,35,1,6.224620342254639
635,simc,36,-1,5.5878589153289795
636,simc,37,1,6.434228420257568
637,simc,38,1,5.833275079727173
638,simc,39,1,6.061916351318359
639,simc,40,-1,5.576369524002075
640,simc,41,1,6.796586990356445
641,simc,42,1,6.1786675453186035
642,simc,43,1,6.844643831253052
643,simc,44,1,5.576193809509277
644,simc,45,1,5.761842489242554
645,simc,46,1,5.349144220352173
646,simc,47,1,5.647611618041992
647,simc,48,1,5.913873195648193
648,simc,49,1,5.841786861419678
649,simc,50,-1,5.64691424369812
650,simc,51,1,5.7903892993927
651,simc,52,1,6.514707326889038
652,simc,53,1,5.76039719581604
653,simc,54,1,5.7519495487213135
654,simc,55,1,7.0224292278289795
655,simc,56,1,6.11414098739624
656,simc,57,1,6.389271974563599
657,simc,58,1,6.418600082397461
658,simc,59,1,5.908093452453613
659,simc,60,1,5.994705438613892
660,simc,61,-1,5.772715091705322
661,simc,62,1,5.610771894454956
662,simc,63,-1,6.291201114654541
663,simc,64,1,5.8015453815460205
664,simc,65,1,6.8710551261901855
665,simc,66,1,6.043437957763672
666,simc,67,-1,5.7187628746032715
667,simc,68,1,6.159519672393799
668,simc,69,1,6.365493535995483
669,simc,70,-1,5.981553077697754
670,simc,71,1,6.266777753829956
671,simc,72,1,5.664658546447754
672,simc,73,1,5.928731441497803
673,simc,74,1,6.215667963027954
674,simc,75,-1,6.25692081451416
675,simc,76,1,5.807162761688232
676,simc,77,1,6.01867413520813
677,simc,78,1,6.443446397781372
678,simc,79,1,5.664907932281494
679,simc,80,1,6.340453147888184
680,simc,81,-1,5.910913944244385
681,simc,82,1,5.632516384124756
682,simc,83,1,6.020997762680054
683,simc,84,-1,6.7001519203186035
684,simc,85,1,6.448316812515259
685,simc,86,1,5.9099931716918945
686,simc,87,1,5.708536863327026
687,simc,88,1,7.8638916015625
688,simc,89,-1,5.566948175430298
689,simc,90,1,6.002466201782227
690,simc,91,1,6.862173795700073
691,simc,92,1,6.442358016967773
692,simc,93,-1,5.640893220901489
693,simc,94,1,5.614171266555786
694,simc,95,1,6.366796016693115
695,simc,96,1,6.597713470458984
696,simc,97,1,6.438896894454956
697,simc,98,-1,6.6171534061431885
698,simc,99,1,6.950676679611206
699,simc,100,1,7.588491201400757
700,simg,1,1,6.568631649017334
701,simg,2,-1,5.000945329666138
702,simg,3,1,5.406793594360352
703,simg,4,1,5.3976054191589355
704,simg,5,1,6.124603271484375
705,simg,6,1,6.864549398422241
706,simg,7,1,6.650030612945557
707,simg,8,1,5.580544471740723
708,simg,9,-1,5.50136923789978
709,simg,10,1,7.025886297225952
710,simg,11,1,6.4484543800354
711,simg,12,-1,6.577516078948975
712,simg,13,1,6.619710922241211
713,simg,14,1,5.797652721405029
714,simg,15,1,5.896343946456909
715,simg,16,1,5.423933744430542
716,simg,17,1,6.779754877090454
717,simg,18,1,5.749577522277832
718,simg,19,1,6.469926834106445
719,simg,20,1,5.447767496109009
720,simg,21,1,5.811344861984253
721,simg,22,-1,5.983091354370117
722,simg,23,-1,5.892812490463257
723,simg,24,-1,6.392485618591309
724,simg,25,1,6.760991334915161
725,simg,26,1,6.106373071670532
726,simg,27,1,6.258179664611816
727,simg,28,1,5.6914963722229
728,simg,29,1,5.084345102310181
729,simg,30,1,6.255390882492065
730,simg,31,1,7.1004743576049805
731,simg,32,1,5.759105682373047
732,simg,33,1,6.665871620178223
733,simg,34,-1,5.819437265396118
734,simg,35,-1,6.053494453430176
735,simg,36,1,5.792784214019775
736,simg,37,1,5.65349817276001
737,simg,38,1,6.349551200866699
738,simg,39,-1,5.399696588516235
739,simg,40,1,6.425973653793335
740,simg,41,1,7.160370111465454
741,simg,42,1,5.3791539669036865
742,simg,43,1,5.658435344696045
743,simg,44,1,6.797446250915527
744,simg,45,1,5.704322814941406
745,simg,46,1,5.702005386352539
746,simg,47,1,6.137406826019287
747,simg,48,-1,5.90135645866394
748,simg,49,1,5.647659063339233
749,simg,50,1,6.948639392852783
750,simg,51,1,5.906442165374756
751,simg,52,1,6.062862873077393
752,simg,53,1,6.051112413406372
753,simg,54,1,6.036858081817627
754,simg,55,1,5.565612077713013
755,simg,56,-1,6.5855841636657715
756,simg,57,1,5.706528186798096
757,simg,58,1,6.686928987503052
758,simg,59,1,5.36893892288208
759,simg,60,1,5.65763521194458
760,simg,61,1,6.132616281509399
761,simg,62,1,5.5154869556427
762,simg,63,1,7.135072708129883
763,simg,64,1,5.768717288970947
764,simg,65,1,7.22588586807251
765,simg,66,1,5.256872653961182
766,simg,67,1,5.382247447967529
767,simg,68,1,7.691153049468994
768,simg,69,1,6.532883167266846
769,simg,70,1,5.038855314254761
770,simg,71,1,6.534556865692139
771,simg,72,1,6.316818714141846
772,simg,73,1,6.102283000946045
773,simg,74,1,6.849995851516724
774,simg,75,1,5.786099672317505
775,simg,76,1,7.051353454589844
776,simg,77,1,5.988586187362671
777,simg,78,1,6.714662551879883
778,simg,79,1,6.880157470703125
779,simg,80,1,5.493901252746582
780,simg,81,-1,5.471646308898926
781,simg,82,1,7.045391082763672
782,simg,83,1,5.632243394851685
783,simg,84,1,5.779196262359619
784,simg,85,-1,5.468883991241455
785,simg,86,1,6.656077861785889
786,simg,87,1,6.489338159561157
787,simg,88,1,5.508782386779785
788,simg,89,1,7.116154670715332
789,simg,90,1,5.627323627471924
790,simg,91,-1,5.983806610107422
791,simg,92,-1,6.463862657546997
792,simg,93,1,6.192974090576172
793,simg,94,-1,6.590393304824829
794,simg,95,1,5.950267791748047
795,simg,96,1,7.387394905090332
796,simg,97,1,6.232500076293945
797,simg,98,1,6.790758848190308
798,simg,99,-1,5.6930975914001465
799,simg,100,1,7.023015022277832
800,simln,1,1,6.287825107574463
801,simln,2,1,5.6414759159088135
802,simln,3,1,6.116735219955444
803,simln,4,1,5.722337007522583
804,simln,5,1,5.095472097396851
805,simln,6,1,5.6629674434661865
806,simln,7,1,5.31026816368103
807,simln,8,1,6.002086162567139
808,simln,9,1,5.330621242523193
809,simln,10,1,6.607609748840332
810,simln,11,-1,6.204310178756714
811,simln,12,-1,5.243340253829956
812,simln,13,1,5.693612337112427
813,simln,14,1,5.164807081222534
814,simln,15,-1,5.200905799865723
815,simln,16,1,5.461773633956909
816,simln,17,1,6.498145580291748
817,simln,18,1,7.508685350418091
818,simln,19,1,7.063872575759888
819,simln,20,1,6.17724084854126
820,simln,21,1,6.320040464401245
821,simln,22,1,5.601582050323486
822,simln,23,1,6.403015851974487
823,simln,24,-1,6.45940089225769
824,simln,25,1,6.798937797546387
825,simln,26,-1,5.4306066036224365
826,simln,27,1,6.1660239696502686
827,simln,28,1,5.880420684814453
828,simln,29,1,6.344003915786743
829,simln,30,1,5.743854999542236
830,simln,31,1,5.085270643234253
831,simln,32,-1,5.271470546722412
832,simln,33,1,6.258521556854248
833,simln,34,1,6.531506299972534
834,simln,35,1,5.898516893386841
835,simln,36,1,5.89658260345459
836,simln,37,1,6.265360116958618
837,simln,38,1,6.176228761672974
838,simln,39,-1,5.2753307819366455
839,simln,40,1,5.71226954460144
840,simln,41,-1,5.342438697814941
841,simln,42,1,5.82682728767395
842,simln,43,1,6.439619302749634
843,simln,44,1,6.660360097885132
844,simln,45,1,6.534754276275635
845,simln,46,1,7.755894899368286
846,simln,47,-1,6.1184587478637695
847,simln,48,1,7.318141222000122
848,simln,49,1,5.548331022262573
849,simln,50,1,5.622133016586304
850,simln,51,1,7.540523290634155
851,simln,52,1,7.399475812911987
852,simln,53,1,5.315025806427002
853,simln,54,1,6.249685764312744
854,simln,55,1,6.391249895095825
855,simln,56,-1,5.1346659660339355
856,simln,57,1,6.517420053482056
857,simln,58,1,6.5472962856292725
858,simln,59,1,6.37090539932251
859,simln,60,1,6.2619712352752686
860,simln,61,1,5.674232721328735
861,simln,62,1,5.363121509552002
862,simln,63,1,5.192808628082275
863,simln,64,1,6.29162073135376
864,simln,65,1,6.086120367050171
865,simln,66,1,5.1955060958862305
866,simln,67,1,5.5383522510528564
867,simln,68,1,6.284594297409058
868,simln,69,1,6.3059093952178955
869,simln,70,1,6.365152359008789
870,simln,71,1,7.02525520324707
871,simln,72,1,6.544058561325073
872,simln,73,1,6.932162284851074
873,simln,74,1,6.766375541687012
874,simln,75,1,6.6914262771606445
875,simln,76,1,6.087456941604614
876,simln,77,1,5.596280574798584
877,simln,78,1,5.785796403884888
878,simln,79,1,5.6255202293396
879,simln,80,1,6.097453594207764
880,simln,81,1,5.958949565887451
881,simln,82,1,6.243311882019043
882,simln,83,1,6.587000608444214
883,simln,84,-1,6.457643508911133
884,simln,85,-1,6.584345579147339
885,simln,86,1,7.269210338592529
886,simln,87,1,6.959839344024658
887,simln,88,-1,6.279449939727783
888,simln,89,1,6.381561279296875
889,simln,90,1,6.099724769592285
890,simln,91,-1,5.994635820388794
891,simln,92,1,6.74830961227417
892,simln,93,1,5.813483238220215
893,simln,94,1,5.600005388259888
894,simln,95,-1,6.234564304351807
895,simln,96,1,6.65707540512085
896,simln,97,1,6.501575708389282
897,simln,98,1,6.59666109085083
898,simln,99,1,6.302855014801025
899,simln,100,1,5.9014105796813965
900,tue,1,-1,6.849342346191406
901,tue,2,1,6.658871173858643
902,tue,3,-1,6.878474950790405
903,tue,4,-1,6.114657640457153
904,tue,5,1,14.005158424377441
905,tue,6,-1,15.135762453079224
906,tue,7,1,14.480901956558228
907,tue,8,-1,13.694141149520874
908,tue,9,-1,13.609780311584473
909,tue,10,-1,13.570348978042603
910,tue,11,-1,14.15102219581604
911,tue,12,-1,17.42737913131714
912,tue,13,1,5.9777467250823975
913,tue,14,-1,6.535087585449219
914,tue,15,-1,6.734867095947266
915,tue,16,1,6.143421173095703
916,tue,17,1,17.649595260620117
917,tue,18,-1,5.849599361419678
918,tue,19,1,5.892867088317871
919,tue,20,-1,6.097069263458252
920,tue,21,-1,6.334575653076172
921,tue,22,-1,6.310961723327637
922,tue,23,-1,6.270425319671631
923,tue,24,1,6.08498215675354
924,tue,25,1,6.472365617752075
925,tue,26,-1,5.724724054336548
926,tue,27,1,5.9495460987091064
927,tue,28,1,6.349516868591309
928,tue,29,1,6.315188407897949
929,tue,30,1,6.363234043121338
930,tue,31,-1,6.2936389446258545
931,tue,32,-1,6.118363618850708
932,tue,33,-1,6.046122312545776
933,tue,34,-1,6.328772068023682
934,tue,35,-1,6.091810703277588
935,tue,36,-1,6.478820562362671
936,tue,37,1,6.164597988128662
937,tue,38,-1,6.3591413497924805
938,tue,39,1,6.660237789154053
939,tue,40,1,7.206909418106079
940,tue,41,-1,6.033667325973511
941,tue,42,1,29.77164363861084
942,tue,43,-1,33.5839319229126
943,tue,44,-1,35.32871913909912
944,tue,45,1,34.51685547828674
945,tue,46,1,33.57430362701416
946,tue,48,-1,5.7685229778289795
947,tue,49,-1,5.728383541107178
948,tue,50,-1,6.356595993041992
949,tue,51,-1,5.743242502212524
950,tue,56,-1,6.007856130599976
951,tue,57,1,5.836979627609253
952,tue,58,-1,5.849835634231567
953,tue,59,-1,6.049434185028076
954,tue,60,-1,5.882402420043945
955,tue,61,1,6.076308012008667
956,tue,62,1,5.9168174266815186
957,tue,63,1,6.6727681159973145
958,tue,64,1,5.87997031211853
959,tue,65,1,6.549063205718994
960,tue,66,1,6.480771541595459
961,tue,67,1,6.254190444946289
962,tue,68,-1,5.7931013107299805
963,tue,69,-1,51.476622343063354
964,tue,72,1,6.93393087387085
965,tue,73,-1,17.396788597106934
966,tue,74,-1,6.295977354049683
967,tue,75,1,6.2292234897613525
968,tue,76,-1,6.881502389907837
969,tue,77,-1,28.162184238433838
970,tue,78,1,5.797533988952637
971,tue,79,-1,6.014974594116211
972,tue,80,-1,6.119229555130005
973,tue,81,-1,5.6531617641448975
974,tue,82,-1,6.640666484832764
975,tue,83,1,6.037215709686279
976,tue,84,-1,9.75862741470337
977,tue,85,1,6.00127100944519
978,tue,86,-1,6.052536964416504
979,tue,87,1,25.302955627441406
980,tue,88,1,6.043530702590942
981,tue,89,-1,6.492485523223877
982,tue,90,1,6.02510929107666
983,tue,91,1,5.6631293296813965
984,tue,92,-1,5.965458631515503
985,tue,93,-1,6.429059028625488
986,tue,94,1,31.54580307006836
987,tue,95,-1,32.07929277420044
988,tue,96,1,32.56594800949097
989,tue,97,1,6.436229944229126
990,tue,98,1,5.753270626068115
991,tue,99,1,8.781761407852173
992,tue,100,1,6.9014763832092285
993,tue,101,-1,6.330881357192993
994,tue,102,-1,6.125870943069458
995,tue,103,-1,5.794120788574219
996,tue,104,-1,6.11562442779541
997,tue,106,1,5.924884796142578
998,tue,108,-1,6.185529708862305
999,cha,1,-1,6.275651454925537
1000,cha,2,1,6.950909614562988
1001,cha,3,1,7.194218873977661
1002,cha,4,1,6.873382091522217
1003,cha,5,1,7.148359775543213
1004,cha,6,1,6.685152769088745
1005,cha,7,1,6.554466247558594
1006,cha,8,1,6.729786396026611
1007,cha,9,1,6.3982439041137695
1008,cha,10,1,6.091559410095215
1009,cha,11,1,6.232702970504761
1010,cha,12,1,6.1725170612335205
1011,cha,13,1,6.416772127151489
1012,cha,14,1,6.328948736190796
1013,cha,15,1,6.07073712348938
1014,cha,16,1,6.068039894104004
1015,cha,17,1,6.660857200622559
1016,cha,18,-1,5.9632086753845215
1017,cha,19,-1,6.30396842956543
1018,cha,20,1,6.636312484741211
1019,cha,21,1,6.21052098274231
1020,cha,22,1,6.130472183227539
1021,cha,23,1,6.416159152984619
1022,cha,24,1,6.596731424331665
1023,cha,25,1,6.218708753585815
1024,cha,26,-1,6.199626207351685
1025,cha,27,1,6.0154736042022705
1026,cha,28,1,6.32520055770874
1027,cha,29,1,6.33271336555481
1028,cha,30,1,6.360119581222534
1029,cha,31,-1,6.1983959674835205
1030,cha,32,1,6.425751686096191
1031,cha,33,1,6.420355796813965
1032,cha,34,1,6.577075004577637
1033,cha,35,1,6.119429588317871
1034,cha,36,1,6.646095514297485
1035,cha,37,1,5.813074588775635
1036,cha,38,1,5.92492413520813
1037,cha,39,1,6.288297653198242
1038,cha,40,1,6.495184898376465
1039,cha,41,-1,6.702253103256226
1040,cha,42,1,6.1546196937561035
1041,cha,43,1,6.617144346237183
1042,cha,44,1,6.048745393753052
1043,cha,45,1,5.956738710403442
1044,cha,46,1,5.777301788330078
1045,cha,47,1,6.231546640396118
1046,cha,48,1,6.308873891830444
1047,cha,49,1,6.3907790184021
1048,cha,50,1,6.117794513702393
1049,cha,51,-1,6.570217609405518
1050,cha,52,1,6.3131103515625
1051,cha,53,1,6.183588027954102
1052,cha,54,1,6.593702077865601
1053,cha,55,1,6.306851387023926
1054,cha,56,1,6.076885223388672
1055,cha,57,1,6.342454671859741
1056,cha,58,1,6.519121408462524
1057,cha,59,1,6.393205165863037
1058,cha,60,1,6.284986734390259
1059,cha,61,1,6.392904043197632
1060,cha,62,1,5.889425754547119
1061,cha,63,1,6.365257740020752
1062,cha,64,1,6.3122477531433105
1063,cha,65,1,6.462823867797852
1064,cha,66,1,6.607876300811768
1065,cha,67,1,6.694789171218872
1066,cha,68,1,6.344457149505615
1067,cha,69,-1,6.627963542938232
1068,cha,70,1,6.203171968460083
1069,cha,71,1,6.715474367141724
1070,cha,72,1,6.5560033321380615
1071,cha,73,1,6.4328413009643555
1072,cha,74,-1,5.907903671264648
1073,cha,75,1,6.412015438079834
1074,cha,76,1,6.864567041397095
1075,cha,77,1,6.437927722930908
1076,cha,78,1,6.390896320343018
1077,cha,79,1,6.796778440475464
1078,cha,80,1,6.319019079208374
1079,cha,81,-1,6.30964207649231
1080,cha,82,1,6.36498236656189
1081,cha,83,-1,5.807995796203613
1082,cha,84,1,6.131310701370239
1083,cha,85,1,6.568477153778076
1084,cha,86,1,6.66281270980835
1085,cha,87,1,6.293794870376587
1086,cha,88,1,6.680551767349243
1087,cha,89,1,6.083400011062622
1088,cha,90,1,6.309071063995361
1089,cha,91,-1,5.925652980804443
1090,cha,92,-1,6.3112993240356445
1091,cha,93,1,6.577773571014404
1092,cha,94,1,6.792521953582764
1093,cha,95,1,6.6429526805877686
1094,cha,96,-1,6.529214859008789
1095,cha,97,1,6.234833717346191
1096,cha,98,1,6.205450057983398
1097,cha,99,1,6.1286396980285645
1098,cha,100,1,6.316101312637329
1099,cha,101,1,6.5208070278167725
1100,cha,102,1,6.566774129867554
1101,cha,103,1,6.358080148696899
1102,cha,104,1,6.338026285171509
1103,cha,105,1,6.911226749420166
1104,cha,106,1,6.4419755935668945
1105,cha,107,1,6.065871000289917
1106,cha,108,1,6.570115804672241
1107,cha,109,1,7.058928966522217
1108,cha,110,1,6.404285192489624
1109,cha,111,1,6.432950973510742
1110,cha,112,1,6.153115510940552
1111,cha,113,1,6.309417724609375
1112,cha,114,1,6.996954917907715
1113,cha,115,1,6.626565456390381
1114,cha,116,1,6.106100082397461
1115,cha,117,1,6.373947620391846
1116,cha,118,1,6.519505500793457
1117,cha,119,1,6.2474775314331055
1118,cha,120,1,6.285651683807373
1119,cha,121,1,6.490802764892578
1120,cha,122,1,5.877933740615845
1121,cha,123,1,6.319830417633057
1122,cha,124,1,6.440970182418823
1123,cha,125,1,7.058695316314697
1124,cha,126,1,6.69239616394043
1125,cha,127,1,6.613577365875244
1126,cha,128,1,6.622049331665039
1127,cha,129,1,7.015848875045776
1128,cha,130,1,6.084696292877197
1129,cha,131,1,6.543600797653198
1130,cha,132,1,6.454331159591675
1131,cha,133,1,6.4596757888793945
1132,cha,134,1,6.416717052459717
1133,cha,135,1,7.059768199920654
1134,cha,136,1,6.611938714981079
1135,cha,137,1,6.672805309295654
1136,cha,138,1,6.195749282836914
1137,cha,139,1,6.3033342361450195
1138,cha,140,1,6.339065313339233
1139,cha,141,-1,6.139526128768921
1140,cha,142,-1,7.103254318237305
1141,cha,143,1,6.10511589050293
1142,cha,144,1,6.3129119873046875
1143,cha,145,1,6.760424852371216
1144,cha,146,1,6.37315559387207
1145,cha,147,1,6.970444917678833
1146,cha,148,1,6.216694593429565
1147,cha,149,1,6.185525417327881
1148,cha,150,1,6.134793758392334
1149,cha,151,-1,6.270209789276123
1150,cha,152,1,6.426620721817017
1151,cha,153,-1,7.059311866760254
1152,cha,154,1,6.015145540237427
1153,cha,155,1,6.721541404724121
1154,cha,156,1,6.286998748779297
1155,cha,157,1,6.267577886581421
1156,cha,158,1,6.3684914112091064
1157,cha,159,1,6.282742500305176
1158,cha,160,1,6.09087610244751
1159,cha,161,1,6.61597752571106
1160,cha,162,1,6.1788060665130615
1161,cha,163,1,6.048167943954468
1162,cha,164,1,6.091965436935425
1163,cha,165,1,6.261067867279053
1164,cha,166,-1,6.025087833404541
1165,cha,167,1,6.2713634967803955
1166,cha,168,1,6.569681406021118
1167,cha,169,1,6.494017839431763
1168,cha,170,1,6.392236709594727
1169,cha,171,1,5.944316387176514
1170,cha,172,1,6.114623546600342
1171,cha,173,1,6.322399377822876
1172,cha,174,-1,6.209081411361694
1173,cha,175,1,6.563237428665161
1174,cha,176,1,6.748523950576782
1175,cha,177,1,6.495494604110718
1176,cha,178,1,6.355687856674194
1177,cha,179,1,6.075600624084473
1178,cha,180,-1,6.252523183822632
1179,cha,181,1,6.570540189743042
1180,cha,182,1,6.44560432434082
1181,cha,183,1,6.395599842071533
1182,cha,184,1,6.15022873878479
1183,cha,185,1,6.4901814460754395
1184,cha,186,1,6.824937105178833
1185,cha,187,1,7.325703144073486
1186,cha,188,1,6.233759641647339
1187,cha,189,1,6.240233898162842
1188,cha,190,-1,6.354950904846191
1189,cha,191,1,6.58095645904541
1190,cha,192,1,5.912381172180176
1191,cha,193,-1,7.022310256958008
1192,cha,194,1,6.0694146156311035
1193,cha,195,1,6.669423341751099
1194,cha,196,1,6.449099063873291
1195,cha,197,-1,6.5337207317352295
1196,cha,198,-1,6.825855493545532
1197,cha,199,1,6.60551643371582
1198,cha,200,1,6.307312965393066
1199,cha,201,1,6.633942365646362
1200,cha,202,1,6.3619585037231445
1201,cha,203,-1,6.257937908172607
1202,cha,204,1,6.5858964920043945
1203,cha,205,1,6.200786590576172
1204,cha,206,-1,6.528006076812744
1205,cha,207,1,6.394738674163818
1206,cha,208,1,6.750008583068848
1207,cha,209,1,6.789400577545166
1208,cha,210,-1,6.037077188491821
1209,cha,211,1,6.562630653381348
1210,cha,212,1,6.143386125564575
1211,cha,213,1,6.288574457168579
1212,cha,214,1,5.954949378967285
1213,cha,215,1,6.277627229690552
1214,cha,216,1,6.529747486114502
1215,cha,217,1,6.990385293960571
1216,cha,218,-1,6.798121690750122
1217,cha,219,-1,6.095151662826538
1218,cha,220,-1,6.390976190567017
1219,cha,221,1,6.356689453125
1220,cha,222,1,6.740168809890747
1221,cha,223,1,6.537105321884155
1222,cha,224,1,6.261741638183594
1223,cha,225,-1,6.641228675842285
1224,cha,226,-1,6.410988807678223
1225,cha,227,1,6.990117311477661
1226,cha,228,1,6.362961292266846
1227,cha,229,-1,6.172378063201904
1228,cha,230,1,6.6205058097839355
1229,cha,231,1,6.615719795227051
1230,cha,232,1,6.070753574371338
1231,cha,233,1,6.457284688949585
1232,cha,234,1,6.552964687347412
1233,cha,235,-1,6.366321325302124
1234,cha,236,-1,6.472162485122681
1235,cha,237,1,6.553635120391846
1236,cha,238,-1,6.275761842727661
1237,cha,239,1,6.361372947692871
1238,cha,240,1,6.193751811981201
1239,cha,241,1,6.05244255065918
1240,cha,242,1,6.549647569656372
1241,cha,243,-1,6.495349645614624
1242,cha,244,-1,6.147109270095825
1243,cha,245,1,6.537646055221558
1244,cha,246,-1,6.4132702350616455
1245,cha,247,1,6.479492664337158
1246,cha,248,1,6.356741428375244
1247,cha,249,1,6.251664638519287
1248,cha,250,1,6.527691125869751
1249,cha,251,-1,6.353219985961914
1250,cha,252,1,6.634294271469116
1251,cha,253,1,6.556731224060059
1252,cha,254,1,6.825088977813721
1253,cha,255,1,6.330995321273804
1254,cha,256,1,6.720752477645874
1255,cha,257,1,6.246744871139526
1256,cha,258,1,7.038638591766357
1257,cha,259,1,6.206151962280273
1258,cha,260,1,6.45059609413147
1259,cha,261,1,6.600734710693359
1260,cha,262,-1,6.348712205886841
1261,cha,263,1,6.485228538513184
1262,cha,264,1,6.3188557624816895
1263,cha,265,-1,6.547630310058594
1264,cha,266,-1,6.060529708862305
1265,cha,267,1,6.351940393447876
1266,cha,268,1,6.454712390899658
1267,cha,269,-1,6.50892972946167
1268,cha,270,1,5.9350745677948
1269,cha,271,-1,6.435710191726685
1270,cha,272,1,6.788758277893066
1271,cha,273,1,6.518787384033203
1272,cha,274,1,6.74360203742981
1273,cha,275,1,6.648094177246094
1274,cha,276,1,6.61323618888855
1275,cha,277,-1,6.159978866577148
1276,cha,278,-1,6.563305616378784
1277,cha,279,1,6.286802530288696
1278,cha,280,1,6.470971584320068
1279,cha,281,1,6.358558416366577
1280,cha,282,1,6.381368160247803
1281,cha,283,-1,6.352746963500977
1282,cha,284,1,6.577532052993774
1283,cha,285,1,6.391352415084839
1284,cha,286,1,6.616472482681274
1285,cha,287,1,6.44222092628479
1286,cha,288,1,6.908701181411743
1287,cha,289,1,6.536676645278931
1288,cha,290,1,6.17471170425415
1289,cha,291,1,6.434398412704468
1290,cha,292,-1,6.2269439697265625
1291,cha,293,1,6.298245429992676
1292,cha,294,1,5.936204195022583
1293,cha,295,1,6.333854913711548
1294,cha,296,-1,6.520556926727295
1295,cha,297,-1,6.225845813751221
1296,cha,298,-1,6.72162389755249
1297,cha,299,1,6.34261417388916
1298,cha,300,-1,6.418829917907715
1299,net,1,1,6.32947850227356
1300,net,2,1,6.4947545528411865
1301,net,3,1,6.967845916748047
1302,net,4,1,6.123143196105957
1303,net,5,1,5.4134039878845215
1304,net,6,1,6.150188684463501
1305,net,7,1,6.362093687057495
1306,net,8,1,6.666527032852173
1307,net,9,1,6.2173449993133545
1308,net,10,1,6.337771654129028
1309,net,11,-1,6.364597797393799
1310,net,12,1,6.758351564407349
1311,net,13,-1,6.967729806900024
1312,net,14,1,6.465958595275879
1313,net,15,1,6.104157447814941
1314,net,16,-1,6.855278968811035
1315,net,17,1,6.442284345626831
1316,net,18,1,6.747992515563965
1317,net,19,1,6.563034296035767
1318,net,20,1,6.500295400619507
1319,net,21,1,6.738895416259766
1320,net,22,1,6.410844087600708
1321,net,23,1,5.922042369842529
1322,net,24,-1,6.347619295120239
1323,net,25,1,6.405063629150391
1324,net,26,1,6.593966007232666
1325,net,27,1,6.370169401168823
1326,net,28,1,5.80886697769165
1327,net,29,-1,6.466298341751099
1328,net,30,1,6.406950950622559
1329,net,31,1,6.457722187042236
1330,net,32,1,6.268522024154663
1331,net,33,1,6.382556915283203
1332,net,34,1,6.193192005157471
1333,net,35,1,6.20344352722168
1334,net,36,1,5.911993980407715
1335,net,37,1,6.546908140182495
1336,net,38,1,6.486864328384399
1337,net,39,1,6.249547004699707
1338,net,40,1,6.351458311080933
1339,net,41,1,6.406184673309326
1340,net,42,-1,6.503971815109253
1341,net,43,-1,6.0854387283325195
1342,net,44,-1,6.287425518035889
1343,net,45,1,6.069505214691162
1344,net,46,-1,6.244883060455322
1345,net,47,1,6.162255764007568
1346,net,48,1,6.5113677978515625
1347,net,49,1,6.387744426727295
1348,net,50,1,6.478280305862427
1349,net,51,1,6.521561145782471
1350,net,52,1,6.639050245285034
1351,net,53,-1,6.374069690704346
1352,net,54,1,6.2325005531311035
1353,net,55,-1,6.416051387786865
1354,net,56,1,6.200206756591797
1355,net,57,1,6.343740940093994
1356,net,58,1,6.471598386764526
1357,net,59,1,6.815389156341553
1358,net,60,1,6.503271818161011
1359,net,61,1,6.324392080307007
1360,net,62,1,6.387009859085083
1361,net,63,1,6.307895183563232
1362,net,64,1,6.425641775131226
1363,net,65,1,6.600696563720703
1364,net,66,1,6.586454153060913
1365,net,67,-1,6.7517876625061035
1366,net,68,1,6.4452760219573975
1367,net,69,1,6.3557116985321045
1368,net,70,-1,6.547530651092529
1369,net,71,1,6.435324192047119
1370,net,72,1,6.831998825073242
1371,net,73,1,6.766481876373291
1372,net,74,1,6.290877342224121
1373,net,75,1,6.410140514373779
1374,net,76,1,6.739782810211182
1375,net,77,1,6.673181533813477
1376,net,78,1,7.052891254425049
1377,net,79,1,6.193718194961548
1378,net,80,1,6.5413498878479
1379,net,81,1,6.07825231552124
1380,net,82,-1,6.365452766418457
1381,net,83,1,6.810550689697266
1382,net,84,1,6.761132001876831
1383,net,85,1,6.539804935455322
1384,net,86,1,6.624244451522827
1385,net,87,1,6.441537857055664
1386,net,88,1,6.322678565979004
1387,net,89,1,6.249701499938965
1388,net,90,1,6.542431592941284
1389,net,91,1,6.1881327629089355
1390,net,92,1,6.373882055282593
1391,net,93,1,6.469022750854492
1392,net,94,1,6.239297151565552
1393,net,95,1,6.216146945953369
1394,net,96,1,6.147388458251953
1395,net,97,1,6.711254358291626
1396,net,98,1,6.1557457447052
1397,net,99,-1,6.2240495681762695
1398,net,100,-1,6.542160272598267
1399,net,101,1,6.239229679107666
1400,net,102,1,6.367234468460083
1401,net,103,1,6.617825984954834
1402,net,104,1,6.412590742111206
1403,net,105,1,6.421246528625488
1404,net,106,1,6.6850502490997314
1405,net,107,1,6.146078824996948
1406,net,108,1,6.6331212520599365
1407,net,109,-1,6.480185031890869
1408,net,110,1,6.434586763381958
1409,net,111,1,6.803868293762207
1410,net,112,-1,6.3444225788116455
1411,net,113,1,6.691068410873413
1412,net,114,1,6.48078727722168
1413,net,115,1,6.4502317905426025
1414,net,116,1,6.412374973297119
1415,net,117,1,6.3897199630737305
1416,net,118,1,6.491136312484741
1417,net,119,1,6.611671686172485
1418,net,120,1,6.298657178878784
1419,net,121,1,6.300170183181763
1420,net,122,1,6.620269060134888
1421,net,123,-1,6.300090074539185
1422,net,124,1,6.5226616859436035
1423,net,125,1,6.6193578243255615
1424,net,126,-1,6.287431955337524
1425,net,127,1,6.23906397819519
1426,net,128,1,6.454554796218872
1427,net,129,1,5.820064544677734
1428,net,130,1,6.392187595367432
1429,net,131,1,6.442026138305664
1430,net,132,1,6.333495855331421
1431,net,133,1,6.055887937545776
1432,net,134,1,6.238469839096069
1433,net,135,1,6.335230350494385
1434,net,136,1,6.451709032058716
1435,net,137,1,6.2466137409210205
1436,net,138,1,6.156010389328003
1437,net,139,1,6.474454641342163
1438,net,140,1,6.2055370807647705
1439,net,141,1,6.505638837814331
1440,net,142,1,6.406370401382446
1441,net,143,1,6.340843677520752
1442,net,144,-1,6.528501033782959
1443,net,145,1,6.256824254989624
1444,net,146,-1,7.066309213638306
1445,net,147,1,6.156876087188721
1446,net,148,1,6.34940242767334
1447,net,149,-1,6.616052865982056
1448,net,150,1,6.41394567489624
1449,net,151,-1,6.208125591278076
1450,net,152,-1,5.972097873687744
1451,net,153,1,6.397762298583984
1452,net,154,-1,6.3209614753723145
1453,net,155,1,6.578876495361328
1454,net,156,1,6.072997093200684
1455,net,157,1,6.355232238769531
1456,net,158,1,6.435343980789185
1457,net,159,1,6.538374185562134
1458,net,160,1,6.677435398101807
1459,net,161,1,6.420126914978027
1460,net,162,1,6.560332775115967
1461,net,163,1,6.293874740600586
1462,net,164,1,6.360606908798218
1463,net,165,-1,6.330304861068726
1464,net,166,1,6.544224500656128
1465,net,167,1,6.2260191440582275
1466,net,168,1,6.692133903503418
1467,net,169,1,6.637284278869629
1468,net,170,-1,7.010866165161133
1469,net,171,1,6.382649660110474
1470,net,172,1,6.853505373001099
1471,net,173,1,6.228499174118042
1472,net,174,1,6.5418524742126465
1473,net,175,1,6.4683802127838135
1474,net,176,1,6.97994065284729
1475,net,177,1,6.545426368713379
1476,net,178,-1,6.5035810470581055
1477,net,179,1,6.209034204483032
1478,net,180,1,6.990403413772583
1479,net,181,1,6.359198331832886
1480,net,182,1,6.342677354812622
1481,net,183,1,6.4582977294921875
1482,net,184,1,6.866572856903076
1483,net,185,1,6.609830856323242
1484,net,186,1,6.2546467781066895
1485,net,187,1,6.415644645690918
1486,net,188,1,6.625765562057495
1487,net,189,1,6.691305875778198
1488,net,190,1,6.400151491165161
1489,net,191,1,6.23568320274353
1490,net,192,1,6.66510272026062
1491,net,193,1,6.654495000839233
1492,net,194,1,6.245357990264893
1493,net,195,-1,6.521651029586792
1494,net,196,1,6.76996111869812
1495,net,197,1,6.572122573852539
1496,net,198,1,6.273908853530884
1497,net,199,1,6.553231716156006
1498,net,200,-1,6.22748327255249
1499,net,201,1,5.999196767807007
1500,net,202,-1,6.105080604553223
1501,net,203,1,6.577506065368652
1502,net,204,1,6.77221417427063
1503,net,205,1,6.500539302825928
1504,net,206,1,6.687288045883179
1505,net,207,1,6.800968408584595
1506,net,208,1,6.324315309524536
1507,net,209,1,6.399334669113159
1508,net,210,1,6.692868709564209
1509,net,211,1,6.389167070388794
1510,net,212,1,6.384393215179443
1511,net,213,1,6.023294687271118
1512,net,214,1,6.180598974227905
1513,net,215,1,6.53891658782959
1514,net,216,1,6.200971364974976
1515,net,217,1,6.615398168563843
1516,net,218,1,6.350212097167969
1517,net,219,1,5.953186988830566
1518,net,220,-1,6.487500429153442
1519,net,221,-1,6.28236722946167
1520,net,222,1,6.436274528503418
1521,net,223,1,7.227474689483643
1522,net,224,1,6.480547666549683
1523,net,225,1,6.173221826553345
1524,net,226,1,6.190382480621338
1525,net,227,1,7.012297868728638
1526,net,228,-1,6.750637054443359
1527,net,229,1,6.269297122955322
1528,net,230,1,6.112976789474487
1529,net,231,1,6.251091957092285
1530,net,232,1,6.246516704559326
1531,net,233,-1,6.26718807220459
1532,net,234,-1,6.578734874725342
1533,net,235,1,6.3281919956207275
1534,net,236,1,6.020911693572998
1535,net,237,-1,6.996916055679321
1536,net,238,1,6.459928750991821
1537,net,239,1,6.36011815071106
1538,net,240,-1,6.050328493118286
1539,net,241,1,6.792419672012329
1540,net,242,1,6.80008602142334
1541,net,243,1,6.622108697891235
1542,net,244,1,6.531175374984741
1543,net,245,1,6.371640920639038
1544,net,246,1,6.325676202774048
1545,net,247,1,6.315919637680054
1546,net,248,-1,6.477883338928223
1547,net,249,1,6.56065821647644
1548,net,250,1,6.356388092041016
1549,net,251,1,6.484957933425903
1550,net,252,1,6.56752347946167
1551,net,253,1,6.501619815826416
1552,net,254,-1,6.43497371673584
1553,net,255,1,6.570743799209595
1554,net,256,1,6.604623079299927
1555,net,257,1,6.323588848114014
1556,net,258,1,5.995958089828491
1557,net,259,-1,6.628816843032837
1558,net,260,1,6.388923406600952
1559,net,261,1,6.213468790054321
1560,net,262,1,6.470677137374878
1561,net,263,1,6.976707696914673
1562,net,264,-1,6.476437091827393
1563,net,265,-1,6.897260427474976
1564,net,266,-1,6.9423041343688965
1565,net,267,1,6.633167743682861
1566,net,268,1,6.604085445404053
1567,net,269,1,6.384328365325928
1568,net,270,1,6.488971710205078
1569,net,271,-1,6.400449275970459
1570,net,272,1,6.630063772201538
1571,net,273,1,6.613090753555298
1572,net,274,1,6.50890588760376
1573,net,275,-1,6.203535795211792
1574,net,276,1,6.239743947982788
1575,net,277,1,6.239755630493164
1576,net,278,1,6.26943564414978
1577,net,279,1,6.481916904449463
1578,net,280,-1,6.416463375091553
1579,net,281,-1,6.661010980606079
1580,net,282,1,6.6465983390808105
1581,net,283,1,6.320626497268677
1582,net,284,1,6.161349296569824
1583,net,285,1,5.501413583755493
1584,net,286,1,6.2376322746276855
1585,net,287,1,6.163326978683472
1586,net,288,1,6.651777505874634
1587,net,289,1,6.690972089767456
1588,net,290,1,6.68055534362793
1589,net,291,1,6.65432596206665
1590,net,292,-1,6.4796881675720215
1591,net,293,1,6.3044114112854
1592,net,294,1,6.27978515625
1593,net,295,1,6.39770770072937
1594,net,296,1,6.77179479598999
1595,net,297,-1,6.5359766483306885
1596,net,298,-1,6.39521336555481
1597,net,299,1,6.506385803222656
1598,net,300,1,6.458948373794556
1599,multi,1,1,6.828073740005493
1600,multi,2,1,6.134779453277588
1601,multi,3,1,6.067157506942749
1602,multi,4,-1,6.05414891242981
1603,multi,5,1,6.152746915817261
1604,multi,6,-1,6.155309438705444
1605,multi,7,1,5.862990140914917
1606,multi,8,1,5.9728147983551025
1607,multi,9,1,6.346514463424683
1608,multi,10,1,6.879437685012817
1609,multi,11,1,6.0996880531311035
1610,multi,12,1,6.566458702087402
1611,multi,13,1,6.616084337234497
1612,multi,14,1,6.4024107456207275
1613,multi,15,1,6.026507377624512
1614,multi,16,1,6.484693288803101
1615,multi,17,1,6.910674571990967
1616,multi,18,1,6.285143613815308
1617,multi,19,1,6.284513711929321
1618,multi,20,1,6.07929253578186
1619,multi,21,1,6.1247899532318115
1620,multi,22,1,6.743859529495239
1621,multi,23,1,6.4920830726623535
1622,multi,24,1,6.231288433074951
1623,multi,25,1,6.0271897315979
1624,multi,26,1,6.033590316772461
1625,multi,27,1,6.3344621658325195
1626,multi,28,1,6.256588459014893
1627,multi,29,-1,6.201171636581421
1628,multi,30,1,6.250227451324463
1629,multi,31,-1,6.1481850147247314
1630,multi,32,1,6.324758529663086
1631,multi,33,1,6.11052680015564
1632,multi,34,-1,5.882122039794922
1633,multi,35,1,6.149868965148926
1634,multi,36,1,5.744425535202026
1635,multi,37,1,6.2708048820495605
1636,multi,38,1,6.472862482070923
1637,multi,39,1,6.308985710144043
1638,multi,40,1,6.378172397613525
1639,multi,41,1,6.197206258773804
1640,multi,42,-1,5.984337568283081
1641,multi,43,1,6.035092353820801
1642,multi,44,1,6.09896183013916
1643,multi,45,1,6.234779119491577
1644,multi,46,1,6.34357762336731
1645,multi,47,1,6.197651624679565
1646,multi,48,1,6.608362674713135
1647,multi,49,1,6.16873025894165
1648,multi,50,1,6.497823476791382
1649,multi,51,1,6.500786542892456
1650,multi,52,1,5.480493783950806
1651,multi,53,1,5.487809419631958
1652,multi,54,1,6.392817258834839
1653,multi,55,1,6.263020992279053
1654,multi,56,-1,6.4071574211120605
1655,multi,57,1,6.586717128753662
1656,multi,58,-1,7.056281566619873
1657,multi,59,1,6.707809209823608
1658,multi,60,1,6.590509653091431
1659,multi,61,1,6.702750205993652
1660,multi,62,1,6.186566591262817
1661,multi,63,1,6.600911855697632
1662,multi,64,-1,6.299971342086792
1663,multi,65,1,6.3176398277282715
1664,multi,66,1,6.5294740200042725
1665,multi,67,1,6.1376848220825195
1666,multi,68,1,5.975121021270752
1667,multi,69,1,6.573241233825684
1668,multi,70,-1,6.5083277225494385
1669,multi,71,1,6.792203664779663
1670,multi,72,1,7.046529531478882
1671,multi,73,-1,6.749098539352417
1672,multi,74,1,6.330565690994263
1673,multi,75,1,6.893320322036743
1674,multi,76,1,6.712329626083374
1675,multi,77,1,6.734138488769531
1676,multi,78,-1,6.7230165004730225
1677,multi,79,1,6.582294225692749
1678,multi,80,1,6.634466171264648
1679,multi,81,1,6.325817584991455
1680,multi,82,1,6.87326192855835
1681,multi,83,1,6.463520765304565
1682,multi,84,1,6.8245689868927
1683,multi,85,1,6.703000545501709
1684,multi,86,1,6.528402090072632
1685,multi,87,1,6.552326679229736
1686,multi,88,1,6.362187147140503
1687,multi,89,1,6.2491114139556885
1688,multi,90,1,6.364926815032959
1689,multi,91,-1,5.807785749435425
1690,multi,92,1,6.589361667633057
1691,multi,93,1,5.982790470123291
1692,multi,94,1,6.884747505187988
1693,multi,95,1,6.664482116699219
1694,multi,96,1,6.960314035415649
1695,multi,97,1,6.267289161682129
1696,multi,98,1,6.29643440246582
1697,multi,99,1,6.931606769561768
1698,multi,100,1,6.53897762298584
1699,multi,101,-1,6.576282024383545
1700,multi,102,1,6.416937828063965
1701,multi,103,1,6.650761842727661
1702,multi,104,-1,6.115838527679443
1703,multi,105,1,6.816282272338867
1704,multi,106,1,6.677253007888794
1705,multi,107,1,6.504268646240234
1706,multi,108,1,7.0090296268463135
1707,multi,109,1,6.203813552856445
1708,multi,110,1,6.7737438678741455
1709,multi,111,1,6.870487451553345
1710,multi,112,1,6.438073635101318
1711,multi,113,-1,6.682261943817139
1712,multi,114,1,6.4616875648498535
1713,multi,115,-1,6.592912197113037
1714,multi,116,-1,6.1275506019592285
1715,multi,117,1,6.808443307876587
1716,multi,118,1,6.113956689834595
1717,multi,119,1,6.61387038230896
1718,multi,120,1,6.406653165817261
1719,multi,121,1,6.3441667556762695
1720,multi,122,1,6.820436000823975
1721,multi,123,-1,6.8848114013671875
1722,multi,124,1,6.0992608070373535
1723,multi,125,-1,6.680638313293457
1724,multi,126,1,6.3490355014801025
1725,multi,127,-1,6.518862247467041
1726,multi,128,1,6.037104606628418
1727,multi,129,1,6.553978204727173
1728,multi,130,1,6.3122711181640625
1729,multi,131,1,6.413911819458008
1730,multi,132,1,6.187339544296265
1731,multi,133,1,6.531387090682983
1732,multi,134,1,6.557939529418945
1733,multi,135,1,6.393661260604858
1734,multi,136,1,6.992487907409668
1735,multi,137,1,6.731461763381958
1736,multi,138,1,6.548166751861572
1737,multi,139,1,6.4676408767700195
1738,multi,140,1,6.753259181976318
1739,multi,141,-1,6.0874857902526855
1740,multi,142,1,6.174066066741943
1741,multi,143,-1,5.8948140144348145
1742,multi,144,-1,6.4298975467681885
1743,multi,145,1,6.196611642837524
1744,multi,146,-1,6.421660661697388
1745,multi,147,1,6.3089964389801025
1746,multi,148,-1,6.463780164718628
1747,multi,149,1,6.475295066833496
1748,multi,150,1,6.415729522705078
1749,multi,151,-1,6.140947341918945
1750,multi,152,1,6.130891799926758
1751,multi,153,1,6.516493320465088
1752,multi,154,1,6.2983081340789795
1753,multi,155,1,6.576452732086182
1754,multi,156,1,6.397484302520752
1755,multi,157,-1,6.42889142036438
1756,multi,158,-1,6.784789085388184
1757,multi,159,1,6.873737812042236
1758,multi,160,-1,6.527655601501465
1759,multi,161,1,6.282891511917114
1760,multi,162,1,6.541032075881958
1761,multi,163,-1,6.284152984619141
1762,multi,164,1,6.775605916976929
1763,multi,165,1,6.042720079421997
1764,multi,166,1,5.911131143569946
1765,multi,167,1,6.2931530475616455
1766,multi,168,1,6.370632171630859
1767,multi,169,1,6.447420358657837
1768,multi,170,1,6.415212154388428
1769,multi,171,-1,6.396769285202026
1770,multi,172,1,6.319182872772217
1771,multi,173,1,5.681633710861206
1772,multi,174,-1,6.0187413692474365
1773,multi,175,1,6.294353485107422
1774,multi,176,1,6.624907970428467
1775,multi,177,1,6.224811792373657
1776,multi,178,1,6.484683036804199
1777,multi,179,1,6.175754547119141
1778,multi,180,1,5.906840562820435
1779,multi,181,1,6.0432655811309814
1780,multi,182,1,6.114736318588257
1781,multi,183,1,6.198049783706665
1782,multi,184,1,6.291171550750732
1783,multi,185,1,6.053120851516724
1784,multi,186,1,6.421079874038696
1785,multi,187,1,6.567776203155518
1786,multi,188,1,6.387095212936401
1787,multi,189,1,6.191771507263184
1788,multi,190,1,6.325738430023193
1789,multi,191,1,6.218527317047119
1790,multi,192,1,6.385061740875244
1791,multi,193,1,6.25739598274231
1792,multi,194,1,6.665470838546753
1793,multi,195,1,6.4483802318573
1794,multi,196,1,6.409372568130493
1795,multi,197,1,6.615811586380005
1796,multi,198,-1,6.204886198043823
1797,multi,199,1,6.561787366867065
1798,multi,200,-1,6.023110628128052
1799,multi,201,1,6.552556276321411
1800,multi,202,1,6.510859727859497
1801,multi,203,-1,6.623867511749268
1802,multi,204,-1,6.622805833816528
1803,multi,205,1,6.64798903465271
1804,multi,206,1,6.227020978927612
1805,multi,207,-1,6.705390453338623
1806,multi,208,1,6.283483505249023
1807,multi,209,1,6.921439170837402
1808,multi,210,1,6.9767069816589355
1809,multi,211,1,6.497328996658325
1810,multi,212,1,6.345671653747559
1811,multi,213,1,6.116379261016846
1812,multi,214,1,6.556671380996704
1813,multi,215,1,6.372038125991821
1814,multi,216,1,6.3160998821258545
1815,multi,217,1,6.186206817626953
1816,multi,218,-1,6.1578967571258545
1817,multi,219,1,5.93375039100647
1818,multi,220,1,6.6290905475616455
1819,multi,221,1,6.583384990692139
1820,multi,222,1,6.476850986480713
1821,multi,223,1,6.640668869018555
1822,multi,224,1,6.484400272369385
1823,multi,225,1,6.259982109069824
1824,multi,226,1,6.337048768997192
1825,multi,227,1,6.202103614807129
1826,multi,228,1,6.421053171157837
1827,multi,229,1,6.462122917175293
1828,multi,230,1,6.294106721878052
1829,multi,231,1,6.631515026092529
1830,multi,232,-1,6.27006721496582
1831,multi,233,1,6.506215810775757
1832,multi,234,1,6.385693788528442
1833,multi,235,1,6.60099720954895
1834,multi,236,1,6.0377161502838135
1835,multi,237,1,6.14400839805603
1836,multi,238,1,6.474021673202515
1837,multi,239,1,6.424280881881714
1838,multi,240,1,6.079183101654053
1839,multi,241,-1,6.630590200424194
1840,multi,242,1,6.736693859100342
1841,multi,243,1,6.3291215896606445
1842,multi,244,1,6.483320236206055
1843,multi,245,1,6.790578365325928
1844,multi,246,1,6.494929552078247
1845,multi,247,1,6.239068984985352
1846,multi,248,1,6.300500869750977
1847,multi,249,1,6.9137420654296875
1848,multi,250,1,5.976754903793335
1849,multi,251,1,6.24115252494812
1850,multi,252,1,6.465118646621704
1851,multi,253,1,6.128107070922852
1852,multi,254,1,6.294673919677734
1853,multi,255,1,6.647075414657593
1854,multi,256,1,6.474695682525635
1855,multi,257,1,6.541255712509155
1856,multi,258,1,6.228143692016602
1857,multi,259,1,6.254050970077515
1858,multi,260,1,6.652894496917725
1859,multi,261,1,6.74367094039917
1860,multi,262,1,6.321559906005859
1861,multi,263,1,7.089290380477905
1862,multi,264,1,5.99011492729187
1863,multi,265,-1,5.892150640487671
1864,multi,266,1,5.920801639556885
1865,multi,267,1,6.48329758644104
1866,multi,268,1,6.417570114135742
1867,multi,269,-1,6.463688373565674
1868,multi,270,-1,6.187394618988037
1869,multi,271,1,6.614746332168579
1870,multi,272,1,6.685668468475342
1871,multi,273,1,6.252155542373657
1872,multi,274,-1,6.665873050689697
1873,multi,275,1,6.367640972137451
1874,multi,276,1,6.335039377212524
1875,multi,277,-1,6.787974119186401
1876,multi,278,1,6.292159557342529
1877,multi,279,1,6.305307388305664
1878,multi,280,1,6.822603702545166
1879,multi,281,1,6.373324155807495
1880,multi,282,1,6.195672512054443
1881,multi,283,1,6.526352643966675
1882,multi,284,1,6.402299642562866
1883,multi,285,1,6.5948967933654785
1884,multi,286,1,6.602306127548218
1885,multi,287,1,6.122184991836548
1886,multi,288,1,6.7382142543792725
1887,multi,289,-1,6.3028318881988525
1888,multi,290,1,6.625683069229126
1889,multi,291,1,6.803614616394043
1890,multi,292,1,6.867990016937256
1891,multi,293,1,6.414059638977051
1892,multi,294,1,6.341615438461304
1893,multi,295,1,6.036802053451538
1894,multi,296,1,6.5330750942230225
1895,multi,297,-1,6.1538987159729
1896,multi,298,1,6.080603122711182
1897,multi,299,1,6.571583032608032
1898,multi,300,-1,7.173072576522827
1899,d4s1,1,1,5.695077180862427
1900,d4s1,2,1,5.728250026702881
1901,d4s1,3,1,5.9442243576049805
1902,d4s1,4,-1,5.475658655166626
1903,d4s1,5,-1,5.570268154144287
1904,d4s1,6,-1,5.5341291427612305
1905,d4s1,7,-1,5.7020251750946045
1906,d4s1,8,-1,5.3333659172058105
1907,d4s1,9,-1,5.580135345458984
1908,d4s1,10,-1,5.907054901123047
1909,d4s1,11,-1,5.656054973602295
1910,d4s1,12,-1,5.962204933166504
1911,d4s1,13,-1,5.290605068206787
1912,d4s1,14,-1,5.412909269332886
1913,d4s1,15,1,5.321345567703247
1914,d4s1,16,1,5.52782130241394
1915,d4s1,17,-1,5.833492755889893
1916,d4s1,18,1,5.423204660415649
1917,d4s1,19,-1,5.524957895278931
1918,d4s1,20,1,5.801496982574463
1919,d4s1,21,1,5.351725101470947
1920,d4s1,22,1,5.704977989196777
1921,d4s1,23,-1,5.450161457061768
1922,d4s1,24,1,5.704151391983032
1923,d4s2a,1,-1,5.671612024307251
1924,d4s2a,2,-1,5.393799543380737
1925,d4s2a,3,-1,5.373548746109009
1926,d4s2a,4,-1,5.635713577270508
1927,d4s2a,5,1,5.53143310546875
1928,d4s2a,6,1,6.121926546096802
1929,d4s2a,7,-1,6.110641956329346
1930,d4s2a,8,-1,5.569507122039795
1931,d4s2a,9,1,5.819135904312134
1932,d4s2a,10,1,5.877130746841431
1933,d4s2a,11,1,5.980070114135742
1934,d4s2a,12,1,5.6777663230896
1935,d4s2a,13,1,5.417283535003662
1936,d4s2a,14,1,5.250127553939819
1937,d4s2a,15,-1,5.284745931625366
1938,d4s2a,16,-1,5.66414213180542
1939,d4s2a,17,1,5.391750335693359
1940,d4s2a,18,1,5.489317178726196
1941,d4s2a,19,1,6.111795663833618
1942,d4s2a,20,1,6.1162109375
1943,d4s2a,21,1,5.498159885406494
1944,d4s2a,22,1,6.140415668487549
1945,d4s2a,23,-1,5.370856761932373
1946,d4s2a,24,-1,5.795233726501465
1947,d4s2a,25,1,6.0716776847839355
1948,d4s2a,26,-1,5.940427303314209
1949,d4s2a,27,1,5.608894109725952
1950,d4s2a,28,1,5.375379323959351
1951,d4s2a,29,1,5.296011686325073
1952,d4s2a,30,1,5.622472524642944
1953,d4s2a,31,1,5.6071555614471436
1954,d4s2a,32,1,5.463791847229004
1955,d4s2a,33,1,5.533378839492798
1956,d4s2a,34,1,5.935753583908081
1957,d4s2a,35,-1,5.837325811386108
1958,d4s2a,36,-1,5.449472427368164
1959,d4s2a,37,1,5.576068162918091
1960,d4s2a,38,1,5.888919115066528
1961,d4s2a,39,-1,5.64652943611145
1962,d4s2a,40,-1,5.759443521499634
1963,d4s2a,41,1,6.083796501159668
1964,d4s2a,42,1,5.540705680847168
1965,d4s2a,43,1,6.019176006317139
1966,d4s2a,44,1,5.809197664260864
1967,d4s2a,45,1,5.7002034187316895
1968,d4s2a,46,1,5.537034749984741
1969,d4s2a,47,-1,5.814182281494141
1970,d4s2a,48,-1,5.515332937240601
1971,d4s2a,49,-1,5.339440822601318
1972,d4s2a,50,-1,5.524752855300903
1973,d4s2a,51,1,6.044018507003784
1974,d4s2a,52,-1,5.76776385307312
1975,d4s2a,53,1,5.511279106140137
1976,d4s2a,54,-1,6.421424627304077
1977,d4s2a,55,1,5.806124448776245
1978,d4s2a,56,-1,5.640847444534302
1979,d4s2a,57,1,6.274867057800293
1980,d4s2a,58,-1,6.0381996631622314
1981,d4s2a,59,1,5.719231128692627
1982,d4s2a,60,1,5.439826965332031
1983,d4s2a,61,1,5.699278116226196
1984,d4s2a,62,1,5.706203460693359
1985,d4s2a,63,1,5.783386945724487
1986,d4s2a,64,1,5.980821132659912
1987,d4s2a,65,-1,5.584977865219116
1988,d4s2a,66,-1,5.682646036148071
1989,d4s2a,67,-1,5.450395584106445
1990,d4s2a,68,-1,5.519701719284058
1991,d4s2a,69,1,5.710604429244995
1992,d4s2a,70,1,6.579862594604492
1993,d4s2a,71,1,5.103366851806641
1994,d4s2a,72,1,5.568611145019531
1995,d4s2a,73,1,5.386435508728027
1996,d4s2a,74,1,5.747289419174194
1997,d4s2a,75,1,5.331483602523804
1998,d4s2a,76,-1,5.674609899520874
1999,d4s2a,77,1,6.143805742263794
2000,d4s2a,78,1,6.258710861206055
2001,d4s2a,79,1,6.039015054702759
2002,d4s2a,80,1,5.455038070678711
2003,d4s2a,81,1,6.523796796798706
2004,d4s2a,82,1,5.5400710105896
2005,d4s2a,83,1,6.295781135559082
2006,d4s2a,84,1,5.718227386474609
2007,d4s2a,85,-1,5.4560887813568115
2008,d4s2a,86,-1,5.300124406814575
2009,d4s2a,87,-1,5.420178413391113
2010,d4s2a,88,-1,5.286495208740234
2011,d4s2a,89,-1,5.752539873123169
2012,d4s2a,90,-1,5.510166883468628
2013,d4s2a,91,-1,5.326832294464111
2014,d4s2a,92,-1,5.510474443435669
2015,d4s2a,93,1,5.365261554718018
2016,d4s2a,94,1,5.565682649612427
2017,d4s2a,95,-1,5.67561411857605
2018,d4s2a,96,-1,6.771095037460327
2019,d4s2a,97,-1,5.483631610870361
2020,d4s2a,98,-1,5.55450963973999
2021,d4s2a,99,-1,5.418766021728516
2022,d4s2a,100,1,5.510746479034424
2023,d4s2a,101,1,5.249825477600098
2024,d4s2a,102,1,5.176817417144775
2025,d4s2a,103,1,5.33492112159729
2026,d4s2a,104,1,5.486579418182373
2027,d4s2a,105,-1,5.749453783035278
2028,d4s2a,106,-1,5.584318399429321
2029,d4s2a,107,1,5.38641095161438
2030,d4s2a,108,1,5.494897365570068
2031,d4s2a,109,-1,5.570982217788696
2032,d4s2a,110,-1,5.367393970489502
2033,d4s2a,111,-1,5.683975696563721
2034,d4s2a,112,-1,5.747625827789307
2035,d4s2a,113,1,5.854323387145996
2036,d4s2a,114,-1,5.826156854629517
2037,d4s2a,115,1,5.709121227264404
2038,d4s2a,116,1,5.507587194442749
2039,d4s2a,117,1,5.435010671615601
2040,d4s2a,118,1,5.330395936965942
2041,d4s2a,119,1,5.5951056480407715
2042,d4s2a,120,1,5.462723731994629
2043,d4s2a,121,-1,5.588639736175537
2044,d4s2a,122,-1,5.767975568771362
2045,d4s2a,123,1,5.641276121139526
2046,d4s2a,124,-1,5.802119016647339
2047,d4s2a,125,1,5.888492822647095
2048,d4s2a,126,1,5.660233736038208
2049,d4s2a,127,-1,6.195892095565796
2050,d4s2a,128,1,5.712117910385132
2051,d4s2a,129,1,5.852992534637451
2052,d4s2a,130,1,5.678391933441162
2053,d4s2a,131,1,5.452401876449585
2054,d4s2a,132,1,5.54660701751709
2055,d4s2a,133,1,5.416623830795288
2056,d4s2a,134,1,5.61952543258667
2057,d4s2a,135,1,5.522266864776611
2058,d4s2a,136,1,5.497292995452881
2059,d4s2a,137,1,5.555999040603638
2060,d4s2a,138,1,5.488617420196533
2061,d4s2a,139,1,5.710240602493286
2062,d4s2a,140,1,5.337120771408081
2063,d4s2a,141,1,5.536946535110474
2064,d4s2a,142,1,5.611056566238403
2065,d4s2a,143,1,5.685697317123413
2066,d4s2a,144,1,5.849064111709595
2067,d4s2a,145,-1,5.569813966751099
2068,d4s2a,146,1,6.177927017211914
2069,d4s2a,147,1,5.47080397605896
2070,d4s2a,148,-1,5.549617290496826
2071,d4s2a,149,1,5.7586588859558105
2072,d4s2a,150,-1,5.686530828475952
2073,d4s2a,151,-1,5.785363435745239
2074,d4s2a,152,-1,5.567118406295776
2075,d4s2a,153,-1,5.9226484298706055
2076,d4s2a,154,-1,6.331256866455078
2077,d4s2a,155,1,5.4660868644714355
2078,d4s2a,156,1,5.7908713817596436
2079,d4s2a,157,1,6.033239364624023
2080,d4s2a,158,1,5.952694892883301
2081,d4s2a,159,1,5.457269668579102
2082,d4s2a,160,1,5.5600011348724365
2083,d4s2a,161,-1,5.71459174156189
2084,d4s2a,162,-1,5.882233619689941
2085,d4s2a,163,-1,5.956433296203613
2086,d4s2a,164,-1,5.782851219177246
2087,d4s2a,165,-1,5.757418394088745
2088,d4s2a,166,-1,5.611401081085205
2089,d4s2a,167,1,5.798260450363159
2090,d4s2a,168,1,5.859565019607544
2091,d4s2a,169,-1,6.331357479095459
2092,d4s2a,170,-1,5.822763681411743
2093,d4s2a,171,-1,6.3369975090026855
2094,d4s2a,172,1,5.500055551528931
2095,d4s2a,173,-1,5.764978647232056
2096,d4s2a,174,-1,5.857321262359619
2097,d4s2a,175,1,5.566737174987793
2098,d4s2a,176,-1,5.701277017593384
2099,d4s2a,177,-1,6.133417129516602
2100,d4s2a,178,-1,5.894719362258911
2101,d4s2a,179,-1,6.159147500991821
2102,d4s2a,180,-1,5.598843336105347
2103,d4s2a,181,1,5.698915481567383
2104,d4s2a,182,1,5.413285970687866
2105,d4s2a,183,-1,5.653635501861572
2106,d4s2a,184,-1,5.7653586864471436
2107,d4s2a,185,-1,6.224956274032593
2108,d4s2a,186,1,5.711416959762573
2109,d4s2a,187,-1,5.501029968261719
2110,d4s2a,188,-1,5.780015230178833
2111,d4s2a,189,-1,5.507241249084473
2112,d4s2a,190,-1,5.78380274772644
2113,d4s2a,191,-1,5.520192861557007
2114,d4s2a,192,-1,5.638238191604614
2115,d4s2a,193,-1,5.631068229675293
2116,d4s2a,194,-1,5.531907081604004
2117,d4s2a,195,1,5.573565721511841
2118,d4s2a,196,1,5.566908359527588
2119,d4s2a,197,1,5.681079864501953
2120,d4s2a,198,1,5.480942726135254
2121,d4s2a,199,1,5.457784175872803
2122,d4s2a,200,1,5.498715400695801
2123,d4s2a,201,-1,5.40099024772644
2124,d4s2a,202,1,5.823166847229004
2125,d4s2a,203,-1,5.514311790466309
2126,d4s2a,204,-1,6.042821407318115
2127,d4s2a,205,-1,5.361574411392212
2128,d4s2a,206,-1,6.302565097808838
2129,d4s2a,207,-1,5.474607944488525
2130,d4s2a,208,-1,5.466624975204468
2131,d4s2a,209,-1,5.575551509857178
2132,d4s2a,210,1,5.786137819290161
2133,d4s2a,211,-1,5.263093709945679
2134,d4s2a,212,-1,5.625301122665405
2135,d4s2a,213,1,5.733740329742432
2136,d4s2a,214,1,5.706742763519287
2137,d4s2a,215,1,5.4768900871276855
2138,d4s2a,216,1,5.589183330535889
2139,d4s2a,217,1,5.674907445907593
2140,d4s2a,218,1,5.492509841918945
2141,d4s2a,219,1,5.262990474700928
2142,d4s2a,220,1,5.730648756027222
2143,d4s2a,221,1,5.779581069946289
2144,d4s2a,222,1,5.635756731033325
2145,d4s2a,223,1,5.503528356552124
2146,d4s2a,224,1,6.5158140659332275
2147,d4s2a,225,-1,5.50381064414978
2148,d4s2a,226,-1,5.790792226791382
2149,d4s2a,227,1,5.738160610198975
2150,d4s2a,228,-1,5.636572360992432
2151,d4s2a,229,1,5.626932382583618
2152,d4s2a,230,1,5.730057001113892
2153,d4s2a,231,1,5.667711496353149
2154,d4s2a,232,1,6.254244089126587
2155,d4s2a,233,1,5.441616058349609
2156,d4s2a,234,1,5.952131986618042
2157,d4s2a,235,1,5.7847678661346436
2158,d4s2a,236,-1,6.049253940582275
2159,d4s2a,237,1,5.835747480392456
2160,d4s2a,238,1,6.0923192501068115
2161,d4s2a,239,-1,5.959658145904541
2162,d4s2a,240,-1,6.1906678676605225
2163,d4s2a,241,-1,5.706956386566162
2164,d4s2a,242,-1,5.633196115493774
2165,d4s2a,243,-1,5.843138217926025
2166,d4s2a,244,1,6.305854797363281
2167,d4s2a,245,-1,5.943356513977051
2168,d4s2a,246,1,5.8633527755737305
2169,d4s2a,247,-1,5.4182868003845215
2170,d4s2a,248,1,5.81708550453186
2171,d4s2a,249,-1,5.818174362182617
2172,d4s2a,250,-1,5.646326541900635
2173,d4s2a,251,1,5.701592206954956
2174,d4s2a,252,1,5.830345153808594
2175,d4s2a,253,-1,6.119348526000977
2176,d4s2a,254,-1,6.021145343780518
2177,d4s2a,255,1,5.5863566398620605
2178,d4s2a,256,-1,5.577453851699829
2179,d4s2a,257,-1,5.526880502700806
2180,d4s2a,258,-1,6.017439842224121
2181,d4s2a,259,-1,5.4002227783203125
2182,d4s2a,260,-1,5.721714019775391
2183,d4s2a,261,-1,5.825080633163452
2184,d4s2a,262,1,6.19884181022644
2185,d4s2a,263,-1,5.638473272323608
2186,d4s2a,264,-1,5.7345709800720215
2187,d4s2a,265,-1,5.574416875839233
2188,d4s2a,266,-1,5.750930070877075
2189,d4s2a,267,1,5.832839012145996
2190,d4s2a,268,1,5.919624090194702
2191,d4s2a,269,1,7.018379211425781
2192,d4s2a,270,1,5.390007495880127
2193,d4s2a,271,1,5.576960802078247
2194,d4s2a,272,-1,5.374874591827393
2195,d4s2a,273,1,5.838683366775513
2196,d4s2a,274,1,5.394960880279541
2197,d4s2a,275,1,5.756255388259888
2198,d4s2a,276,1,5.743418455123901
2199,d4s2a,277,1,5.75048303604126
2200,d4s2a,278,1,6.030999183654785
2201,d4s2a,279,1,5.889784097671509
2202,d4s2a,280,-1,5.484759092330933
2203,d4s2a,281,-1,5.64867377281189
2204,d4s2a,282,-1,5.3355393409729
2205,d4s2a,283,1,5.395437240600586
2206,d4s2a,284,1,5.485036849975586
2207,d4s2a,285,1,5.463736534118652
2208,d4s2a,286,1,5.3734307289123535
2209,d4s2a,287,1,5.909700870513916
2210,d4s2a,288,1,5.463343858718872
2211,d4s2a,289,1,5.312550067901611
2212,d4s2a,290,-1,6.182834148406982
2213,d4s2a,291,-1,5.690898656845093
2214,d4s2a,292,1,5.643150568008423
2215,d4s2a,293,1,5.543383598327637
2216,d4s2a,294,1,5.774662733078003
2217,d4s2a,295,-1,5.501568078994751
2218,d4s2a,296,1,5.837270736694336
2219,d4s2a,297,-1,5.586781740188599
2220,d4s2a,298,1,5.351149559020996
2221,d4s2a,299,1,5.486894607543945
2222,d4s2a,300,1,5.728724479675293
2223,d4s2a,301,1,5.544286489486694
2224,d4s2a,302,1,5.328721523284912
2225,d4s2a,303,1,5.34653639793396
2226,d4s2a,304,1,5.474198579788208
2227,d4s2a,305,-1,5.592944383621216
2228,d4s2a,306,-1,5.763919115066528
2229,d4s2a,307,-1,5.540941476821899
2230,d4s2a,308,-1,5.684794187545776
2231,d4s2a,309,1,5.588919162750244
2232,d4s2a,310,1,5.518146514892578
2233,d4s2a,311,-1,5.441331148147583
2234,d4s2a,312,1,5.376145362854004
2235,d4s2a,313,1,5.410112619400024
2236,d4s2a,314,1,5.530521869659424
2237,d4s2a,315,-1,5.378847360610962
2238,d4s2a,316,1,5.626713991165161
2239,d4s2a,317,1,5.755398750305176
2240,d4s2a,318,1,5.465196847915649
2241,d4s2a,319,-1,6.009012699127197
2242,d4s2a,320,-1,5.439569473266602
2243,d4s2a,321,1,5.464382886886597
2244,d4s2a,322,1,5.511675119400024
2245,d4s2a,323,1,5.674644231796265
2246,d4s2a,324,1,5.363100528717041
2247,d4s2a,325,1,5.802415370941162
2248,d4s2a,326,-1,5.886072874069214
2249,d4s2a,327,1,5.603008031845093
2250,d4s2a,328,1,5.326380491256714
2251,d4s2a,329,1,6.015017986297607
2252,d4s2a,330,1,5.613511323928833
2253,d4s2a,331,-1,5.257189512252808
2254,d4s2a,332,-1,5.74812126159668
2255,d4s2a,333,1,5.185064315795898
2256,d4s2a,334,1,5.512545108795166
2257,d4s2a,335,1,5.292505979537964
2258,d4s2a,336,1,5.6080241203308105
2259,d4s2a,337,-1,5.4406821727752686
2260,d4s2a,338,1,5.765026569366455
2261,d4s2a,339,-1,6.0709028244018555
2262,d4s2a,340,-1,5.392694711685181
2263,d4s2a,341,1,5.459105014801025
2264,d4s2a,342,1,5.795773506164551
2265,d4s2a,343,1,5.379130125045776
2266,d4s2a,344,1,6.164670944213867
2267,d4s2a,345,1,5.790521621704102
2268,d4s2a,346,1,5.5924131870269775
2269,d4s2a,347,1,5.67720890045166
2270,d4s2a,348,-1,5.388718128204346
2271,d4s2a,349,-1,5.638369798660278
2272,d4s2a,350,-1,5.39070463180542
2273,d4s2a,351,1,5.665578603744507
2274,d4s2a,352,1,5.50097131729126
2275,d4s2b,1,-1,5.430471897125244
2276,d4s2b,2,-1,5.3526482582092285
2277,d4s2b,3,-1,5.2844836711883545
2278,d4s2b,4,-1,5.32485032081604
2279,d4s2b,5,1,5.243169784545898
2280,d4s2b,6,1,5.127993583679199
2281,d4s2b,7,1,6.023007869720459
2282,d4s2b,8,1,5.567170143127441
2283,d4s2b,9,-1,5.839611768722534
2284,d4s2b,10,1,5.823462009429932
2285,d4s2b,11,-1,5.646779775619507
2286,d4s2b,12,-1,5.451749563217163
2287,d4s2b,13,1,5.535177707672119
2288,d4s2b,14,1,6.078397750854492
2289,d4s2b,15,-1,5.44115948677063
2290,d4s2b,16,-1,5.556295871734619
2291,d4s2b,17,-1,5.805571794509888
2292,d4s2b,18,-1,5.252636671066284
2293,d4s2b,19,-1,5.482534170150757
2294,d4s2b,20,-1,5.523642063140869
2295,d4s2b,21,1,5.414224147796631
2296,d4s2b,22,1,5.998469352722168
2297,d4s2b,23,1,5.3857808113098145
2298,d4s2b,24,-1,5.865028381347656
2299,d4s2b,25,-1,5.903318881988525
2300,d4s2b,26,-1,5.564625024795532
2301,d4s2b,27,-1,5.790958642959595
2302,d4s2b,28,1,5.652028799057007
2303,d4s2b,29,1,5.470987319946289
2304,d4s2b,30,1,5.38575291633606
2305,d4s2b,31,-1,5.433605194091797
2306,d4s2b,32,-1,5.536783695220947
2307,d4s2b,33,-1,6.079957485198975
2308,d4s2b,34,-1,5.627242565155029
2309,d4s2b,35,-1,5.869328498840332
2310,d4s2b,36,1,5.451268672943115
2311,d4s2b,37,-1,5.399129867553711
2312,d4s2b,38,-1,5.534141540527344
2313,d4s2b,39,-1,5.594483137130737
2314,d4s2b,40,-1,5.947659254074097
2315,d4s2b,41,-1,5.779215097427368
2316,d4s2b,42,-1,5.498290777206421
2317,d4s2b,43,-1,5.7079010009765625
2318,d4s2b,44,-1,5.640427112579346
2319,d4s2b,45,-1,6.668271064758301
2320,d4s2b,46,-1,5.399971961975098
2321,d4s2b,47,-1,5.591900110244751
2322,d4s2b,48,-1,5.591164588928223
2323,d4s2b,49,-1,5.5648512840271
2324,d4s2b,50,-1,5.598799467086792
2325,d4s2b,51,-1,5.810773134231567
2326,d4s2b,52,-1,6.56089186668396
2327,d4s2b,53,-1,5.339289665222168
2328,d4s2b,54,-1,5.2983410358428955
2329,d4s2b,55,-1,5.671398401260376
2330,d4s2b,56,-1,6.185083866119385
2331,d4s2b,57,1,5.480568885803223
2332,d4s2b,58,-1,5.812446594238281
2333,d4s2b,59,1,5.767139911651611
2334,d4s2b,60,1,5.491106271743774
2335,d4s2b,61,1,6.064558029174805
2336,d4s2b,62,-1,5.509916067123413
2337,d4s2b,63,-1,5.674724102020264
2338,d4s2b,64,-1,5.665974855422974
2339,d4s2b,65,1,5.529300689697266
2340,d4s2b,66,1,5.907102346420288
2341,d4s2b,67,-1,5.739782810211182
2342,d4s2b,68,-1,5.541238784790039
2343,d4s2b,69,-1,5.387666940689087
2344,d4s2b,70,-1,5.551187992095947
2345,d4s2b,71,-1,5.546937465667725
2346,d4s2b,72,-1,5.399338960647583
2347,d4s2b,73,1,5.660100698471069
2348,d4s2b,74,1,5.7784743309021
2349,d4s2b,75,-1,5.828238248825073
2350,d4s2b,76,-1,6.057321548461914
2351,d4s2b,77,-1,5.720032453536987
2352,d4s2b,78,-1,5.777306318283081
2353,d4s2b,79,-1,5.468653202056885
2354,d4s2b,80,-1,5.254405498504639
2355,d4s2b,81,-1,6.092851877212524
2356,d4s2b,82,-1,5.336785793304443
2357,d4s2b,83,-1,5.37408185005188
2358,d4s2b,84,-1,5.563365697860718
2359,d4s2b,85,-1,5.620472431182861
2360,d4s2b,86,1,5.695873975753784
2361,d4s2b,87,-1,6.3541765213012695
2362,d4s2b,88,-1,5.708175182342529
2363,d4s2b,89,-1,5.422813892364502
2364,d4s2b,90,-1,6.090920448303223
2365,d4s2b,91,-1,5.504953384399414
2366,d4s2b,92,-1,5.576785087585449
2367,d4s2b,93,-1,5.671534299850464
2368,d4s2b,94,-1,5.743142366409302
2369,d4s2b,95,-1,6.05462908744812
2370,d4s2b,96,-1,5.628288745880127
2371,d4s2b,97,1,6.1870341300964355
2372,d4s2b,98,1,5.342196702957153
2373,d4s2b,99,-1,5.766894102096558
2374,d4s2b,100,-1,5.543557405471802
2375,d4s2b,101,-1,6.096442222595215
2376,d4s2b,102,-1,5.399680852890015
2377,d4s2b,103,-1,5.351780891418457
2378,d4s2b,104,-1,5.7116453647613525
2379,d4s2b,105,-1,5.583184003829956
2380,d4s2b,106,-1,5.388041019439697
2381,d4s2b,107,1,5.64312219619751
2382,d4s2b,108,1,5.697848796844482
2383,d4s2b,109,-1,5.644988298416138
2384,d4s2b,110,-1,5.609623670578003
2385,d4s2b,111,1,6.004626512527466
2386,d4s2b,112,1,6.1103081703186035
2387,d4s2b,113,-1,5.811028242111206
2388,d4s2b,114,-1,5.590840578079224
2389,d4s2b,115,-1,6.029267072677612
2390,d4s2b,116,-1,5.457202196121216
2391,d4s2b,117,-1,5.5386645793914795
2392,d4s2b,118,-1,5.55907940864563
2393,d4s2b,119,-1,5.514306545257568
2394,d4s2b,120,-1,5.259098291397095
2395,d4s2b,121,1,5.5232462882995605
2396,d4s2b,122,1,5.611863374710083
2397,d4s2b,123,-1,5.373143434524536
2398,d4s2b,124,-1,5.741280794143677
2399,d4s2b,125,-1,6.100420713424683
2400,d4s2b,126,-1,5.997214078903198
2401,d4s2b,127,1,5.701363801956177
2402,d4s2b,128,1,5.7386627197265625
2403,d4s2b,129,1,5.735381603240967
2404,d4s2b,130,1,5.715444087982178
2405,d4s2b,131,1,5.774120092391968
2406,d4s2b,132,1,5.7202839851379395
2407,d4s2b,133,-1,5.568235874176025
2408,d4s2b,134,1,5.513808488845825
2409,d4s2b,135,-1,5.651478052139282
2410,d4s2b,136,-1,6.199461936950684
2411,d4s2b,137,1,6.318754434585571
2412,d4s2b,138,-1,5.958617925643921
2413,d4s2b,139,-1,6.088000535964966
2414,d4s2b,140,1,5.694756984710693
2415,d4s2b,141,-1,5.2524573802948
2416,d4s2b,142,1,5.43120265007019
2417,d4s2b,143,1,5.775252342224121
2418,d4s2b,144,1,5.809983015060425
2419,d4s2b,145,1,6.190365791320801
2420,d4s2b,146,1,5.407115459442139
2421,d4s2b,147,1,5.739673852920532
2422,d4s2b,148,1,5.507588148117065
2423,d4s2b,149,1,5.534948110580444
2424,d4s2b,150,1,5.59664249420166
2425,d4s2b,151,1,5.573001384735107
2426,d4s2b,152,1,5.930636405944824
2427,d4s2b,153,1,5.774823904037476
2428,d4s2b,154,-1,5.575383186340332
2429,d4s2b,155,1,5.322332859039307
2430,d4s2b,156,1,5.511861324310303
2431,d4s2b,157,1,5.6253814697265625
2432,d4s2b,158,-1,5.5581018924713135
2433,d4s2b,159,1,5.649564981460571
2434,d4s2b,160,1,5.607465744018555
2435,d4s2b,161,-1,5.682780742645264
2436,d4s2b,162,1,5.872067451477051
2437,d4s2b,163,-1,6.048774480819702
2438,d4s2b,164,1,5.653559684753418
2439,d4s2b,165,1,5.988512754440308
2440,d4s2b,166,1,6.146646022796631
2441,d4s2b,167,1,6.272601366043091
2442,d4s2b,168,1,5.65996789932251
2443,d4s2b,169,1,5.807835578918457
2444,d4s2b,170,1,5.552241563796997
2445,d4s2b,171,-1,5.496808290481567
2446,d4s2b,172,-1,5.483614206314087
2447,d4s2b,173,-1,5.716282844543457
2448,d4s2b,174,1,5.6749091148376465
2449,d4s2b,175,-1,5.440256595611572
2450,d4s2b,176,1,6.1967480182647705
2451,d4s2b,177,1,5.588684558868408
2452,d4s2b,178,1,5.675583124160767
2453,d4s2b,179,1,5.453847169876099
2454,d4s2b,180,-1,5.6597795486450195
2455,d4s2b,181,1,5.315778017044067
2456,d4s2b,182,1,5.422642230987549
2457,d4s2b,183,1,5.762706279754639
2458,d4s2b,184,-1,5.6794068813323975
2459,d4s2b,185,1,5.467726230621338
2460,d4s2b,186,1,5.563464403152466
2461,d4s2b,187,-1,5.432904005050659
2462,d4s2b,188,-1,6.461245059967041
2463,d4s2b,189,1,5.909483194351196
2464,d4s2b,190,1,6.079328775405884
2465,d4s2b,191,1,5.683621644973755
2466,d4s2b,192,1,5.534730672836304
2467,d4s2b,193,1,5.688787221908569
2468,d4s2b,194,-1,6.012912750244141
2469,d4s2b,195,1,5.549134254455566
2470,d4s2b,196,1,6.039258003234863
2471,d4s2b,197,-1,5.604661703109741
2472,d4s2b,198,-1,5.67128849029541
2473,d4s2b,199,-1,5.400492906570435
2474,d4s2b,200,1,5.609094142913818
2475,d4s2b,201,1,5.9291229248046875
2476,d4s2b,202,1,5.5252697467803955
2477,d4s2b,203,-1,5.663233757019043
2478,d4s2b,204,-1,5.540002107620239
2479,d4s2b,205,1,5.868190050125122
2480,d4s2b,206,1,5.450559377670288
2481,d4s2b,207,-1,5.040808916091919
2482,d4s2b,208,-1,6.2947258949279785
2483,d4s2b,209,-1,5.6703126430511475
2484,d4s2b,210,1,5.680189371109009
2485,d4s2b,211,1,5.2165045738220215
2486,d4s2b,212,1,5.940692186355591
2487,d4s2b,213,1,5.646681308746338
2488,d4s2b,214,1,5.48063063621521
2489,d4s2b,215,-1,5.729472398757935
2490,d4s2b,216,-1,5.971501350402832
2491,d4s2b,217,-1,5.837468147277832
2492,d4s2b,218,-1,6.37852668762207
2493,d4s2b,219,-1,5.986426591873169
2494,d4s2b,220,-1,5.716655731201172
2495,d4s2b,221,-1,6.612827301025391
2496,d4s2b,222,-1,5.796499013900757
2497,d4s2b,223,1,5.774151086807251
2498,d4s2b,224,-1,6.018831014633179
2499,d4s2b,225,-1,5.417666912078857
2500,d4s2b,226,-1,5.780269384384155
2501,d4s2b,227,-1,5.709908723831177
2502,d4s2b,228,-1,5.480609655380249
2503,d4s2b,229,1,5.537137031555176
2504,d4s2b,230,1,5.912399768829346
2505,d4s2b,231,1,7.125282526016235
2506,d4s2b,232,1,5.710657119750977
2507,d4s2b,233,-1,5.46323037147522
2508,d4s2b,234,-1,5.681934595108032
2509,d4s2b,235,1,5.893432378768921
2510,d4s2b,236,1,5.464374780654907
2511,d4s2b,237,-1,5.995135068893433
2512,d4s2b,238,-1,5.597107887268066
2513,d4s2b,239,-1,6.17033839225769
2514,d4s2b,240,1,5.821349859237671
2515,d4s2b,241,-1,5.783147811889648
2516,d4s2b,242,1,5.785972595214844
2517,d4s2b,243,1,5.762822151184082
2518,d4s2b,244,1,6.43669581413269
2519,d4s2b,245,-1,5.579087972640991
2520,d4s2b,246,-1,5.493343114852905
2521,d4s2b,247,-1,5.4777398109436035
2522,d4s2b,248,-1,5.879959344863892
2523,d4s2b,249,1,5.370838165283203
2524,d4s2b,250,1,5.608025789260864
2525,d4s2b,251,-1,5.5480992794036865
2526,d4s2b,252,-1,5.3954668045043945
2527,d4s2b,253,-1,5.614166021347046
2528,d4s2b,254,-1,5.421385049819946
2529,d4s2b,255,-1,6.6989052295684814
2530,d4s2b,256,-1,5.788303375244141
2531,d4s2b,257,1,6.345836400985718
2532,d4s2b,258,1,6.071533441543579
2533,d4s2b,259,1,5.845326662063599
2534,d4s2b,260,1,6.3644843101501465
2535,d4s2b,261,1,6.309852361679077
2536,d4s2b,262,1,6.327038764953613
2537,d4s2b,263,1,5.720852613449097
2538,d4s2b,264,1,5.55692982673645
2539,d4s2b,265,1,6.521489858627319
2540,d4s2b,266,1,5.747786521911621
2541,d4s2b,267,-1,5.774878263473511
2542,d4s2b,268,1,6.457337856292725
2543,d4s2b,269,-1,5.739450454711914
2544,d4s2b,270,1,5.910922527313232
2545,d4s2b,271,-1,5.797303915023804
2546,d4s2b,272,-1,5.73302698135376
2547,d4s2b,273,1,5.895111560821533
2548,d4s2b,274,1,5.9255640506744385
2549,d4s2b,275,1,5.689096927642822
2550,d4s2b,276,1,5.562894582748413
2551,d4s2b,277,1,5.783964157104492
2552,d4s2b,278,1,6.197676181793213
2553,d4s2b,279,-1,5.633443593978882
2554,d4s2b,280,1,5.726091384887695
2555,d4s2b,281,1,6.115314722061157
2556,d4s2b,282,1,6.086166620254517
2557,d4s2b,283,-1,6.3966224193573
2558,d4s2b,284,1,6.6743998527526855
2559,d4s2b,285,-1,6.4582483768463135
2560,d4s2b,286,-1,5.540072679519653
2561,d4s2b,287,-1,6.666707515716553
2562,d4s2b,288,-1,6.36217188835144
2563,d4s2b,289,1,6.051171779632568
2564,d4s2b,290,1,5.790914535522461
2565,d4s2b,291,1,5.978402376174927
2566,d4s2b,292,1,6.243563175201416
2567,d4s2b,293,-1,5.9763360023498535
2568,d4s2b,294,-1,6.701570272445679
2569,d4s2b,295,1,5.948867559432983
2570,d4s2b,296,-1,6.556235313415527
2571,d4s2b,297,1,6.507628679275513
2572,d4s2b,298,-1,6.529750823974609
2573,d4s2b,299,1,5.769162178039551
2574,d4s2b,300,1,5.642447233200073
2575,d4s2b,301,-1,5.583332300186157
2576,d4s2b,302,-1,5.435666799545288
2577,d4s2b,303,1,5.815203666687012
2578,d4s2b,304,1,5.710368394851685
2579,d4s2b,305,1,6.8600263595581055
2580,d4s2b,306,1,6.8026793003082275
2581,d4s2b,307,-1,6.903676271438599
2582,d4s2b,308,-1,6.753686189651489
2583,d4s2b,309,1,6.699167490005493
2584,d4s2b,310,1,6.12554144859314
2585,d4s2b,311,1,5.421813011169434
2586,d4s2b,312,1,5.756694316864014
2587,d4s2b,313,-1,5.6033384799957275
2588,d4s2b,314,-1,5.682735919952393
2589,d4s2b,315,-1,6.160778760910034
2590,d4s2b,316,-1,5.9433557987213135
2591,d4s2b,317,1,5.629859924316406
2592,d4s2b,318,1,7.158533573150635
2593,d4s2b,319,1,5.378485202789307
2594,d4s2b,320,1,7.045929431915283
2595,d4s2b,321,-1,6.763472318649292
2596,d4s2b,322,1,5.989611387252808
2597,d4s2b,323,1,6.542789459228516
2598,d4s2b,324,1,5.571409702301025
2599,d4s2b,325,-1,5.603775501251221
2600,d4s2b,326,-1,6.4421546459198
2601,d4s2b,327,1,6.358802556991577
2602,d4s2b,328,1,7.31810450553894
2603,d4s2b,329,1,6.548877477645874
2604,d4s2b,330,1,6.4161741733551025
2605,d4s2b,331,-1,5.963279485702515
2606,d4s2b,332,-1,6.7102696895599365
2607,d4s2b,333,-1,6.867542266845703
2608,d4s2b,334,-1,6.37326192855835
2609,d4s2b,335,-1,6.319719552993774
2610,d4s2b,336,1,6.26241397857666
2611,d4s2b,337,1,5.5615622997283936
2612,d4s2b,338,-1,5.879335880279541
2613,d4s2b,339,-1,5.906863689422607
2614,d4s2b,340,-1,6.0336878299713135
2615,d4s2b,341,1,6.296002626419067
2616,d4s2b,342,1,6.5250465869903564
2617,d4s2b,343,1,5.734036684036255
2618,d4s2b,344,1,6.120845556259155
2619,d4s2b,345,1,6.479469060897827
2620,d4s2b,346,1,6.218055486679077
2621,d4s2b,347,1,5.828606128692627
2622,d4s2b,348,1,5.791902542114258
2623,d4s2b,349,1,5.451382398605347
2624,d4s2b,350,1,5.6011152267456055
2625,d4s2b,351,1,5.573924541473389
2626,d4s2b,352,1,5.79010534286499
2627,d4s2b,353,-1,6.828831434249878
2628,d4s2b,354,1,5.6334733963012695
2629,d4s2b,355,1,5.804844617843628
2630,d4s2b,356,1,6.383421182632446
2631,d4s2b,357,1,7.137773752212524
2632,d4s2b,358,-1,5.931141138076782
2633,d4s2b,359,-1,5.414347171783447
2634,d4s2b,360,1,6.018266439437866
2635,d4s2b,361,-1,6.1319661140441895
2636,d4s2b,362,-1,6.215860605239868
2637,d4s2b,363,-1,6.320712327957153
2638,d4s2b,364,1,6.233834266662598
2639,d4s2b,365,-1,5.791574954986572
2640,d4s2b,366,-1,5.8913352489471436
2641,d4s2b,367,1,5.407260179519653
2642,d4s2b,368,1,5.528366327285767
2643,d4s2b,369,1,6.045565605163574
2644,d4s2b,370,1,6.56438946723938
2645,d4s2b,371,-1,6.156489849090576
2646,d4s2b,372,-1,5.672964334487915
2647,d4s2b,373,1,6.341973543167114
2648,d4s2b,374,-1,7.045236349105835
2649,d4s2b,375,-1,6.166969060897827
2650,d4s2b,376,1,6.562435150146484
2651,d4s2b,377,1,6.487775564193726
2652,d4s2b,378,-1,5.7094502449035645
2653,d4s2b,379,1,6.632051467895508
2654,d4s2b,380,1,6.958139896392822
2655,d4s2b,381,1,6.549600124359131
2656,d4s2b,382,1,6.471912384033203
2657,d4s2b,383,-1,5.849289417266846
2658,d4s2b,384,1,5.703462839126587
2659,d4s2b,385,1,5.770674705505371
2660,d4s2b,386,-1,5.961958646774292
2661,d4s2b,387,1,6.339029550552368
2662,d4s2b,388,1,5.639127254486084
2663,d4s2b,389,1,7.5496826171875
2664,d4s2b,390,1,6.190426826477051
2665,d4s2b,391,-1,6.6844189167022705
2666,d4s2b,392,-1,5.619858026504517
2667,d4s2b,393,-1,5.6594178676605225
2668,d4s2b,394,1,6.238762140274048
2669,d4s2b,395,1,5.958812952041626
2670,d4s2b,396,-1,6.027848243713379
2671,d4s2b,397,1,6.88250207901001
2672,d4s2b,398,1,5.703179836273193
2673,d4s2b,399,1,5.881591558456421
2674,d4s2b,400,1,6.9875853061676025
2675,d4s2b,401,-1,6.674504041671753
2676,d4s2b,402,-1,5.727824687957764
2677,d4s2b,403,1,7.099213361740112
2678,d4s2b,404,1,6.697141170501709
2679,d4s2b,405,1,6.232124328613281
2680,d4s2b,406,1,6.119229793548584
2681,d4s2b,407,1,6.20762300491333
2682,d4s2b,408,1,5.817619800567627
2683,d4s2b,409,-1,6.7201783657073975
2684,d4s2b,410,-1,5.860312223434448
2685,d4s2b,411,1,6.036014080047607
2686,d4s2b,412,1,6.502517223358154
2687,d4s2b,413,1,5.6235127449035645
2688,d4s2b,414,1,6.190374135971069
2689,d4s2b,415,1,5.619903802871704
2690,d4s2b,416,-1,6.00941801071167
2691,d4s2b,417,1,6.886796712875366
2692,d4s2b,418,1,5.743283033370972
2693,d4s2b,419,1,5.6548144817352295
2694,d4s2b,420,1,6.844987154006958
2695,d4s2b,421,1,5.7946693897247314
2696,d4s2b,422,1,5.766598224639893
2697,d4s2b,423,-1,6.752389430999756
2698,d4s2b,424,-1,6.96890664100647
2699,d4s2b,425,1,6.5045671463012695
2700,d4s2b,426,1,5.366397857666016
2701,d4s2b,427,1,6.876356363296509
2702,d4s2b,428,-1,6.154599189758301
2703,d4s2b,429,-1,5.641586542129517
2704,d4s2b,430,1,6.701977968215942
2705,d4s2b,431,1,6.240925073623657
2706,d4s2b,432,1,6.220168352127075
2707,d4s2b,433,1,6.507869482040405
2708,d4s2b,434,1,5.51283597946167
2709,d4s2b,435,1,5.954857110977173
2710,d4s2b,436,1,5.907665252685547
2711,d4s2b,437,1,6.242533445358276
2712,d4s2b,438,1,5.983518838882446
2713,d4s2b,439,-1,6.4432244300842285
2714,d4s2b,440,-1,6.150601863861084
2715,d4s2b,441,-1,6.44468092918396
2716,d4s2b,442,1,6.6087682247161865
2717,d4s2b,443,1,7.273916959762573
2718,d4s2b,444,1,5.989968776702881
2719,d4s2b,445,-1,5.80135440826416
2720,d4s2b,446,1,6.48928427696228
2721,d4s2b,447,-1,5.885431289672852
2722,d4s2b,448,-1,6.10322642326355
2723,d4s2b,449,-1,6.682465553283691
2724,d4s2b,450,-1,5.697688817977905
2725,d4s2b,451,1,6.37850022315979
2726,d4s2b,452,-1,6.741936206817627
2727,d4s2b,453,1,6.776150226593018
2728,d4s2b,454,1,5.884778261184692
2729,d4s2b,455,1,5.541970252990723
2730,d4s2b,456,1,6.083596467971802
2731,d4s2b,457,1,6.543856143951416
2732,d4s2b,458,-1,6.662440776824951
2733,d4s2b,459,-1,5.7265918254852295
2734,d4s2b,460,-1,5.899096250534058
2735,d4s2b,461,-1,6.4425458908081055
2736,d4s2b,462,-1,6.316429615020752
2737,d4s2b,463,1,6.431739330291748
2738,d4s2b,464,1,5.955420970916748
2739,d4s2b,465,1,6.28745698928833
2740,d4s2b,466,1,5.834913969039917
2741,d4s2b,467,1,5.544834136962891
2742,d4s2b,468,1,6.051290512084961
2743,d4s2b,469,1,5.88071084022522
2744,d4s2b,470,1,6.851400852203369
2745,d4s2b,471,1,6.505609035491943
2746,d4s2b,472,-1,6.387835264205933
2747,d4s2b,473,1,7.861497402191162
2748,d4s2b,474,1,5.8198347091674805
2749,d4s2b,475,1,6.136288404464722
2750,d4s2b,476,1,5.512026786804199
2751,d4s2b,477,-1,6.078361511230469
2752,d4s2b,478,1,5.855397939682007
2753,d4s2b,479,-1,6.5514442920684814
2754,d4s2b,480,-1,6.724208116531372
2755,d4s2b,481,1,6.811497926712036
2756,d4s2b,482,1,6.227604627609253
2757,d4s2b,483,-1,6.707889795303345
2758,d4s2b,484,-1,6.255212068557739
2759,d4s2b,485,-1,6.528027772903442
2760,d4s2b,486,-1,5.850966453552246
2761,d4s2b,487,1,6.381611585617065
2762,d4s2b,488,1,6.807674169540405
2763,d4s2b,489,1,5.5131001472473145
2764,d4s2b,490,1,6.525057315826416
2765,d4s2b,491,1,5.768935680389404
2766,d4s2b,492,1,6.538598299026489
2767,d4s2b,493,1,6.246637582778931
2768,d4s2b,494,1,6.189481973648071
2769,d4s2b,495,1,5.754623174667358
2770,d4s2b,496,1,6.265738010406494
2771,d4s2b,497,1,6.300697088241577
2772,d4s2b,498,1,6.6775007247924805
2773,d4s2c,1,1,5.84357762336731
2774,d4s2c,2,1,5.953624486923218
2775,d4s2c,3,1,6.47583532333374
2776,d4s2c,4,1,5.704375267028809
2777,d4s2c,5,1,6.5663769245147705
2778,d4s2c,6,1,5.659987688064575
2779,d4s2c,7,1,5.4979259967803955
2780,d4s2c,8,1,5.8195648193359375
2781,d4s2c,9,-1,5.940829753875732
2782,d4s2c,10,-1,5.523464918136597
2783,d4s2c,11,-1,5.67221736907959
2784,d4s2c,12,-1,6.201906442642212
2785,d4s2c,13,1,5.762844085693359
2786,d4s2c,14,-1,5.662757873535156
2787,d4s2c,15,-1,5.936698913574219
2788,d4s2c,16,-1,5.5844807624816895
2789,d4s2c,17,1,5.61911416053772
2790,d4s2c,18,1,6.36174464225769
2791,d4s2c,19,-1,6.22687029838562
2792,d4s2c,20,-1,5.671465158462524
2793,d4s2c,21,-1,5.840358018875122
2794,d4s2c,22,1,5.712905406951904
2795,d4s2c,23,-1,5.7948009967803955
2796,d4s2c,24,-1,5.526347637176514
2797,d4s2c,25,1,5.5475757122039795
2798,d4s2c,26,1,6.184528112411499
2799,d4s2c,27,-1,6.081254720687866
2800,d4s2c,28,-1,5.7043983936309814
2801,d4s2c,29,-1,5.542629718780518
2802,d4s2c,30,-1,5.943879127502441
2803,d4s2c,31,1,6.155090093612671
2804,d4s2c,32,1,6.1572651863098145
2805,d4s2c,33,1,5.574120998382568
2806,d4s2c,34,1,5.963916063308716
2807,d4s2c,35,1,5.771722078323364
2808,d4s2c,36,-1,6.093334913253784
2809,d4s2c,37,-1,5.976102352142334
2810,d4s2c,38,-1,5.539761066436768
2811,d4s2c,39,1,6.808326244354248
2812,d4s2c,40,-1,5.724852085113525
2813,d4s2c,41,1,5.736084938049316
2814,d4s2c,42,1,5.989849090576172
2815,d4s2c,43,-1,6.859107494354248
2816,d4s2c,44,-1,7.218156576156616
2817,d4s2c,45,-1,5.63543438911438
2818,d4s2c,46,-1,7.085206031799316
2819,d4s2c,47,-1,5.521021127700806
2820,d4s2c,48,1,6.771313905715942
2821,d4s2c,49,1,5.83743143081665
2822,d4s2c,50,1,5.690391302108765
2823,d4s2c,51,-1,6.04100489616394
2824,d4s2c,52,1,6.694091558456421
2825,d4s2c,53,-1,6.157632827758789
2826,d4s2c,54,-1,6.336586236953735
2827,d4s2c,55,1,6.653790712356567
2828,d4s2c,56,1,5.423288345336914
2829,d4s2c,57,-1,5.372391939163208
2830,d4s2c,58,-1,6.131177663803101
2831,d4s2c,59,-1,6.365334987640381
2832,d4s2c,60,-1,6.594777584075928
2833,d4s2c,61,-1,6.023658752441406
2834,d4s2c,62,-1,5.826314210891724
2835,d4s2c,63,1,7.4988017082214355
2836,d4s2c,64,-1,7.172518491744995
2837,d4s2c,65,-1,7.274654150009155
2838,d4s2c,66,-1,5.9145379066467285
2839,d4s2c,67,1,5.870452642440796
2840,d4s2c,68,1,5.91841721534729
2841,d4s2c,69,-1,5.912107706069946
2842,d4s2c,70,-1,6.392808437347412
2843,d4s2c,71,-1,5.957581520080566
2844,d4s2c,72,-1,5.997933864593506
2845,d4s2c,73,1,6.273037433624268
2846,d4s2c,74,-1,7.235311508178711
2847,d4s2c,75,1,5.841719150543213
2848,d4s2c,76,-1,5.8876402378082275
2849,d4s2c,77,1,6.050860643386841
2850,d4s2c,78,1,5.787877798080444
2851,d4s2c,79,1,5.915285348892212
2852,d4s2c,80,1,7.2331626415252686
2853,d4s2c,81,-1,7.636046886444092
2854,d4s2c,82,1,5.9753382205963135
2855,d4s2c,83,-1,6.4409425258636475
2856,d4s2c,84,1,5.858018398284912
2857,d4s2c,85,-1,6.417263746261597
2858,d4s2c,86,1,6.109447240829468
2859,d4s2c,87,-1,5.919741153717041
2860,d4s2c,88,1,5.8714165687561035
2861,d4s2c,89,1,6.14487361907959
2862,d4s2c,90,1,6.313971519470215
2863,d4s2c,91,1,6.9644129276275635
2864,d4s2c,92,-1,5.564042568206787
2865,d4s2c,93,1,6.732716798782349
2866,d4s2c,94,-1,7.3636064529418945
2867,d4s2c,95,-1,6.305788278579712
2868,d4s2c,96,-1,6.3904876708984375
2869,d4s2c,97,-1,5.75651741027832
2870,d4s2c,98,1,5.644580602645874
2871,d4s2c,99,-1,5.801187038421631
2872,d4s2c,100,-1,5.729813575744629
2873,d4s2c,101,1,6.585599184036255
2874,d4s2c,102,1,5.698145389556885
2875,d4s2c,103,1,6.097055435180664
2876,d4s2c,104,1,5.886120080947876
2877,d4s2c,105,-1,6.556197166442871
2878,d4s2c,106,-1,5.350496053695679
2879,d4s2c,107,1,6.596930742263794
2880,d4s2c,108,1,6.075683116912842
2881,d4s2c,109,1,6.8405539989471436
2882,d4s2c,110,1,6.277029752731323
2883,d4s2c,111,-1,6.330950736999512
2884,d4s2c,112,-1,6.9210004806518555
2885,d4s2c,113,-1,6.078137636184692
2886,d4s2c,114,-1,6.238008737564087
2887,d4s2c,115,1,7.074642658233643
2888,d4s2c,116,1,6.627209186553955
2889,d4s2c,117,1,6.378155469894409
2890,d4s2c,118,1,6.730361461639404
2891,d4s2c,119,1,6.9411163330078125
2892,d4s2c,120,1,6.997513294219971
2893,d4s2c,121,1,5.696130990982056
2894,d4s2c,122,1,5.67487645149231
2895,d4s2c,123,-1,5.912104606628418
2896,d4s2c,124,-1,6.816675424575806
2897,d4s2c,125,-1,6.197252511978149
2898,d4s2c,126,1,6.735952854156494
2899,d4s2c,127,1,7.164014577865601
2900,d4s2c,128,1,6.6563401222229
2901,d4s2c,129,1,6.666953802108765
2902,d4s2c,130,1,6.09882926940918
2903,d4s2c,131,-1,6.674578905105591
2904,d4s2c,132,-1,5.740362644195557
2905,d4s2c,133,1,6.298004150390625
2906,d4s2c,134,1,5.836416959762573
2907,d4s2c,135,1,5.843893766403198
2908,d4s2c,136,1,6.7011494636535645
2909,d4s2c,137,1,6.472050905227661
2910,d4s2c,138,1,5.803656816482544
2911,d4s2c,139,1,5.834999322891235
2912,d4s2c,140,-1,6.693100929260254
2913,d4s2c,141,1,7.039641857147217
2914,d4s2c,142,1,6.518157243728638
2915,d4s2c,143,-1,6.304683208465576
2916,d4s2c,144,-1,5.679953336715698
2917,d4s2c,145,1,7.116949558258057
2918,d4s2c,146,1,7.010965585708618
2919,d4s2c,147,-1,5.580713987350464
2920,d4s2c,148,-1,7.019503116607666
2921,d4s2c,149,-1,6.111186265945435
2922,d4s2c,150,-1,7.008108139038086
2923,d4s2c,151,1,6.591464281082153
2924,d4s2c,152,1,5.8457419872283936
2925,d4s2c,153,-1,5.538504123687744
2926,d4s2c,154,-1,6.567314147949219
2927,d4s2c,155,-1,6.474968910217285
2928,d4s2c,156,-1,7.249032020568848
2929,d4s2c,157,-1,6.163080930709839
2930,d4s2c,158,-1,7.065023422241211
2931,d4s2c,159,1,6.608078241348267
2932,d4s2c,160,-1,6.000312089920044
2933,d4s2c,161,-1,7.108444690704346
2934,d4s2c,162,-1,5.738414525985718
2935,d4s2c,163,-1,5.952577352523804
2936,d4s2c,164,1,6.780263900756836
2937,d4s2c,165,1,7.880554914474487
2938,d4s2c,166,1,5.072767019271851
2939,d4s2c,167,1,6.57783579826355
2940,d4s2c,168,1,6.019260406494141
2941,d4s2c,169,-1,6.924018144607544
2942,d4s2c,170,1,7.80472731590271
2943,d4s2c,171,-1,5.571897745132446
2944,d4s2c,172,-1,7.378740549087524
2945,d4s2c,173,-1,7.2715325355529785
2946,d4s2c,174,-1,6.0374298095703125
2947,d4s2c,175,1,6.261776447296143
2948,d4s2c,176,-1,6.748399972915649
2949,d4s2c,177,-1,7.067547798156738
2950,d4s2c,178,-1,6.504117727279663
2951,d4s2c,179,-1,6.295845031738281
2952,d4s2c,180,-1,5.97981595993042
2953,d4s2c,181,-1,5.6296679973602295
2954,d4s2c,182,-1,5.937641859054565
2955,d4s2c,183,-1,6.148320436477661
2956,d4s2c,184,-1,6.551605224609375
2957,d4s2c,185,-1,6.405495882034302
2958,d4s2c,186,-1,5.750180959701538
2959,d4s2c,187,-1,6.281933069229126
2960,d4s2c,188,-1,5.996714353561401
2961,d4s2c,189,1,5.728466272354126
2962,d4s2c,190,1,5.686268091201782
2963,d4s2c,191,-1,5.910951137542725
2964,d4s2c,192,-1,6.419175863265991
2965,d4s2c,193,-1,6.24470067024231
2966,d4s2c,194,1,5.826777935028076
2967,d4s2c,195,-1,5.886806011199951
2968,d4s2c,196,-1,6.251988410949707
2969,d4s2c,197,-1,5.682361841201782
2970,d4s2c,198,-1,6.183698654174805
2971,d4s2c,199,1,6.022984743118286
2972,d4s2c,200,1,5.718533754348755
2973,d4s2c,201,-1,5.898300886154175
2974,d4s2c,202,-1,5.928724050521851
2975,d4s2c,203,1,5.541219711303711
2976,d4s2c,204,1,6.109766244888306
2977,d4s2c,205,-1,6.254680871963501
2978,d4s2c,206,-1,6.023523569107056
2979,d4s2c,207,-1,6.0615057945251465
2980,d4s2c,208,1,5.92022180557251
2981,d4s2c,209,1,5.93209981918335
2982,d4s2c,210,-1,5.723890781402588
2983,d4s2c,211,1,5.952124118804932
2984,d4s2c,212,1,6.232923746109009
2985,d4s2c,213,-1,5.889570951461792
2986,d4s2c,214,1,6.0938708782196045
2987,d4s2c,215,-1,5.702491998672485
2988,d4s2c,216,-1,5.619153261184692
2989,d4s2c,217,-1,6.049116849899292
2990,d4s2c,218,-1,5.825774908065796
2991,d4s2c,219,1,6.235601186752319
2992,d4s2c,220,-1,5.634938955307007
2993,d4s2c,221,1,6.432113409042358
2994,d4s2c,222,1,5.891098976135254
2995,d4s2c,223,1,5.625951528549194
2996,d4s2c,224,1,5.631648540496826
2997,d4s2c,225,-1,5.787378549575806
2998,d4s2c,226,-1,5.9598987102508545
2999,d4s2c,227,1,5.685863494873047
3000,d4s2c,228,-1,6.104162216186523
3001,d4s2c,229,-1,5.698711633682251
3002,d4s2c,230,1,6.46099066734314
3003,d4s2c,231,1,5.962830543518066
3004,d4s2c,232,-1,6.503289461135864
3005,d4s2c,233,-1,5.951931953430176
3006,d4s2c,234,-1,5.402070760726929
3007,d4s2c,235,1,6.235604286193848
3008,d4s2c,236,1,6.729565858840942
3009,d4s2c,237,-1,6.061954736709595
3010,d4s2c,238,-1,6.0258400440216064
3011,d4s2c,239,1,5.968985080718994
3012,d4s2c,240,1,6.2723228931427
3013,d4s2c,241,1,6.256429433822632
3014,d4s2c,242,1,5.711736679077148
3015,d4s2c,243,1,5.797898054122925
3016,d4s2c,244,1,6.257425308227539
3017,d4s2c,245,1,5.57477068901062
3018,d4s2c,246,1,6.067150592803955
3019,d4s2c,247,-1,6.005098104476929
3020,d4s2c,248,-1,6.29571008682251
3021,d4s2c,249,1,5.993844509124756
3022,d4s2c,250,1,5.7158362865448
3023,d4s2c,251,1,5.533940553665161
3024,d4s2c,252,1,5.775549411773682
3025,d4s2c,253,1,5.750121355056763
3026,d4s2c,254,1,5.937756776809692
3027,d4s2c,255,-1,5.930405139923096
3028,d4s2c,256,-1,6.085297346115112
3029,d4s2c,257,-1,6.230680227279663
3030,d4s2c,258,1,6.673068046569824
3031,d4s2c,259,-1,5.974145412445068
3032,d4s2c,260,1,5.438353061676025
3033,d4s2c,261,-1,5.906378746032715
3034,d4s2c,262,-1,6.805778741836548
3035,d4s2c,263,1,5.594862937927246
3036,d4s2c,264,1,5.893420934677124
3037,d4s2c,265,1,6.3787841796875
3038,d4s2c,266,1,5.541446685791016
3039,d4s2c,267,1,5.881624221801758
3040,d4s2c,268,1,6.104257822036743
3041,d4s2c,269,1,6.173056602478027
3042,d4s2c,270,1,6.281178951263428
3043,d4s2c,271,-1,6.34004020690918
3044,d4s2c,272,-1,5.828005075454712
3045,d4s2c,273,1,6.278419017791748
3046,d4s2c,274,1,5.9296555519104
3047,d4s2c,275,1,6.353002309799194
3048,d4s2c,276,1,6.278977394104004
3049,d4s2c,277,-1,5.723131418228149
3050,d4s2c,278,-1,5.727784156799316
3051,d4s2c,279,-1,6.099767684936523
3052,d4s2c,280,1,5.828317403793335
3053,d4s2c,281,1,5.895701885223389
3054,d4s2c,282,-1,5.5617311000823975
3055,d4s2c,283,1,5.554988622665405
3056,d4s2c,284,-1,5.619346380233765
3057,d4s2c,285,-1,5.812497138977051
3058,d4s2c,286,-1,6.030477523803711
3059,d4s2c,287,1,5.627946138381958
3060,d4s2c,288,1,5.8991858959198
3061,d4s2c,289,1,5.834401369094849
3062,d4s2c,290,1,5.8944408893585205
3063,d4s2c,291,1,5.554714679718018
3064,d4s2c,292,1,5.771751880645752
3065,d4s2c,293,1,5.435877323150635
3066,d4s2c,294,1,6.135361194610596
3067,d4s2c,295,-1,5.6684889793396
3068,d4s2c,296,-1,5.828594446182251
3069,d4s2c,297,1,6.536508798599243
3070,d4s2c,298,1,5.810926198959351
3071,d4s2c,299,1,5.673851013183594
3072,d4s2c,300,1,6.107536792755127
3073,d4s2c,301,-1,5.849985837936401
3074,d4s2c,302,-1,5.576343297958374
3075,d4s2c,303,1,6.060010194778442
3076,d4s2c,304,-1,6.075778245925903
3077,d4s2c,305,1,6.099799156188965
3078,d4s2c,306,-1,5.987843036651611
3079,d4s2c,307,1,5.938619375228882
3080,d4s2c,308,1,5.973157644271851
3081,d4s2c,309,1,5.949214696884155
3082,d4s2c,310,-1,5.486480951309204
3083,d4s2c,311,1,7.2021825313568115
3084,d4s2c,312,1,5.514056444168091
3085,d4s2c,313,1,5.318276405334473
3086,d4s2c,314,-1,7.192606210708618
3087,d4s2c,315,1,5.514511823654175
3088,d4s2c,316,1,5.7545084953308105
3089,d4s2c,317,1,8.063951015472412
3090,d4s2c,318,-1,6.619931221008301
3091,d4s2c,319,1,6.828036785125732
3092,d4s2c,320,1,5.839378595352173
3093,d4s2c,321,-1,5.999835729598999
3094,d4s2c,322,-1,7.103532075881958
3095,d4s2c,323,-1,5.837479591369629
3096,d4s2c,324,1,7.566267967224121
3097,d4s2c,325,1,6.4495720863342285
3098,d4s2c,326,1,6.463028430938721
3099,d4s2c,327,-1,7.647477149963379
3100,d4s2c,328,-1,5.610948324203491
3101,d4s2c,329,1,5.390258550643921
3102,d4s2c,330,1,5.197598218917847
3103,d4s2c,331,1,6.4700140953063965
3104,d4s2c,332,-1,6.931372404098511
3105,d4s2c,333,1,6.4039177894592285
3106,d4s2c,334,1,6.585268497467041
3107,d4s2c,335,-1,6.638550043106079
3108,d4s2c,336,-1,5.394633054733276
3109,d4s2c,337,1,7.500107765197754
3110,d4s2c,338,-1,5.704623460769653
3111,d4s2c,339,-1,6.06708025932312
3112,d4s2c,340,1,5.725048065185547
3113,d4s2c,341,-1,7.22800874710083
3114,d4s2c,342,-1,5.47625732421875
3115,d4s2c,343,1,5.791588068008423
3116,d4s2c,344,1,6.442545652389526
3117,d4s2c,345,1,5.737253427505493
3118,d4s2c,346,-1,6.056056022644043
3119,d4s2c,347,-1,6.143332242965698
3120,d4s2c,348,-1,6.122326135635376
3121,d4s2c,349,-1,5.825632333755493
3122,d4s2c,350,1,6.480926513671875
3123,d4s2c,351,1,6.546137094497681
3124,d4s2c,352,1,5.738526821136475
3125,d4s2c,353,1,5.7061755657196045
3126,d4s2c,354,-1,5.5470874309539795
3127,d4s2c,355,-1,6.230725288391113
3128,d4s2c,356,-1,6.082525730133057
3129,d4s2c,357,-1,6.214879035949707
3130,d4s2c,358,-1,6.700759649276733
3131,d4s2c,359,-1,6.871135711669922
3132,d4s2c,360,1,6.242804050445557
3133,d4s2c,361,1,6.790802240371704
3134,d4s2c,362,1,6.337898015975952
3135,d4s2c,363,1,6.271545886993408
3136,d4s2c,364,1,6.053879737854004
3137,d4s2c,365,1,5.528076171875
3138,d4s2c,366,1,6.118844032287598
3139,d4s2c,367,-1,5.581065893173218
3140,d4s2c,368,-1,7.072737216949463
3141,d4s2c,369,1,5.981434106826782
3142,d4s2c,370,-1,6.678117752075195
3143,d4s2c,371,1,5.5125110149383545
3144,d4s2c,372,-1,6.4382853507995605
3145,d4s2c,373,1,5.6992127895355225
3146,d4s2c,374,1,5.5344557762146
3147,d4s2c,375,-1,7.318766355514526
3148,d4s2c,376,-1,5.572571277618408
3149,d4s2c,377,1,5.941965818405151
3150,d4s2c,378,1,6.48105525970459
3151,d4s2c,379,-1,5.6661376953125
3152,d4s2c,380,1,6.497228622436523
3153,d4s2c,381,1,6.2169952392578125
3154,d4s2c,382,1,7.000130891799927
3155,d4s2c,383,1,6.861053705215454
3156,d4s2c,384,1,6.3071019649505615
3157,d4s2c,385,1,7.180768251419067
3158,d4s2c,386,1,5.893012523651123
3159,per,1,1,7.876705884933472
3160,per,2,1,7.055379152297974
3161,per,3,1,7.775365352630615
3162,per,4,1,7.571578741073608
3163,per,5,1,7.390834808349609
3164,per,6,1,7.238463401794434
3165,per,7,1,7.804309368133545
3166,per,8,1,7.420532464981079
3167,per,9,1,7.601282358169556
3168,per,10,1,7.681408405303955
3169,per,11,1,7.452961683273315
3170,per,12,1,7.355297803878784
3171,per,13,1,7.063618898391724
3172,per,14,1,7.659330368041992
3173,per,15,1,7.1567699909210205
3174,per,16,1,6.925355672836304
3175,per,17,1,7.541026592254639
3176,per,18,1,6.923864841461182
3177,per,19,1,7.4228434562683105
3178,per,20,1,7.065864086151123
3179,per,21,1,7.918813467025757
3180,per,22,1,7.385474681854248
3181,per,23,1,7.52300763130188
3182,per,24,1,7.962514877319336
3183,per,25,1,7.560159683227539
3184,per,26,1,7.268995523452759
3185,per,27,1,6.897899866104126
3186,per,28,1,6.965113878250122
3187,per,29,1,7.157324552536011
3188,per,30,1,6.988983631134033
3189,per,31,1,7.542630910873413
3190,per,32,1,8.096218824386597
3191,per,33,1,8.304381608963013
3192,per,34,1,7.121798038482666
3193,per,35,1,7.758820295333862
3194,per,36,1,7.401325464248657
3195,per,37,1,7.237917423248291
3196,per,38,1,7.06317400932312
3197,per,39,1,7.294611930847168
3198,per,40,1,7.40438985824585
3199,per,41,1,7.253126859664917
3200,per,42,-1,7.3017261028289795
3201,per,43,1,7.553447723388672
3202,per,44,1,7.412504434585571
3203,per,45,1,7.035641193389893
3204,per,46,1,7.076219320297241
3205,per,47,1,7.58193302154541
3206,per,48,1,7.056346416473389
3207,per,49,1,7.451624870300293
3208,per,50,1,8.21459674835205
3209,per,51,1,7.465795040130615
3210,per,52,1,7.232738256454468
3211,per,53,1,7.38850212097168
3212,per,54,1,7.269458293914795
3213,per,55,1,7.272785902023315
3214,per,56,1,7.195404767990112
3215,per,57,1,7.366597890853882
3216,per,58,1,7.239815950393677
3217,per,59,1,7.359093189239502
3218,per,60,1,7.693054676055908
3219,per,61,1,7.604940891265869
3220,per,62,1,7.499373912811279
3221,per,63,1,7.094818830490112
3222,per,64,1,7.226264476776123
3223,per,65,1,8.044842958450317
3224,per,66,1,7.6533544063568115
3225,per,67,1,7.253269672393799
3226,per,68,1,7.3358848094940186
3227,per,69,1,7.459794759750366
3228,per,70,1,7.4527788162231445
3229,per,71,1,7.009909391403198
3230,per,72,1,7.187369346618652
3231,per,73,1,7.740955114364624
3232,per,74,1,7.4178948402404785
3233,per,75,1,7.291960716247559
3234,per,76,1,7.466122150421143
3235,per,77,1,7.442348957061768
3236,per,78,1,7.23172926902771
3237,per,79,1,7.202122211456299
3238,per,80,1,7.623350381851196
3239,per,81,1,7.208567142486572
3240,per,82,1,7.180974721908569
3241,per,83,1,7.445089817047119
3242,per,84,1,7.647749900817871
3243,per,85,1,7.466543674468994
3244,per,86,1,7.240105152130127
3245,per,87,1,7.3087944984436035
3246,per,88,-1,7.657505750656128
3247,per,89,1,8.112810134887695
3248,per,90,1,7.782242774963379
3249,per,91,1,7.386529445648193
3250,per,92,1,7.514979600906372
3251,per,93,1,7.298651218414307
3252,per,94,1,7.617919683456421
3253,per,95,1,7.299208879470825
3254,per,96,1,7.271653890609741
3255,per,97,1,7.298836946487427
3256,per,98,-1,7.21233057975769
3257,per,99,1,7.372915267944336
3258,per,100,1,7.351164102554321
3259,sig,1,1,7.769897699356079
3260,sig,2,-1,7.630988359451294
3261,sig,3,1,7.312700986862183
3262,sig,4,1,7.86820125579834
3263,sig,5,1,7.357102632522583
3264,sig,6,-1,7.512279987335205
3265,sig,7,1,7.2658491134643555
3266,sig,8,1,7.068832635879517
3267,sig,9,-1,7.460623264312744
3268,sig,10,-1,7.778021812438965
3269,sig,11,-1,7.2905426025390625
3270,sig,12,-1,7.1804444789886475
3271,sig,13,1,6.925560235977173
3272,sig,14,1,7.233134984970093
3273,sig,15,-1,7.498011827468872
3274,sig,16,1,7.113358497619629
3275,sig,17,1,7.322070598602295
3276,sig,18,1,7.479377031326294
3277,sig,19,1,7.0247673988342285
3278,sig,20,-1,7.31280779838562
3279,sig,21,1,7.525428771972656
3280,sig,22,1,7.15612268447876
3281,sig,23,1,7.682134389877319
3282,sig,24,1,7.405483961105347
3283,sig,25,-1,7.068556785583496
3284,sig,26,1,7.467226982116699
3285,sig,27,-1,7.4498090744018555
3286,sig,28,1,7.315713167190552
3287,sig,29,1,7.4042394161224365
3288,sig,30,-1,7.048561334609985
3289,sig,31,1,7.5682148933410645
3290,sig,32,-1,7.296701669692993
3291,sig,33,1,7.433413505554199
3292,sig,34,-1,7.986578941345215
3293,sig,35,1,7.423063039779663
3294,sig,36,1,7.193324565887451
3295,sig,37,-1,7.5813329219818115
3296,sig,38,1,7.282245874404907
3297,sig,39,1,7.8304054737091064
3298,sig,40,1,7.8138134479522705
3299,sig,41,1,7.606985569000244
3300,sig,42,1,7.3799965381622314
3301,sig,43,1,7.155314922332764
3302,sig,44,1,7.385611057281494
3303,sig,45,1,7.60818338394165
3304,sig,46,-1,7.108690977096558
3305,sig,47,1,7.965792417526245
3306,sig,48,1,7.414318561553955
3307,sig,49,-1,7.259535074234009
3308,sig,50,-1,6.822606801986694
3309,sig,51,-1,7.405896425247192
3310,sig,52,1,7.536661624908447
3311,sig,53,-1,7.448112726211548
3312,sig,54,-1,7.6911234855651855
3313,sig,55,-1,7.158763885498047
3314,sig,56,1,7.44192910194397
3315,sig,57,1,7.334244012832642
3316,sig,58,1,7.090069055557251
3317,sig,59,1,7.517744302749634
3318,sig,60,-1,7.102914571762085
3319,sig,61,1,7.4720306396484375
3320,sig,62,1,7.197445631027222
3321,sig,63,-1,7.773839473724365
3322,sig,64,1,7.350139617919922
3323,sig,65,1,7.096231460571289
3324,sig,66,-1,7.084153890609741
3325,sig,67,1,7.388803958892822
3326,sig,68,1,7.715278148651123
3327,sig,69,1,7.516989707946777
3328,sig,70,-1,7.247225284576416
3329,sig,71,1,7.567252159118652
3330,sig,72,1,7.370802402496338
3331,sig,73,1,7.1443116664886475
3332,sig,74,1,7.064040660858154
3333,sig,75,1,7.35610294342041
3334,sig,76,1,7.470324516296387
3335,sig,77,-1,7.251605987548828
3336,sig,78,1,7.779764652252197
3337,sig,79,-1,7.01357102394104
3338,sig,80,-1,7.612769603729248
3339,sig,81,1,7.154839992523193
3340,sig,82,-1,7.062992095947266
3341,sig,83,1,7.336193561553955
3342,sig,84,1,7.287930965423584
3343,sig,85,-1,7.547017812728882
3344,sig,86,-1,7.355976819992065
3345,sig,87,1,7.1159021854400635
3346,sig,88,-1,6.956561326980591
3347,sig,89,-1,7.479801177978516
3348,sig,90,1,7.244425296783447
3349,sig,91,1,7.376941919326782
3350,sig,92,1,7.344748020172119
3351,sig,93,-1,7.449992656707764
3352,sig,94,1,7.208251953125
3353,sig,95,-1,7.160197734832764
3354,sig,96,-1,7.241328001022339
3355,sig,97,1,7.2895729541778564
3356,sig,98,-1,7.216294765472412
3357,sig,99,-1,7.50171685218811
3358,sig,100,1,7.1719584465026855
3359,vex,1,-1,7.425002098083496
3360,vex,2,1,7.827286243438721
3361,vex,3,1,7.341695308685303
3362,vex,4,-1,7.285881519317627
3363,vex,5,-1,6.978949546813965
3364,vex,6,1,7.614984035491943
3365,vex,7,1,7.778113842010498
3366,vex,8,-1,7.217650651931763
3367,vex,9,1,7.256873369216919
3368,vex,10,-1,7.471668004989624
3369,vex,11,-1,7.837920904159546
3370,vex,12,1,7.540532350540161
3371,vex,13,1,7.583021879196167
3372,vex,14,-1,6.885952711105347
3373,vex,15,-1,7.178919792175293
3374,vex,16,-1,6.987905979156494
3375,vex,17,1,7.530047178268433
3376,vex,18,1,7.443696975708008
3377,vex,19,-1,7.666763067245483
3378,vex,20,-1,7.258489608764648
3379,vex,21,1,7.299242734909058
3380,vex,22,-1,7.170091867446899
3381,vex,23,1,7.132428407669067
3382,vex,24,-1,7.3966639041900635
3383,vex,25,-1,7.435783624649048
3384,vex,26,1,7.750153064727783
3385,vex,27,-1,7.128518581390381
3386,vex,28,-1,7.406662225723267
3387,vex,29,1,7.063902139663696
3388,vex,30,1,7.661893129348755
3389,vex,31,1,7.313817977905273
3390,vex,32,1,7.438901662826538
3391,vex,33,-1,7.39646315574646
3392,vex,34,1,7.438372850418091
3393,vex,35,1,7.510844469070435
3394,vex,36,1,7.198297500610352
3395,vex,37,1,7.3403472900390625
3396,vex,38,1,6.941643476486206
3397,vex,39,-1,7.2241199016571045
3398,vex,40,-1,7.228470802307129
3399,vex,41,-1,7.376274585723877
3400,vex,42,1,7.496333360671997
3401,vex,43,1,7.245739459991455
3402,vex,44,1,7.131073713302612
3403,vex,45,1,7.393437147140503
3404,vex,46,-1,7.498441219329834
3405,vex,47,-1,7.011810064315796
3406,vex,48,1,7.714102745056152
3407,vex,49,-1,7.2578444480896
3408,vex,50,1,7.979510068893433
3409,vex,51,1,7.696771621704102
3410,vex,52,1,7.53734016418457
3411,vex,53,1,7.348715782165527
3412,vex,54,-1,7.27543044090271
3413,vex,55,1,7.049365758895874
3414,vex,56,-1,7.200638294219971
3415,vex,57,-1,7.206491708755493
3416,vex,58,-1,7.434703588485718
3417,vex,59,1,7.09405255317688
3418,vex,60,1,8.23169732093811
3419,vex,61,1,7.2083580493927
3420,vex,62,1,7.239588022232056
3421,vex,63,1,7.1721789836883545
3422,vex,64,-1,7.039210557937622
3423,vex,65,1,7.526994228363037
3424,vex,66,-1,7.458481550216675
3425,vex,67,1,7.720630407333374
3426,vex,68,1,7.255521535873413
3427,vex,69,1,7.1335608959198
3428,vex,70,1,7.791789531707764
3429,vex,71,-1,8.001030683517456
3430,vex,72,1,7.380067825317383
3431,vex,73,1,7.444030046463013
3432,vex,74,-1,7.155197620391846
3433,vex,75,-1,7.104482173919678
3434,vex,76,-1,7.37783408164978
3435,vex,77,-1,7.178921222686768
3436,vex,78,-1,7.40338134765625
3437,vex,79,1,7.125561714172363
3438,vex,80,-1,7.225062131881714
3439,vex,81,1,7.4448747634887695
3440,vex,82,-1,7.584487199783325
3441,vex,83,-1,7.189966678619385
3442,vex,84,1,7.4244773387908936
3443,vex,85,-1,7.2395806312561035
3444,vex,86,1,7.303393840789795
3445,vex,87,-1,8.317933320999146
3446,vex,88,1,7.179888963699341
3447,vex,89,-1,6.9615559577941895
3448,vex,90,1,6.995874643325806
3449,vex,91,-1,6.7822864055633545
3450,vex,92,1,7.77302360534668
3451,vex,93,-1,7.350452899932861
3452,vex,94,1,7.340730667114258
3453,vex,95,-1,7.401652574539185
3454,vex,96,-1,6.867834091186523
3455,vex,97,-1,7.00633978843689
3456,vex,98,-1,7.165575742721558
3457,vex,99,1,7.6796863079071045
3458,vex,100,1,7.372732639312744
3459,qdv,1,1,6.326445579528809
3460,qdv,2,1,5.898320436477661
3461,qdv,3,1,7.15519905090332
3462,qdv,4,1,6.426030397415161
3463,qdv,5,1,7.057400941848755
3464,qdv,6,1,6.8595147132873535
3465,qdv,7,1,5.762894630432129
3466,qdv,8,-1,6.938722848892212
3467,qdv,9,1,6.542422294616699
3468,qdv,10,1,7.457725524902344
3469,qdv,11,1,6.713457107543945
3470,qdv,12,1,6.247354984283447
3471,qdv,13,-1,5.832537651062012
3472,qdv,14,1,6.946699619293213
3473,qdv,15,1,6.664296388626099
3474,qdv,16,1,6.407635450363159
3475,qdv,17,1,7.006403207778931
3476,qdv,18,-1,5.6561548709869385
3477,qdv,19,1,7.081740856170654
3478,qdv,20,1,7.044842481613159
3479,qdv,21,-1,6.27545428276062
3480,qdv,22,1,7.147113084793091
3481,qdv,23,1,6.399641275405884
3482,qdv,24,1,6.683962106704712
3483,qdv,25,1,5.793390274047852
3484,qdv,26,1,6.2356109619140625
3485,qdv,27,1,5.740772008895874
3486,qdv,28,1,6.55626916885376
3487,qdv,29,1,5.798392295837402
3488,qdv,30,1,6.389217138290405
3489,qdv,31,-1,5.517289876937866
3490,qdv,32,1,6.78358793258667
3491,qdv,33,1,6.441630601882935
3492,qdv,34,1,6.050033330917358
3493,qdv,35,1,6.774200677871704
3494,qdv,36,1,6.184065103530884
3495,qdv,37,1,6.689546823501587
3496,qdv,38,1,6.419001579284668
3497,qdv,39,-1,6.6570212841033936
3498,qdv,40,1,6.12776780128479
3499,qdv,41,1,6.171384334564209
3500,qdv,42,1,6.400954723358154
3501,qdv,43,1,6.03067684173584
3502,qdv,44,-1,6.087028980255127
3503,qdv,45,1,6.584812879562378
3504,qdv,46,-1,6.431171894073486
3505,qdv,47,1,6.068180561065674
3506,qdv,48,-1,6.1795337200164795
3507,qdv,49,-1,6.142174959182739
3508,qdv,50,1,6.321939706802368
3509,qdv,51,-1,6.28844690322876
3510,qdv,52,1,6.226910591125488
3511,qdv,53,1,6.6103150844573975
3512,qdv,54,1,6.352626085281372
3513,qdv,55,-1,6.020147323608398
3514,qdv,56,-1,6.901185989379883
3515,qdv,57,-1,5.660844087600708
3516,qdv,58,1,6.282680988311768
3517,qdv,59,1,6.368194341659546
3518,qdv,60,1,5.955869197845459
3519,qdv,61,1,6.312615156173706
3520,qdv,62,1,6.076224327087402
3521,qdv,63,1,5.854312181472778
3522,qdv,64,1,6.212859392166138
3523,qdv,65,1,5.564767360687256
3524,qdv,66,1,6.23067831993103
3525,qdv,67,-1,5.623192548751831
3526,qdv,68,1,6.246279001235962
3527,qdv,69,1,6.435895681381226
3528,qdv,70,1,6.247835159301758
3529,qdv,71,1,6.5994744300842285
3530,qdv,72,1,6.025513410568237
3531,qdv,73,-1,6.720613479614258
3532,qdv,74,1,5.9849255084991455
3533,qdv,75,1,6.861067533493042
3534,qdv,76,1,5.972636461257935
3535,qdv,77,1,6.053156137466431
3536,qdv,78,1,6.556075572967529
3537,qdv,79,1,5.791769504547119
3538,qdv,80,-1,6.172634601593018
3539,qdv,81,1,5.891698122024536
3540,qdv,82,-1,6.443105936050415
3541,qdv,83,1,6.037510633468628
3542,qdv,84,-1,6.502285003662109
3543,qdv,85,1,6.365928888320923
3544,qdv,86,1,6.251220703125
3545,qdv,87,1,6.031510591506958
3546,qdv,88,1,6.299690008163452
3547,qdv,89,1,6.660024881362915
3548,qdv,90,1,6.35530686378479
3549,qdv,91,1,6.294527530670166
3550,qdv,92,-1,6.546769380569458
3551,qdv,93,1,6.613248348236084
3552,qdv,94,1,6.646806955337524
3553,qdv,95,1,6.252917289733887
3554,qdv,96,-1,5.342827796936035
3555,qdv,97,1,6.617332458496094
3556,qdv,98,-1,7.582722425460815
3557,qdv,99,1,5.711753606796265
3558,qdv,100,1,6.131250858306885
3559,sigv,1,1,7.644627571105957
3560,sigv,2,1,6.504142999649048
3561,sigv,3,1,6.7618536949157715
3562,sigv,4,1,5.862133741378784
3563,sigv,5,1,6.7835328578948975
3564,sigv,6,1,6.897072076797485
3565,sigv,7,1,5.709092140197754
3566,sigv,8,-1,6.688690662384033
3567,sigv,9,1,6.445713758468628
3568,sigv,10,-1,6.500673770904541
3569,sigv,11,1,6.106518745422363
3570,sigv,12,1,6.538189649581909
3571,sigv,13,1,6.587559223175049
3572,sigv,14,1,7.122389316558838
3573,sigv,15,1,6.150472164154053
3574,sigv,16,1,6.8522772789001465
3575,sigv,17,1,6.678834915161133
3576,sigv,18,1,5.467300653457642
3577,sigv,19,1,5.826727628707886
3578,sigv,20,1,5.989899158477783
3579,sigv,21,-1,6.4329869747161865
3580,sigv,22,1,5.814691543579102
3581,sigv,23,1,6.428999423980713
3582,sigv,24,1,6.404652833938599
3583,sigv,25,1,7.063103437423706
3584,sigv,26,1,6.193927049636841
3585,sigv,27,-1,5.516136884689331
3586,sigv,28,1,5.786823987960815
3587,sigv,29,1,6.146460056304932
3588,sigv,30,1,5.826691150665283
3589,sigv,31,-1,6.415140151977539
3590,sigv,32,1,6.862751007080078
3591,sigv,33,1,6.954776763916016
3592,sigv,34,1,6.2086451053619385
3593,sigv,35,1,6.324726104736328
3594,sigv,36,-1,6.18362283706665
3595,sigv,37,1,7.27124547958374
3596,sigv,38,1,6.547490835189819
3597,sigv,39,1,7.773336887359619
3598,sigv,40,1,5.875552654266357
3599,sigv,41,1,6.4878480434417725
3600,sigv,42,1,5.643260955810547
3601,sigv,43,1,6.206762075424194
3602,sigv,44,1,6.036546230316162
3603,sigv,45,1,6.6780922412872314
3604,sigv,46,1,7.23568868637085
3605,sigv,47,1,7.421251058578491
3606,sigv,48,-1,6.706562280654907
3607,sigv,49,-1,6.3079729080200195
3608,sigv,50,1,6.2475361824035645
3609,sigv,51,-1,6.897452354431152
3610,sigv,52,1,6.903034448623657
3611,sigv,53,1,6.6021740436553955
3612,sigv,54,-1,7.038259744644165
3613,sigv,55,1,6.112844944000244
3614,sigv,56,1,6.693588972091675
3615,sigv,57,1,5.821784257888794
3616,sigv,58,1,7.076539993286133
3617,sigv,59,1,6.461889028549194
3618,sigv,60,1,6.283618927001953
3619,sigv,61,1,6.060209035873413
3620,sigv,62,-1,6.880661249160767
3621,sigv,63,1,6.9483866691589355
3622,sigv,64,1,6.291430234909058
3623,sigv,65,-1,6.986945152282715
3624,sigv,66,1,6.377819776535034
3625,sigv,67,1,6.464020490646362
3626,sigv,68,1,6.112104177474976
3627,sigv,69,1,6.957804203033447
3628,sigv,70,1,6.56958532333374
3629,sigv,71,1,5.713005781173706
3630,sigv,72,1,5.650605916976929
3631,sigv,73,1,6.167292356491089
3632,sigv,74,1,6.113101482391357
3633,sigv,75,1,6.495743989944458
3634,sigv,76,-1,6.927234888076782
3635,sigv,77,1,6.95231032371521
3636,sigv,78,1,5.78471302986145
3637,sigv,79,1,7.052198886871338
3638,sigv,80,1,6.33707070350647
3639,sigv,81,1,5.398744583129883
3640,sigv,82,1,6.153233528137207
3641,sigv,83,1,6.126768589019775
3642,sigv,84,1,6.093645811080933
3643,sigv,85,1,5.901254415512085
3644,sigv,86,1,6.033854246139526
3645,sigv,87,1,5.998230695724487
3646,sigv,88,1,6.270034313201904
3647,sigv,89,1,6.624537706375122
3648,sigv,90,1,6.143121719360352
3649,sigv,91,1,7.059946060180664
3650,sigv,92,1,7.311498403549194
3651,sigv,93,1,5.786821365356445
3652,sigv,94,1,6.2163097858428955
3653,sigv,95,1,6.294108152389526
3654,sigv,96,1,6.77586555480957
3655,sigv,97,1,6.632642030715942
3656,sigv,98,1,6.181226015090942
3657,sigv,99,-1,7.12372088432312
3658,sigv,100,1,5.950168609619141
3659,rbfv,1,1,5.597869873046875
3660,rbfv,2,1,5.889353036880493
3661,rbfv,3,1,6.502679347991943
3662,rbfv,4,1,5.863425970077515
3663,rbfv,5,1,5.900195360183716
3664,rbfv,6,-1,6.717126131057739
3665,rbfv,7,1,7.076166152954102
3666,rbfv,8,1,5.895900726318359
3667,rbfv,9,1,6.413317918777466
3668,rbfv,10,1,6.705565690994263
3669,rbfv,11,1,6.904787540435791
3670,rbfv,12,1,5.796469449996948
3671,rbfv,13,1,6.3776257038116455
3672,rbfv,14,1,5.892564535140991
3673,rbfv,15,1,5.977032661437988
3674,rbfv,16,1,6.65555739402771
3675,rbfv,17,1,6.146330118179321
3676,rbfv,18,1,5.997036457061768
3677,rbfv,19,1,5.540499925613403
3678,rbfv,20,1,6.3863561153411865
3679,rbfv,21,1,5.613919258117676
3680,rbfv,22,1,5.6219000816345215
3681,rbfv,23,1,6.052313804626465
3682,rbfv,24,1,6.493501424789429
3683,rbfv,25,1,5.916980743408203
3684,rbfv,26,-1,6.631726026535034
3685,rbfv,27,1,6.426772594451904
3686,rbfv,28,1,7.2572925090789795
3687,rbfv,29,1,6.672791242599487
3688,rbfv,30,1,6.753859519958496
3689,rbfv,31,1,5.904334306716919
3690,rbfv,32,1,5.973933458328247
3691,rbfv,33,1,6.2679548263549805
3692,rbfv,34,1,5.949530839920044
3693,rbfv,35,1,7.131730556488037
3694,rbfv,36,1,5.657741546630859
3695,rbfv,37,1,6.6211419105529785
3696,rbfv,38,1,5.906909704208374
3697,rbfv,39,1,6.435810327529907
3698,rbfv,40,1,5.864421367645264
3699,rbfv,41,1,6.379638671875
3700,rbfv,42,1,6.5966103076934814
3701,rbfv,43,1,6.382237195968628
3702,rbfv,44,1,6.737107038497925
3703,rbfv,45,1,6.860113620758057
3704,rbfv,46,1,6.85165810585022
3705,rbfv,47,-1,5.884693384170532
3706,rbfv,48,1,5.582692861557007
3707,rbfv,49,1,7.023515939712524
3708,rbfv,50,1,6.6301116943359375
3709,rbfv,51,1,6.097759246826172
3710,rbfv,52,1,5.584986209869385
3711,rbfv,53,1,6.265111684799194
3712,rbfv,54,1,6.243191957473755
3713,rbfv,55,1,5.913978099822998
3714,rbfv,56,1,6.829540252685547
3715,rbfv,57,1,6.689776659011841
3716,rbfv,58,1,5.511366844177246
3717,rbfv,59,-1,6.732578992843628
3718,rbfv,60,1,5.90590763092041
3719,rbfv,61,1,6.1341712474823
3720,rbfv,62,1,5.583806753158569
3721,rbfv,63,1,5.943004131317139
3722,rbfv,64,1,7.625105381011963
3723,rbfv,65,-1,7.820984601974487
3724,rbfv,66,1,5.856882095336914
3725,rbfv,67,1,7.050100564956665
3726,rbfv,68,-1,7.092888355255127
3727,rbfv,69,1,6.5799360275268555
3728,rbfv,70,1,5.7040040493011475
3729,rbfv,71,1,5.875948190689087
3730,rbfv,72,1,6.014992713928223
3731,rbfv,73,1,7.045389890670776
3732,rbfv,74,1,5.730513572692871
3733,rbfv,75,1,6.311900615692139
3734,rbfv,76,-1,7.668981313705444
3735,rbfv,77,1,6.750973701477051
3736,rbfv,78,1,6.16684365272522
3737,rbfv,79,1,6.713848352432251
3738,rbfv,80,1,6.320393085479736
3739,rbfv,81,1,6.768076419830322
3740,rbfv,82,1,6.384639501571655
3741,rbfv,83,1,6.540337085723877
3742,rbfv,84,1,6.286978244781494
3743,rbfv,85,1,6.290656805038452
3744,rbfv,86,1,6.903974533081055
3745,rbfv,87,1,6.154673099517822
3746,rbfv,88,1,5.73088002204895
3747,rbfv,89,1,5.939093112945557
3748,rbfv,90,1,5.829636096954346
3749,rbfv,91,1,6.308324337005615
3750,rbfv,92,1,5.7924699783325195
3751,rbfv,93,1,6.196447372436523
3752,rbfv,94,1,6.669445037841797
3753,rbfv,95,1,5.897251605987549
3754,rbfv,96,1,6.908506393432617
3755,rbfv,97,1,7.633292198181152
3756,rbfv,98,1,6.98610782623291
3757,rbfv,99,-1,7.713761568069458
3758,rbfv,100,1,6.238954544067383
3759,nnv,1,1,6.503707408905029
3760,nnv,2,-1,6.664675712585449
3761,nnv,3,1,6.596067428588867
3762,nnv,4,1,5.998898267745972
3763,nnv,5,1,6.40255069732666
3764,nnv,6,1,7.514420986175537
3765,nnv,7,1,7.023901462554932
3766,nnv,8,1,6.129092454910278
3767,nnv,9,-1,5.6999831199646
3768,nnv,10,1,6.3228819370269775
3769,nnv,11,1,6.0676798820495605
3770,nnv,12,-1,6.373893737792969
3771,nnv,13,1,5.785680770874023
3772,nnv,14,-1,6.278803586959839
3773,nnv,15,1,5.734729766845703
3774,nnv,16,1,6.420445680618286
3775,nnv,17,1,5.711796998977661
3776,nnv,18,-1,5.767949819564819
3777,nnv,19,1,6.238412618637085
3778,nnv,20,1,6.291158199310303
3779,nnv,21,1,5.932013511657715
3780,nnv,22,1,5.971014976501465
3781,nnv,23,1,5.89575457572937
3782,nnv,24,1,6.208669424057007
3783,nnv,25,-1,5.783361434936523
3784,nnv,26,1,6.122530460357666
3785,nnv,27,1,6.043977499008179
3786,nnv,28,1,5.86934494972229
3787,nnv,29,1,6.066905975341797
3788,nnv,30,1,5.884737491607666
3789,nnv,31,1,5.930154323577881
3790,nnv,32,-1,6.0317511558532715
3791,nnv,33,1,6.864639520645142
3792,nnv,34,1,5.9946959018707275
3793,nnv,35,1,6.116408586502075
3794,nnv,36,1,5.59380316734314
3795,nnv,37,-1,5.8333117961883545
3796,nnv,38,1,6.234052658081055
3797,nnv,39,1,6.363935470581055
3798,nnv,40,1,7.0389368534088135
3799,nnv,41,-1,6.512631177902222
3800,nnv,42,1,6.315111398696899
3801,nnv,43,1,6.417756795883179
3802,nnv,44,1,6.074236631393433
3803,nnv,45,1,6.120542049407959
3804,nnv,46,-1,5.844043731689453
3805,nnv,47,1,5.938637971878052
3806,nnv,48,1,6.32183837890625
3807,nnv,49,1,6.312211751937866
3808,nnv,50,1,6.177854061126709
3809,nnv,51,-1,5.6386799812316895
3810,nnv,52,-1,6.259853363037109
3811,nnv,53,1,6.347298860549927
3812,nnv,54,1,5.973806381225586
3813,nnv,55,1,6.213306188583374
3814,nnv,56,1,6.212946653366089
3815,nnv,57,1,6.110722541809082
3816,nnv,58,1,5.882071018218994
3817,nnv,59,1,5.835327386856079
3818,nnv,60,-1,6.159424066543579
3819,nnv,61,1,6.0497870445251465
3820,nnv,62,1,6.477515697479248
3821,nnv,63,1,6.092665433883667
3822,nnv,64,1,6.173521280288696
3823,nnv,65,1,6.903791904449463
3824,nnv,66,1,6.516615390777588
3825,nnv,67,1,6.346297740936279
3826,nnv,68,1,5.4975879192352295
3827,nnv,69,1,6.353607892990112
3828,nnv,70,1,6.333292245864868
3829,nnv,71,1,5.736851930618286
3830,nnv,72,1,6.0043511390686035
3831,nnv,73,1,5.630414724349976
3832,nnv,74,1,6.728579998016357
3833,nnv,75,1,6.205820798873901
3834,nnv,76,1,6.644754886627197
3835,nnv,77,1,5.650911808013916
3836,nnv,78,1,5.946478605270386
3837,nnv,79,1,7.029117584228516
3838,nnv,80,1,6.071032762527466
3839,nnv,81,1,6.208086729049683
3840,nnv,82,1,5.7903337478637695
3841,nnv,83,-1,6.643079519271851
3842,nnv,84,1,6.4878387451171875
3843,nnv,85,-1,6.055974960327148
3844,nnv,86,1,5.916935920715332
3845,nnv,87,1,6.195343494415283
3846,nnv,88,1,6.5988287925720215
3847,nnv,89,1,6.221410512924194
3848,nnv,90,1,6.19248104095459
3849,nnv,91,1,6.393393039703369
3850,nnv,92,1,6.201551914215088
3851,nnv,93,1,5.995964765548706
3852,nnv,94,1,5.9197516441345215
3853,nnv,95,1,6.382566928863525
3854,nnv,96,1,6.04999303817749
3855,nnv,97,1,5.990066051483154
3856,nnv,98,1,6.091583728790283
3857,nnv,99,1,6.142792463302612
3858,nnv,100,1,6.909483194351196
