,dataset_id,pair_id,direction,delta_time
0,an,1,1,9.656240224838257
1,an,2,1,9.07029914855957
2,an,3,1,8.430265188217163
3,an,4,1,8.08085823059082
4,an,5,1,8.858128786087036
5,an,6,1,7.2306067943573
6,an,7,1,7.182442903518677
7,an,8,1,8.80852222442627
8,an,9,1,8.709308385848999
9,an,10,1,8.678666591644287
10,an,11,1,6.08753776550293
11,an,12,1,5.4373273849487305
12,an,13,1,8.850671529769897
13,an,14,1,9.105050325393677
14,an,15,1,8.809449195861816
15,an,16,1,8.983831644058228
16,an,17,1,8.918506145477295
17,an,18,1,7.989724159240723
18,an,19,1,8.837713956832886
19,an,20,1,8.885061264038086
20,an,21,1,8.245891094207764
21,an,22,1,7.0617594718933105
22,an,23,1,5.367511510848999
23,an,24,1,5.384604454040527
24,an,25,1,5.387702703475952
25,an,26,1,5.337183237075806
26,an,27,1,5.349523305892944
27,an,28,1,5.393108367919922
28,an,29,1,5.3735761642456055
29,an,30,1,5.316158771514893
30,an,31,1,5.360580205917358
31,an,32,1,5.312814474105835
32,an,33,1,5.352274179458618
33,an,34,1,5.299581050872803
34,an,35,1,5.336291313171387
35,an,36,1,5.348820209503174
36,an,37,1,5.398385047912598
37,an,38,1,5.364563465118408
38,an,39,1,9.083526134490967
39,an,40,1,8.28117060661316
40,an,41,1,8.439546823501587
41,an,42,1,9.450495719909668
42,an,43,1,9.862339973449707
43,an,44,1,8.647303581237793
44,an,45,1,9.030482769012451
45,an,46,1,8.731909990310669
46,an,47,1,6.346926212310791
47,an,48,1,6.245010137557983
48,an,49,1,5.741793632507324
49,an,50,1,8.923688411712646
50,an,51,1,8.458343744277954
51,an,52,1,9.573853969573975
52,an,53,1,8.237880945205688
53,an,54,1,7.645962953567505
54,an,55,1,5.508343696594238
55,an,56,1,5.582513093948364
56,an,57,1,8.223186016082764
57,an,58,1,8.846426486968994
58,an,59,1,8.265661716461182
59,an,60,1,7.5205323696136475
60,an,61,1,7.138173580169678
61,an,62,1,7.011572599411011
62,an,63,1,5.3529088497161865
63,an,64,1,7.456176996231079
64,an,65,1,9.038737773895264
65,an,66,1,8.259450435638428
66,an,67,1,8.678930282592773
67,an,68,1,7.629249334335327
68,an,69,1,7.861891031265259
69,an,70,1,8.035462379455566
70,an,71,1,8.408754348754883
71,an,72,1,9.090518712997437
72,an,73,1,6.930722713470459
73,an,74,1,6.4506542682647705
74,an,75,1,8.809616088867188
75,an,76,1,6.490483999252319
76,an,77,1,9.153088331222534
77,an,78,1,8.901122093200684
78,an,79,1,5.798524856567383
79,an,80,1,7.295806646347046
80,an,81,1,6.976213216781616
81,an,82,1,7.0747902393341064
82,an,83,1,5.592839241027832
83,an,84,1,6.134693145751953
84,an,85,1,7.325271129608154
85,an,86,1,8.56715703010559
86,an,87,1,8.944510221481323
87,an,88,1,8.926346778869629
88,an,89,1,8.50318431854248
89,an,90,1,8.381486177444458
90,an,91,1,7.3879241943359375
91,an,92,1,8.404544115066528
92,an,93,1,8.383658170700073
93,an,94,1,8.760981559753418
94,an,95,1,8.692821025848389
95,an,96,1,8.840086221694946
96,an,97,1,8.759186029434204
97,an,98,1,8.959459781646729
98,an,99,1,8.829792737960815
99,an,100,1,5.385851860046387
100,ans,1,1,7.1313111782073975
101,ans,2,1,8.96604609489441
102,ans,3,1,8.794764041900635
103,ans,4,1,8.913885354995728
104,ans,5,1,7.877747058868408
105,ans,6,1,6.182554483413696
106,ans,7,1,5.334695339202881
107,ans,8,1,5.317587375640869
108,ans,9,1,5.288534879684448
109,ans,10,1,6.546072721481323
110,ans,11,1,7.465292692184448
111,ans,12,1,8.798259258270264
112,ans,13,1,8.159133195877075
113,ans,14,1,9.05659008026123
114,ans,15,1,8.091710090637207
115,ans,16,1,8.166928768157959
116,ans,17,1,8.591745138168335
117,ans,18,1,8.168033838272095
118,ans,19,-1,8.344635248184204
119,ans,20,1,8.865324974060059
120,ans,21,1,8.919203996658325
121,ans,22,1,8.819237470626831
122,ans,23,1,8.89703369140625
123,ans,24,1,8.926624536514282
124,ans,25,1,7.8855345249176025
125,ans,26,1,8.821965456008911
126,ans,27,1,6.950178384780884
127,ans,28,1,7.6282758712768555
128,ans,29,1,7.741984605789185
129,ans,30,1,7.7908570766448975
130,ans,31,1,8.849663019180298
131,ans,32,1,8.806056261062622
132,ans,33,1,8.617914199829102
133,ans,34,1,8.76213264465332
134,ans,35,1,8.717634201049805
135,ans,36,1,8.789033651351929
136,ans,37,1,8.77263069152832
137,ans,38,1,8.94355821609497
138,ans,39,1,9.447357177734375
139,ans,40,1,9.066022157669067
140,ans,41,1,8.668866634368896
141,ans,42,1,8.377080917358398
142,ans,43,1,8.902638673782349
143,ans,44,1,8.967491626739502
144,ans,45,1,8.631829738616943
145,ans,46,1,8.972455501556396
146,ans,47,1,9.282328367233276
147,ans,48,1,8.681210041046143
148,ans,49,1,8.605539798736572
149,ans,50,-1,9.009510517120361
150,ans,51,1,8.960312604904175
151,ans,52,1,7.696176767349243
152,ans,53,1,9.117260217666626
153,ans,54,1,8.716308355331421
154,ans,55,1,9.059139251708984
155,ans,56,1,8.891216039657593
156,ans,57,1,8.040233612060547
157,ans,58,1,8.978209018707275
158,ans,59,1,9.282014608383179
159,ans,60,1,8.403153896331787
160,ans,61,1,8.155059814453125
161,ans,62,1,8.221103429794312
162,ans,63,1,9.072455644607544
163,ans,64,1,9.315381050109863
164,ans,65,1,8.82090449333191
165,ans,66,1,9.053611278533936
166,ans,67,1,9.316601276397705
167,ans,68,1,8.251911401748657
168,ans,69,1,7.343111038208008
169,ans,70,1,8.77336311340332
170,ans,71,1,7.184427738189697
171,ans,72,1,9.02754020690918
172,ans,73,1,8.510047912597656
173,ans,74,1,7.248704671859741
174,ans,75,1,8.744439601898193
175,ans,76,1,8.496047735214233
176,ans,77,1,8.847219705581665
177,ans,78,1,8.496327638626099
178,ans,79,1,7.974703788757324
179,ans,80,1,8.975249767303467
180,ans,81,1,9.00907015800476
181,ans,82,1,7.625869512557983
182,ans,83,1,9.373858213424683
183,ans,84,1,9.07253098487854
184,ans,85,1,9.273221254348755
185,ans,86,1,9.754530429840088
186,ans,87,1,7.496004104614258
187,ans,88,1,8.825966596603394
188,ans,89,1,8.942875862121582
189,ans,90,1,9.145861387252808
190,ans,91,1,7.305360317230225
191,ans,92,1,8.984939336776733
192,ans,93,1,7.332199811935425
193,ans,94,1,8.758365392684937
194,ans,95,1,5.930854320526123
195,ans,96,1,6.35230016708374
196,ans,97,1,5.619819402694702
197,ans,98,1,6.2896833419799805
198,ans,99,1,7.228543043136597
199,ans,100,1,8.487653970718384
200,ls,1,1,8.671301364898682
201,ls,2,1,5.335993051528931
202,ls,3,1,8.352254867553711
203,ls,4,1,8.82023572921753
204,ls,5,1,8.369490146636963
205,ls,6,1,5.262880325317383
206,ls,7,1,7.152041912078857
207,ls,8,1,8.724493741989136
208,ls,9,1,8.801069021224976
209,ls,10,1,8.51881456375122
210,ls,11,1,8.873010158538818
211,ls,12,1,7.386450290679932
212,ls,13,-1,8.95484447479248
213,ls,14,1,8.810944318771362
214,ls,15,1,8.841838359832764
215,ls,16,1,9.093505859375
216,ls,17,1,8.711222648620605
217,ls,18,1,8.339049816131592
218,ls,19,1,8.703035116195679
219,ls,20,1,7.589881181716919
220,ls,21,1,7.561466693878174
221,ls,22,1,8.52769422531128
222,ls,23,1,5.330535411834717
223,ls,24,1,5.277973890304565
224,ls,25,1,5.369886159896851
225,ls,26,1,5.291625499725342
226,ls,27,1,5.3437230587005615
227,ls,28,1,5.75050163269043
228,ls,29,1,5.356768608093262
229,ls,30,1,5.335272550582886
230,ls,31,1,5.346713542938232
231,ls,32,1,5.298569202423096
232,ls,33,1,5.369544267654419
233,ls,34,1,6.157691240310669
234,ls,35,1,8.601559162139893
235,ls,36,1,8.645236015319824
236,ls,37,1,7.300755739212036
237,ls,38,1,5.583015441894531
238,ls,39,1,8.982595920562744
239,ls,40,1,9.088927984237671
240,ls,41,1,8.922889232635498
241,ls,42,1,8.738985061645508
242,ls,43,1,8.750669002532959
243,ls,44,1,7.0846781730651855
244,ls,45,1,9.162528038024902
245,ls,46,1,8.874027729034424
246,ls,47,1,8.238316297531128
247,ls,48,1,7.050451755523682
248,ls,49,1,6.7165443897247314
249,ls,50,1,8.534302711486816
250,ls,51,1,8.923628568649292
251,ls,52,1,8.760902881622314
252,ls,53,1,8.766779899597168
253,ls,54,1,8.96712851524353
254,ls,55,1,8.864904165267944
255,ls,56,1,8.793105602264404
256,ls,57,1,8.733232498168945
257,ls,58,1,5.321404218673706
258,ls,59,1,7.5638813972473145
259,ls,60,1,8.994434833526611
260,ls,61,1,8.557551622390747
261,ls,62,1,5.438647747039795
262,ls,63,1,5.1898863315582275
263,ls,64,1,5.219613313674927
264,ls,65,1,7.243444919586182
265,ls,66,1,5.26891565322876
266,ls,67,1,5.2233781814575195
267,ls,68,1,6.553027153015137
268,ls,69,1,6.949002504348755
269,ls,70,1,8.107730627059937
270,ls,71,1,7.186676502227783
271,ls,72,1,7.215996265411377
272,ls,73,1,6.887110710144043
273,ls,74,1,6.2324910163879395
274,ls,75,1,6.106544494628906
275,ls,76,1,7.006124258041382
276,ls,77,1,5.397046327590942
277,ls,78,1,7.8073248863220215
278,ls,79,1,7.27366828918457
279,ls,80,1,7.859939813613892
280,ls,81,1,8.813459396362305
281,ls,82,1,8.729164361953735
282,ls,83,1,8.696592330932617
283,ls,84,1,8.714287519454956
284,ls,85,1,8.970815420150757
285,ls,86,1,9.020006656646729
286,ls,87,1,8.429153203964233
287,ls,88,1,8.732290983200073
288,ls,89,1,8.911259174346924
289,ls,90,1,8.829370498657227
290,ls,91,1,8.673321008682251
291,ls,92,1,8.817089796066284
292,ls,93,1,8.881121397018433
293,ls,94,1,8.838612794876099
294,ls,95,1,8.838440418243408
295,ls,96,1,8.548601865768433
296,ls,97,1,8.535903215408325
297,ls,98,-1,8.119367122650146
298,ls,99,1,8.783759117126465
299,ls,100,1,9.110248565673828
300,lss,1,1,9.34820556640625
301,lss,2,1,7.461673736572266
302,lss,3,1,8.724010705947876
303,lss,4,1,7.671986103057861
304,lss,5,1,8.633276224136353
305,lss,6,1,8.647047758102417
306,lss,7,1,8.877435684204102
307,lss,8,1,7.172872304916382
308,lss,9,1,8.393326759338379
309,lss,10,1,8.756929636001587
310,lss,11,1,7.448680639266968
311,lss,12,1,5.270816802978516
312,lss,13,1,5.163999795913696
313,lss,14,1,5.319935321807861
314,lss,15,1,5.351039886474609
315,lss,16,1,8.634921073913574
316,lss,17,1,8.75426173210144
317,lss,18,1,8.635964155197144
318,lss,19,1,8.682047128677368
319,lss,20,1,8.82996678352356
320,lss,21,1,8.588064432144165
321,lss,22,1,5.271548509597778
322,lss,23,1,5.331874370574951
323,lss,24,1,5.230848073959351
324,lss,25,1,5.167945861816406
325,lss,26,1,5.225144863128662
326,lss,27,1,5.264255046844482
327,lss,28,1,5.293727159500122
328,lss,29,1,7.2337727546691895
329,lss,30,1,6.703242540359497
330,lss,31,1,5.707114934921265
331,lss,32,1,5.431402206420898
332,lss,33,1,5.386467218399048
333,lss,34,1,5.376944303512573
334,lss,35,1,5.39560866355896
335,lss,36,1,5.3796751499176025
336,lss,37,1,5.393421411514282
337,lss,38,1,5.358940362930298
338,lss,39,1,5.436124324798584
339,lss,40,1,5.375923156738281
340,lss,41,1,5.399575471878052
341,lss,42,1,5.407411336898804
342,lss,43,1,5.4401936531066895
343,lss,44,1,5.415418863296509
344,lss,45,1,5.381465911865234
345,lss,46,1,8.36518669128418
346,lss,47,1,8.849368333816528
347,lss,48,1,7.9924798011779785
348,lss,49,1,8.124282836914062
349,lss,50,1,8.78518795967102
350,lss,51,1,8.47433853149414
351,lss,52,1,8.468075513839722
352,lss,53,1,8.137771368026733
353,lss,54,1,7.120075225830078
354,lss,55,1,8.28168272972107
355,lss,56,1,8.556097269058228
356,lss,57,1,8.067123651504517
357,lss,58,1,8.778096675872803
358,lss,59,1,8.795594692230225
359,lss,60,1,7.207574129104614
360,lss,61,1,8.701724290847778
361,lss,62,1,7.998844146728516
362,lss,63,1,5.3109917640686035
363,lss,64,1,6.962448596954346
364,lss,65,1,6.9215476512908936
365,lss,66,1,5.24150824546814
366,lss,67,1,5.2316977977752686
367,lss,68,1,5.278867244720459
368,lss,69,1,5.2986159324646
369,lss,70,1,5.282226085662842
370,lss,71,1,5.262118101119995
371,lss,72,1,6.61217999458313
372,lss,73,1,5.281866788864136
373,lss,74,1,5.2038633823394775
374,lss,75,1,7.103483438491821
375,lss,76,1,8.010165214538574
376,lss,77,1,8.73750114440918
377,lss,78,1,8.762131929397583
378,lss,79,1,8.74429988861084
379,lss,80,1,8.964821100234985
380,lss,81,1,7.291417360305786
381,lss,82,1,8.51084041595459
382,lss,83,1,8.72800064086914
383,lss,84,1,8.604356527328491
384,lss,85,1,6.3767478466033936
385,lss,86,1,7.456345319747925
386,lss,87,1,6.997469663619995
387,lss,88,1,5.288859844207764
388,lss,89,1,5.437908887863159
389,lss,90,1,8.668946743011475
390,lss,91,1,8.637045621871948
391,lss,92,1,8.704113006591797
392,lss,93,1,8.91619324684143
393,lss,94,1,7.07279372215271
394,lss,95,1,7.50140905380249
395,lss,96,1,8.814733505249023
396,lss,97,1,6.902120113372803
397,lss,98,1,8.029482364654541
398,lss,99,1,8.711933612823486
399,lss,100,1,8.619024753570557
400,mnu,1,1,8.594128608703613
401,mnu,2,1,8.749200582504272
402,mnu,3,1,7.240056991577148
403,mnu,4,1,8.665942668914795
404,mnu,5,1,5.115701675415039
405,mnu,6,1,5.230008840560913
406,mnu,7,1,7.256037473678589
407,mnu,8,1,5.386334657669067
408,mnu,9,1,5.358023166656494
409,mnu,10,1,9.008138418197632
410,mnu,11,1,8.419640302658081
411,mnu,12,1,8.68621277809143
412,mnu,13,1,7.2418577671051025
413,mnu,14,1,9.181440830230713
414,mnu,15,1,8.881186723709106
415,mnu,16,1,8.694995164871216
416,mnu,17,1,8.498552322387695
417,mnu,18,1,8.672009944915771
418,mnu,19,1,8.000054121017456
419,mnu,20,1,8.863969802856445
420,mnu,21,1,7.43618369102478
421,mnu,22,1,7.232213020324707
422,mnu,23,1,8.872044801712036
423,mnu,24,1,8.707795143127441
424,mnu,25,1,8.685614585876465
425,mnu,26,1,8.926158428192139
426,mnu,27,1,7.123714208602905
427,mnu,28,1,5.217972278594971
428,mnu,29,1,7.063474655151367
429,mnu,30,1,7.914305210113525
430,mnu,31,1,8.734055995941162
431,mnu,32,1,8.540577411651611
432,mnu,33,1,8.638958930969238
433,mnu,34,1,8.855491399765015
434,mnu,35,1,8.878667116165161
435,mnu,36,1,8.645243167877197
436,mnu,37,1,5.309570074081421
437,mnu,38,1,5.389073848724365
438,mnu,39,1,5.309301376342773
439,mnu,40,1,5.325421094894409
440,mnu,41,1,7.180358409881592
441,mnu,42,1,5.310617923736572
442,mnu,43,1,7.282732009887695
443,mnu,44,1,8.882143497467041
444,mnu,45,1,8.578290939331055
445,mnu,46,1,8.928354501724243
446,mnu,47,1,9.188981533050537
447,mnu,48,1,8.092110633850098
448,mnu,49,1,8.514238119125366
449,mnu,50,1,8.209877967834473
450,mnu,51,1,8.520600080490112
451,mnu,52,1,7.308168172836304
452,mnu,53,1,5.4695422649383545
453,mnu,54,1,5.528497934341431
454,mnu,55,1,6.737768650054932
455,mnu,56,1,7.997273921966553
456,mnu,57,1,9.112014770507812
457,mnu,58,1,8.83399510383606
458,mnu,59,1,8.612053394317627
459,mnu,60,1,8.599700212478638
460,mnu,61,1,8.82075047492981
461,mnu,62,1,8.935290098190308
462,mnu,63,1,6.85371470451355
463,mnu,64,1,8.842994213104248
464,mnu,65,1,8.408273458480835
465,mnu,66,1,7.232149600982666
466,mnu,67,1,8.470823049545288
467,mnu,68,1,8.853442907333374
468,mnu,69,1,8.95445466041565
469,mnu,70,1,6.604902982711792
470,mnu,71,1,5.951038599014282
471,mnu,72,1,6.393721580505371
472,mnu,73,1,5.78383731842041
473,mnu,74,1,7.651185512542725
474,mnu,75,1,8.977909803390503
475,mnu,76,1,9.161053895950317
476,mnu,77,1,8.959966659545898
477,mnu,78,1,8.042187929153442
478,mnu,79,1,8.26648473739624
479,mnu,80,1,9.417775630950928
480,mnu,81,1,5.448358058929443
481,mnu,82,1,5.491769552230835
482,mnu,83,1,5.541941165924072
483,mnu,84,1,8.966190576553345
484,mnu,85,1,9.231830358505249
485,mnu,86,1,8.819108724594116
486,mnu,87,1,8.823761940002441
487,mnu,88,1,9.370201349258423
488,mnu,89,1,5.419921636581421
489,mnu,90,1,5.522500038146973
490,mnu,91,1,7.805371522903442
491,mnu,92,1,8.40034818649292
492,mnu,93,1,8.716790437698364
493,mnu,94,1,8.616086483001709
494,mnu,95,1,8.73099136352539
495,mnu,96,1,8.807909965515137
496,mnu,97,1,6.9541473388671875
497,mnu,98,1,5.283874034881592
498,mnu,99,1,5.282899856567383
499,mnu,100,1,5.301689624786377
500,sim,1,1,6.882813453674316
501,sim,2,1,5.132667303085327
502,sim,3,1,5.111868619918823
503,sim,4,1,5.142019510269165
504,sim,5,1,5.180862188339233
505,sim,6,1,5.3457190990448
506,sim,7,1,5.2816503047943115
507,sim,8,1,5.377511739730835
508,sim,9,-1,5.376141786575317
509,sim,10,1,5.57302188873291
510,sim,11,-1,8.0848069190979
511,sim,12,-1,7.481650114059448
512,sim,13,1,7.566147089004517
513,sim,14,-1,8.28240156173706
514,sim,15,1,7.46604585647583
515,sim,16,-1,7.65753698348999
516,sim,17,1,9.257933139801025
517,sim,18,1,8.7762770652771
518,sim,19,1,8.928564071655273
519,sim,20,1,7.577539682388306
520,sim,21,1,9.053547620773315
521,sim,22,1,7.637831687927246
522,sim,23,1,9.60119080543518
523,sim,24,-1,9.656999111175537
524,sim,25,1,7.398785591125488
525,sim,26,-1,9.370482921600342
526,sim,27,1,8.897693872451782
527,sim,28,1,7.60223913192749
528,sim,29,1,5.923666000366211
529,sim,30,1,5.415997505187988
530,sim,31,1,7.354320049285889
531,sim,32,1,7.792510509490967
532,sim,33,1,5.376599550247192
533,sim,34,-1,5.600187540054321
534,sim,35,1,7.89511513710022
535,sim,36,1,8.229353666305542
536,sim,37,1,8.689356565475464
537,sim,38,1,8.388697385787964
538,sim,39,-1,7.94799542427063
539,sim,40,-1,8.086568593978882
540,sim,41,-1,8.586936712265015
541,sim,42,1,7.610948085784912
542,sim,43,1,7.425370693206787
543,sim,44,1,8.271027565002441
544,sim,45,1,7.956249713897705
545,sim,46,1,7.713066816329956
546,sim,47,1,8.588438749313354
547,sim,48,1,9.056303024291992
548,sim,49,1,8.829704523086548
549,sim,50,1,8.861111164093018
550,sim,51,1,8.707496643066406
551,sim,52,1,8.686251401901245
552,sim,53,1,8.163182735443115
553,sim,54,1,8.13322639465332
554,sim,55,1,5.509423017501831
555,sim,56,-1,5.492903470993042
556,sim,57,1,5.348044157028198
557,sim,58,1,7.254318952560425
558,sim,59,1,9.301001787185669
559,sim,60,1,8.756888628005981
560,sim,61,1,9.224481105804443
561,sim,62,1,9.05394721031189
562,sim,63,1,8.921782493591309
563,sim,64,1,8.622309446334839
564,sim,65,1,7.228691339492798
565,sim,66,-1,8.916968822479248
566,sim,67,1,9.057677745819092
567,sim,68,1,8.954004287719727
568,sim,69,1,9.464611530303955
569,sim,70,1,9.270419359207153
570,sim,71,1,7.296339750289917
571,sim,72,-1,9.222383499145508
572,sim,73,1,8.862727165222168
573,sim,74,1,7.666414022445679
574,sim,75,1,8.144856691360474
575,sim,76,1,6.274423837661743
576,sim,77,1,7.536718845367432
577,sim,78,1,6.505917072296143
578,sim,79,1,7.734463930130005
579,sim,80,1,7.342286586761475
580,sim,81,1,7.8826823234558105
581,sim,82,1,7.83795690536499
582,sim,83,1,8.512643814086914
583,sim,84,1,8.985682010650635
584,sim,85,-1,7.6269450187683105
585,sim,86,1,9.01157021522522
586,sim,87,1,7.147777318954468
587,sim,88,-1,6.753166675567627
588,sim,89,1,8.161094665527344
589,sim,90,1,8.622956037521362
590,sim,91,1,7.45161509513855
591,sim,92,1,8.350998401641846
592,sim,93,1,7.511301279067993
593,sim,94,1,8.26089859008789
594,sim,95,1,8.854275703430176
595,sim,96,1,8.407287120819092
596,sim,97,1,7.416235446929932
597,sim,98,1,5.8412816524505615
598,sim,99,-1,5.4722044467926025
599,sim,100,1,5.4397196769714355
600,simc,1,1,5.49916934967041
601,simc,2,1,6.126296043395996
602,simc,3,1,8.257424592971802
603,simc,4,1,8.816953182220459
604,simc,5,1,8.375976085662842
605,simc,6,1,8.873506307601929
606,simc,7,1,8.743476152420044
607,simc,8,1,8.937740802764893
608,simc,9,-1,8.681946992874146
609,simc,10,1,8.912876605987549
610,simc,11,1,8.984678745269775
611,simc,12,1,8.829070568084717
612,simc,13,1,6.238945722579956
613,simc,14,1,5.40198826789856
614,simc,15,1,5.386099338531494
615,simc,16,1,7.235869884490967
616,simc,17,-1,8.957362413406372
617,simc,18,1,8.749884366989136
618,simc,19,1,9.291972160339355
619,simc,20,1,8.83796238899231
620,simc,21,-1,8.914742231369019
621,simc,22,1,9.079185485839844
622,simc,23,1,8.837378740310669
623,simc,24,-1,7.710843086242676
624,simc,25,1,8.46554446220398
625,simc,26,1,9.031246185302734
626,simc,27,1,8.361538887023926
627,simc,28,1,8.51706337928772
628,simc,29,1,8.806864261627197
629,simc,30,1,8.776099443435669
630,simc,31,1,8.633086442947388
631,simc,32,1,9.234580516815186
632,simc,33,1,8.919864654541016
633,simc,34,1,8.016786575317383
634,simc,35,1,8.244222164154053
635,simc,36,1,6.918944358825684
636,simc,37,1,7.287723779678345
637,simc,38,1,5.660805702209473
638,simc,39,1,5.6558027267456055
639,simc,40,-1,5.4469523429870605
640,simc,41,1,5.5777013301849365
641,simc,42,1,5.5543787479400635
642,simc,43,1,5.274967670440674
643,simc,44,1,5.43665885925293
644,simc,45,1,8.644778728485107
645,simc,46,1,7.191591739654541
646,simc,47,1,9.060781478881836
647,simc,48,1,7.715939283370972
648,simc,49,1,8.271671772003174
649,simc,50,1,8.84781289100647
650,simc,51,1,8.251052856445312
651,simc,52,1,8.274231672286987
652,simc,53,1,7.949874401092529
653,simc,54,1,7.6743645668029785
654,simc,55,1,6.910024881362915
655,simc,56,1,7.057784080505371
656,simc,57,1,6.648773670196533
657,simc,58,1,7.274050712585449
658,simc,59,1,8.097777843475342
659,simc,60,1,9.261046171188354
660,simc,61,1,9.176227807998657
661,simc,62,1,8.460359334945679
662,simc,63,-1,7.229450941085815
663,simc,64,1,9.18935513496399
664,simc,65,1,8.150400638580322
665,simc,66,1,6.479167222976685
666,simc,67,-1,7.267182350158691
667,simc,68,1,8.303189754486084
668,simc,69,1,6.84775972366333
669,simc,70,-1,7.861044883728027
670,simc,71,1,9.64126181602478
671,simc,72,1,9.147300481796265
672,simc,73,-1,9.348341226577759
673,simc,74,1,9.111654281616211
674,simc,75,-1,9.002192258834839
675,simc,76,1,5.398864507675171
676,simc,77,1,5.511178493499756
677,simc,78,1,5.547858953475952
678,simc,79,1,5.456508636474609
679,simc,80,1,5.439939498901367
680,simc,81,-1,5.555075407028198
681,simc,82,1,6.651093006134033
682,simc,83,1,8.782005310058594
683,simc,84,-1,6.252157688140869
684,simc,85,1,5.547638893127441
685,simc,86,1,5.466611623764038
686,simc,87,1,6.9345619678497314
687,simc,88,1,8.959475040435791
688,simc,89,-1,9.239899635314941
689,simc,90,1,8.95051383972168
690,simc,91,1,7.6498377323150635
691,simc,92,1,8.048241138458252
692,simc,93,-1,8.200824499130249
693,simc,94,1,8.800528287887573
694,simc,95,1,8.82383680343628
695,simc,96,1,8.366555213928223
696,simc,97,-1,8.75499963760376
697,simc,98,-1,7.5952513217926025
698,simc,99,1,9.185606956481934
699,simc,100,1,8.307337045669556
700,simg,1,1,7.869813680648804
701,simg,2,-1,8.498236417770386
702,simg,3,1,8.405441284179688
703,simg,4,1,8.021668672561646
704,simg,5,1,7.851635456085205
705,simg,6,1,8.074015617370605
706,simg,7,1,5.27882981300354
707,simg,8,-1,7.326815366744995
708,simg,9,-1,9.107914447784424
709,simg,10,1,7.3523030281066895
710,simg,11,1,8.836102962493896
711,simg,12,1,8.964579582214355
712,simg,13,-1,8.23841381072998
713,simg,14,1,5.526465892791748
714,simg,15,1,9.060895681381226
715,simg,16,1,5.509039640426636
716,simg,17,1,5.427746534347534
717,simg,18,1,7.10445761680603
718,simg,19,-1,8.522904634475708
719,simg,20,1,7.534500360488892
720,simg,21,-1,8.991440773010254
721,simg,22,-1,7.23426365852356
722,simg,23,1,7.838593244552612
723,simg,24,-1,5.021003723144531
724,simg,25,1,8.92125153541565
725,simg,26,-1,6.277137041091919
726,simg,27,1,5.533150672912598
727,simg,28,1,7.1771440505981445
728,simg,29,1,5.194267272949219
729,simg,30,1,6.614807367324829
730,simg,31,-1,6.428650140762329
731,simg,32,1,7.294970750808716
732,simg,33,1,7.137667179107666
733,simg,34,-1,5.896118640899658
734,simg,35,-1,6.787522315979004
735,simg,36,1,8.217162132263184
736,simg,37,1,8.848466396331787
737,simg,38,1,6.81392765045166
738,simg,39,-1,8.49709939956665
739,simg,40,1,7.313269853591919
740,simg,41,1,8.932417631149292
741,simg,42,1,7.851828336715698
742,simg,43,1,9.195253133773804
743,simg,44,1,7.306560754776001
744,simg,45,1,8.774252653121948
745,simg,46,1,9.36041522026062
746,simg,47,1,9.702252626419067
747,simg,48,-1,5.323626518249512
748,simg,49,1,9.2495436668396
749,simg,50,1,7.801015138626099
750,simg,51,1,9.350138664245605
751,simg,52,1,5.580256462097168
752,simg,53,1,8.781500339508057
753,simg,54,1,9.35731053352356
754,simg,55,1,8.995369911193848
755,simg,56,1,9.314035892486572
756,simg,57,1,9.017093181610107
757,simg,58,1,9.156248569488525
758,simg,59,1,8.971041917800903
759,simg,60,1,9.31496286392212
760,simg,61,1,7.061941385269165
761,simg,62,1,8.651031732559204
762,simg,63,1,8.787151098251343
763,simg,64,-1,8.927287817001343
764,simg,65,1,7.136442422866821
765,simg,66,1,7.116613864898682
766,simg,67,1,6.542872190475464
767,simg,68,1,7.040236711502075
768,simg,69,-1,8.037552833557129
769,simg,70,-1,6.9620361328125
770,simg,71,1,6.887624740600586
771,simg,72,1,5.656824588775635
772,simg,73,-1,7.3649163246154785
773,simg,74,1,7.082896709442139
774,simg,75,1,5.576727867126465
775,simg,76,1,6.304983615875244
776,simg,77,1,7.414522647857666
777,simg,78,1,8.657200574874878
778,simg,79,1,8.634196519851685
779,simg,80,1,6.750809907913208
780,simg,81,-1,7.713178396224976
781,simg,82,1,7.0439372062683105
782,simg,83,1,9.060111284255981
783,simg,84,1,9.136347770690918
784,simg,85,1,6.698699951171875
785,simg,86,1,8.859925985336304
786,simg,87,1,9.285650491714478
787,simg,88,1,9.13861632347107
788,simg,89,1,9.264023303985596
789,simg,90,-1,8.531555891036987
790,simg,91,-1,8.321606874465942
791,simg,92,-1,7.940800189971924
792,simg,93,1,9.143224477767944
793,simg,94,1,9.30869197845459
794,simg,95,1,9.074279546737671
795,simg,96,-1,8.994479417800903
796,simg,97,1,8.431867122650146
797,simg,98,1,5.549181699752808
798,simg,99,1,7.201081991195679
799,simg,100,-1,6.556134939193726
800,simln,1,1,5.362829685211182
801,simln,2,-1,5.034522533416748
802,simln,3,1,6.904737949371338
803,simln,4,1,8.990333318710327
804,simln,5,1,8.179776191711426
805,simln,6,1,6.896933555603027
806,simln,7,1,5.831029891967773
807,simln,8,1,5.525370836257935
808,simln,9,1,5.499210357666016
809,simln,10,1,5.298421859741211
810,simln,11,1,6.149205923080444
811,simln,12,-1,8.951834440231323
812,simln,13,1,9.165876865386963
813,simln,14,1,8.93019962310791
814,simln,15,-1,6.847350835800171
815,simln,16,1,8.728344202041626
816,simln,17,1,8.991720914840698
817,simln,18,1,8.948684692382812
818,simln,19,1,9.235353469848633
819,simln,20,1,8.845735788345337
820,simln,21,1,8.580509424209595
821,simln,22,1,7.9632062911987305
822,simln,23,1,8.81003999710083
823,simln,24,-1,9.184490203857422
824,simln,25,1,9.03272032737732
825,simln,26,1,9.133030414581299
826,simln,27,1,9.149424314498901
827,simln,28,1,7.736586093902588
828,simln,29,1,7.889670133590698
829,simln,30,1,7.79186224937439
830,simln,31,1,6.757928371429443
831,simln,32,-1,8.10625958442688
832,simln,33,1,8.684443950653076
833,simln,34,1,8.934417963027954
834,simln,35,1,8.710150957107544
835,simln,36,1,9.069161891937256
836,simln,37,1,8.773555755615234
837,simln,38,1,7.762195110321045
838,simln,39,-1,7.564053535461426
839,simln,40,-1,6.0953333377838135
840,simln,41,-1,7.222144603729248
841,simln,42,1,7.042771100997925
842,simln,43,1,6.7524542808532715
843,simln,44,1,5.675064325332642
844,simln,45,1,8.868921756744385
845,simln,46,1,7.295930862426758
846,simln,47,-1,8.451910734176636
847,simln,48,1,7.115771293640137
848,simln,49,1,7.342047691345215
849,simln,50,1,8.941021203994751
850,simln,51,1,8.973422288894653
851,simln,52,1,5.147334337234497
852,simln,53,1,5.239996910095215
853,simln,54,1,6.930347919464111
854,simln,55,1,8.675846576690674
855,simln,56,-1,5.327086925506592
856,simln,57,1,5.493568181991577
857,simln,58,1,5.7463812828063965
858,simln,59,1,8.278235912322998
859,simln,60,1,8.376737356185913
860,simln,61,-1,8.852372646331787
861,simln,62,1,9.02356505393982
862,simln,63,1,8.922191619873047
863,simln,64,1,7.9115753173828125
864,simln,65,1,5.236672639846802
865,simln,66,1,5.15301251411438
866,simln,67,1,5.267840385437012
867,simln,68,1,5.198753356933594
868,simln,69,1,6.262221813201904
869,simln,70,1,5.197617769241333
870,simln,71,1,6.104052543640137
871,simln,72,1,8.907705783843994
872,simln,73,1,8.786097049713135
873,simln,74,1,8.995628595352173
874,simln,75,1,7.1635119915008545
875,simln,76,1,9.244969606399536
876,simln,77,1,8.793328046798706
877,simln,78,1,8.90526819229126
878,simln,79,1,8.529081106185913
879,simln,80,1,8.978445291519165
880,simln,81,1,8.261353731155396
881,simln,82,1,6.0168750286102295
882,simln,83,1,8.149638414382935
883,simln,84,-1,8.364893913269043
884,simln,85,-1,8.4166259765625
885,simln,86,1,9.070958852767944
886,simln,87,1,9.0918288230896
887,simln,88,-1,7.670613765716553
888,simln,89,1,9.00552487373352
889,simln,90,1,8.576966285705566
890,simln,91,1,8.53917121887207
891,simln,92,1,8.965470314025879
892,simln,93,1,8.926440954208374
893,simln,94,1,9.191150426864624
894,simln,95,1,7.595405101776123
895,simln,96,1,7.851584434509277
896,simln,97,1,9.06534218788147
897,simln,98,1,8.973203420639038
898,simln,99,1,8.595731973648071
899,simln,100,1,8.7440185546875
900,tue,1,1,5.2685158252716064
901,tue,2,1,5.697328090667725
902,tue,3,-1,6.967299461364746
903,tue,4,-1,7.957713842391968
904,tue,5,-1,12.326984405517578
905,tue,6,-1,12.335795640945435
906,tue,7,-1,12.389823913574219
907,tue,8,-1,12.19300103187561
908,tue,9,-1,12.355212688446045
909,tue,10,-1,12.345072746276855
910,tue,11,-1,12.366820812225342
911,tue,12,-1,15.291130065917969
912,tue,13,-1,8.687318801879883
913,tue,14,-1,9.457413673400879
914,tue,15,1,9.265516519546509
915,tue,16,1,9.054713726043701
916,tue,17,1,15.108945608139038
917,tue,18,-1,8.649190187454224
918,tue,19,1,8.965790271759033
919,tue,20,-1,8.96332573890686
920,tue,21,1,8.946706771850586
921,tue,22,-1,9.088202238082886
922,tue,23,-1,8.791844367980957
923,tue,24,1,7.844878911972046
924,tue,25,1,9.07589316368103
925,tue,26,1,8.488930702209473
926,tue,27,1,8.665756464004517
927,tue,28,1,6.418649911880493
928,tue,29,1,6.806934118270874
929,tue,30,1,6.6430344581604
930,tue,31,1,9.082521438598633
931,tue,32,1,8.623547554016113
932,tue,33,1,7.220631837844849
933,tue,34,-1,8.812739849090576
934,tue,35,-1,6.724395990371704
935,tue,36,-1,7.529964923858643
936,tue,37,1,8.069493055343628
937,tue,38,1,8.489503383636475
938,tue,39,1,9.105134010314941
939,tue,40,1,7.86616587638855
940,tue,41,-1,7.42596173286438
941,tue,42,1,26.024282455444336
942,tue,43,-1,28.7142391204834
943,tue,44,-1,28.90157723426819
944,tue,45,1,29.358513355255127
945,tue,46,1,29.34983468055725
946,tue,48,-1,9.169122695922852
947,tue,49,1,7.116106033325195
948,tue,50,1,9.191340684890747
949,tue,51,-1,8.274312496185303
950,tue,56,-1,7.829305171966553
951,tue,57,1,6.910655736923218
952,tue,58,1,7.689248561859131
953,tue,59,-1,7.905321359634399
954,tue,60,-1,8.024303436279297
955,tue,61,-1,8.260504961013794
956,tue,62,1,9.110598087310791
957,tue,63,1,9.218623638153076
958,tue,64,1,8.29436445236206
959,tue,65,1,8.849660396575928
960,tue,66,1,8.860007524490356
961,tue,67,1,7.819051504135132
962,tue,68,1,8.788920402526855
963,tue,69,-1,44.29106688499451
964,tue,72,1,8.795727014541626
965,tue,73,-1,15.554340600967407
966,tue,74,-1,8.753723382949829
967,tue,75,-1,8.434062957763672
968,tue,76,1,5.347338914871216
969,tue,77,1,24.507219552993774
970,tue,78,1,8.99569821357727
971,tue,79,-1,9.046509504318237
972,tue,80,-1,8.016667604446411
973,tue,81,-1,9.109017133712769
974,tue,82,-1,8.85202145576477
975,tue,83,1,6.57744026184082
976,tue,84,-1,8.946802616119385
977,tue,85,1,7.4922144412994385
978,tue,86,-1,8.485381603240967
979,tue,87,-1,22.284547090530396
980,tue,88,1,9.321484804153442
981,tue,89,-1,5.808297634124756
982,tue,90,-1,7.2384045124053955
983,tue,91,1,7.606630802154541
984,tue,92,-1,5.396738052368164
985,tue,93,-1,7.42778205871582
986,tue,94,1,27.20593762397766
987,tue,95,1,27.138610124588013
988,tue,96,1,27.139174938201904
989,tue,97,1,7.639871120452881
990,tue,98,1,7.528731346130371
991,tue,99,1,8.339329242706299
992,tue,100,1,6.969332218170166
993,tue,101,1,5.2975287437438965
994,tue,102,-1,6.264550447463989
995,tue,103,1,8.627476215362549
996,tue,104,-1,5.602625846862793
997,tue,106,-1,7.305155515670776
998,tue,108,-1,8.953498840332031
999,cha,1,1,8.835336685180664
1000,cha,2,1,8.464509963989258
1001,cha,3,1,8.701367855072021
1002,cha,4,-1,8.002090454101562
1003,cha,5,1,5.996013164520264
1004,cha,6,1,8.201508522033691
1005,cha,7,1,8.874441385269165
1006,cha,8,1,9.079124212265015
1007,cha,9,1,8.863526105880737
1008,cha,10,1,8.670552015304565
1009,cha,11,1,8.997716903686523
1010,cha,12,1,8.86476731300354
1011,cha,13,1,9.319679737091064
1012,cha,14,-1,8.941046237945557
1013,cha,15,1,7.7886834144592285
1014,cha,16,-1,7.401456356048584
1015,cha,17,1,5.758278131484985
1016,cha,18,-1,5.4545347690582275
1017,cha,19,-1,9.399746417999268
1018,cha,20,1,7.586961269378662
1019,cha,21,1,5.7187254428863525
1020,cha,22,1,5.68761944770813
1021,cha,23,1,7.142595052719116
1022,cha,24,1,5.830952167510986
1023,cha,25,1,5.79199481010437
1024,cha,26,-1,5.83207106590271
1025,cha,27,1,5.835328102111816
1026,cha,28,1,5.863796949386597
1027,cha,29,1,5.848881483078003
1028,cha,30,1,5.675729751586914
1029,cha,31,1,6.6295201778411865
1030,cha,32,1,8.422249794006348
1031,cha,33,1,7.891181230545044
1032,cha,34,1,5.5975341796875
1033,cha,35,1,5.826685428619385
1034,cha,36,1,6.295552015304565
1035,cha,37,1,7.26820969581604
1036,cha,38,1,8.522686958312988
1037,cha,39,1,7.955208778381348
1038,cha,40,1,8.6596200466156
1039,cha,41,-1,8.9605131149292
1040,cha,42,1,8.961137056350708
1041,cha,43,1,8.009637594223022
1042,cha,44,1,9.0665762424469
1043,cha,45,1,8.805795907974243
1044,cha,46,1,8.523559808731079
1045,cha,47,1,8.802897214889526
1046,cha,48,1,8.989537000656128
1047,cha,49,1,9.236438989639282
1048,cha,50,1,9.054646492004395
1049,cha,51,-1,9.727767944335938
1050,cha,52,1,9.353262424468994
1051,cha,53,1,9.066689491271973
1052,cha,54,1,9.044739246368408
1053,cha,55,1,9.1672523021698
1054,cha,56,1,8.90702509880066
1055,cha,57,1,6.818552732467651
1056,cha,58,1,9.146001815795898
1057,cha,59,1,9.126043796539307
1058,cha,60,1,5.810631275177002
1059,cha,61,-1,5.7438483238220215
1060,cha,62,1,5.682668447494507
1061,cha,63,1,5.735872030258179
1062,cha,64,1,8.089470148086548
1063,cha,65,1,9.041384935379028
1064,cha,66,1,8.177064418792725
1065,cha,67,1,7.660563945770264
1066,cha,68,-1,7.644780397415161
1067,cha,69,-1,6.996517658233643
1068,cha,70,1,9.36001706123352
1069,cha,71,-1,9.318399906158447
1070,cha,72,1,9.37237000465393
1071,cha,73,1,8.34167766571045
1072,cha,74,-1,8.903386116027832
1073,cha,75,1,9.614073514938354
1074,cha,76,1,8.861438751220703
1075,cha,77,1,7.882702350616455
1076,cha,78,1,8.321927785873413
1077,cha,79,1,7.673400163650513
1078,cha,80,1,8.735048294067383
1079,cha,81,1,9.08734679222107
1080,cha,82,1,9.541972398757935
1081,cha,83,1,8.637561798095703
1082,cha,84,1,7.146259546279907
1083,cha,85,-1,6.484619140625
1084,cha,86,1,7.287904739379883
1085,cha,87,1,7.658868074417114
1086,cha,88,1,6.712274551391602
1087,cha,89,1,5.962587118148804
1088,cha,90,1,7.704376459121704
1089,cha,91,1,6.894266128540039
1090,cha,92,1,5.83147668838501
1091,cha,93,1,8.328330993652344
1092,cha,94,1,8.814080476760864
1093,cha,95,1,7.75195050239563
1094,cha,96,-1,7.629351615905762
1095,cha,97,1,7.5133583545684814
1096,cha,98,1,7.609237194061279
1097,cha,99,1,9.264930248260498
1098,cha,100,1,7.817113637924194
1099,cha,101,1,8.669156789779663
1100,cha,102,1,8.60870623588562
1101,cha,103,1,9.146860837936401
1102,cha,104,1,8.68681812286377
1103,cha,105,1,8.898406267166138
1104,cha,106,1,8.189528465270996
1105,cha,107,1,7.42876124382019
1106,cha,108,1,8.654181957244873
1107,cha,109,1,8.503176212310791
1108,cha,110,1,9.00902271270752
1109,cha,111,1,8.67026400566101
1110,cha,112,1,7.34010910987854
1111,cha,113,1,7.112963676452637
1112,cha,114,1,7.409341335296631
1113,cha,115,1,5.923786878585815
1114,cha,116,-1,6.582106113433838
1115,cha,117,1,7.285705089569092
1116,cha,118,1,8.118760585784912
1117,cha,119,1,8.25875186920166
1118,cha,120,-1,7.137538909912109
1119,cha,121,1,8.672070026397705
1120,cha,122,1,7.139368295669556
1121,cha,123,1,8.539807558059692
1122,cha,124,1,8.994079351425171
1123,cha,125,1,6.5272157192230225
1124,cha,126,1,6.628219127655029
1125,cha,127,1,6.533717155456543
1126,cha,128,1,6.679287672042847
1127,cha,129,1,6.695368766784668
1128,cha,130,-1,6.771182298660278
1129,cha,131,1,7.139481544494629
1130,cha,132,1,6.777013778686523
1131,cha,133,1,7.12288236618042
1132,cha,134,-1,7.049705266952515
1133,cha,135,1,7.250982284545898
1134,cha,136,1,6.468493461608887
1135,cha,137,1,6.828217267990112
1136,cha,138,1,7.0304176807403564
1137,cha,139,1,6.5579187870025635
1138,cha,140,1,6.817951202392578
1139,cha,141,-1,6.730911016464233
1140,cha,142,1,6.817721605300903
1141,cha,143,1,6.9260475635528564
1142,cha,144,1,6.736722230911255
1143,cha,145,-1,7.325186252593994
1144,cha,146,1,6.583807468414307
1145,cha,147,1,7.050213813781738
1146,cha,148,1,6.25810980796814
1147,cha,149,1,6.909051418304443
1148,cha,150,1,6.8933703899383545
1149,cha,151,-1,6.857165098190308
1150,cha,152,1,7.20265007019043
1151,cha,153,1,6.567755460739136
1152,cha,154,1,6.566654682159424
1153,cha,155,-1,6.949387550354004
1154,cha,156,1,6.698373556137085
1155,cha,157,1,7.017796277999878
1156,cha,158,1,6.462871313095093
1157,cha,159,1,6.428786277770996
1158,cha,160,1,6.765347957611084
1159,cha,161,1,6.628819465637207
1160,cha,162,1,6.812324047088623
1161,cha,163,1,6.51296854019165
1162,cha,164,1,6.318333387374878
1163,cha,165,1,6.888826131820679
1164,cha,166,1,7.073839902877808
1165,cha,167,-1,6.794013738632202
1166,cha,168,1,6.700942039489746
1167,cha,169,1,6.85076379776001
1168,cha,170,-1,6.881059885025024
1169,cha,171,1,6.9318578243255615
1170,cha,172,1,6.397466421127319
1171,cha,173,-1,6.854127407073975
1172,cha,174,-1,7.020307302474976
1173,cha,175,1,6.760380744934082
1174,cha,176,1,6.883295774459839
1175,cha,177,1,7.018763065338135
1176,cha,178,1,6.480113744735718
1177,cha,179,1,6.849941968917847
1178,cha,180,1,6.458943128585815
1179,cha,181,1,6.9084999561309814
1180,cha,182,1,6.545340299606323
1181,cha,183,1,7.187280654907227
1182,cha,184,1,6.503423452377319
1183,cha,185,1,6.770538806915283
1184,cha,186,1,6.980379581451416
1185,cha,187,1,7.151659727096558
1186,cha,188,1,7.244662523269653
1187,cha,189,1,6.963401794433594
1188,cha,190,-1,6.638962507247925
1189,cha,191,1,6.912261486053467
1190,cha,192,1,6.217689752578735
1191,cha,193,1,6.895195245742798
1192,cha,194,-1,6.529552936553955
1193,cha,195,-1,6.996781349182129
1194,cha,196,1,6.551941633224487
1195,cha,197,-1,6.4478418827056885
1196,cha,198,-1,6.960245609283447
1197,cha,199,1,6.60505485534668
1198,cha,200,1,6.542630195617676
1199,cha,201,1,7.406404972076416
1200,cha,202,1,6.560992956161499
1201,cha,203,1,6.433599948883057
1202,cha,204,1,7.188118934631348
1203,cha,205,1,6.535904884338379
1204,cha,206,1,6.62389063835144
1205,cha,207,1,6.375792026519775
1206,cha,208,1,7.112618923187256
1207,cha,209,1,6.625583648681641
1208,cha,210,1,5.723074674606323
1209,cha,211,1,6.484294891357422
1210,cha,212,1,6.024694204330444
1211,cha,213,1,6.450721740722656
1212,cha,214,1,6.138104438781738
1213,cha,215,1,6.223464250564575
1214,cha,216,1,7.078831672668457
1215,cha,217,1,6.874982595443726
1216,cha,218,-1,6.723228931427002
1217,cha,219,-1,7.2438645362854
1218,cha,220,-1,6.709319591522217
1219,cha,221,1,6.797705411911011
1220,cha,222,1,7.270803451538086
1221,cha,223,1,6.66499400138855
1222,cha,224,1,6.657024383544922
1223,cha,225,-1,7.059823513031006
1224,cha,226,-1,6.618600845336914
1225,cha,227,1,6.437157154083252
1226,cha,228,1,6.66313624382019
1227,cha,229,-1,6.37753438949585
1228,cha,230,1,7.034259080886841
1229,cha,231,1,7.346248149871826
1230,cha,232,1,6.849714040756226
1231,cha,233,1,7.017786979675293
1232,cha,234,1,6.291900634765625
1233,cha,235,-1,6.377617359161377
1234,cha,236,-1,6.8320393562316895
1235,cha,237,1,6.57381272315979
1236,cha,238,1,6.575544118881226
1237,cha,239,1,6.541895866394043
1238,cha,240,-1,6.508004426956177
1239,cha,241,1,6.588295936584473
1240,cha,242,1,6.376072645187378
1241,cha,243,-1,6.267435312271118
1242,cha,244,1,6.071000576019287
1243,cha,245,1,6.876014232635498
1244,cha,246,-1,6.698249340057373
1245,cha,247,1,6.767470598220825
1246,cha,248,-1,6.5202178955078125
1247,cha,249,1,6.528980255126953
1248,cha,250,1,6.292822360992432
1249,cha,251,-1,7.00648307800293
1250,cha,252,1,6.893306732177734
1251,cha,253,1,6.7683632373809814
1252,cha,254,1,6.409614324569702
1253,cha,255,1,7.151042699813843
1254,cha,256,1,6.63925576210022
1255,cha,257,1,6.661096096038818
1256,cha,258,1,6.7486090660095215
1257,cha,259,1,7.0292723178863525
1258,cha,260,1,6.3986732959747314
1259,cha,261,1,6.693399429321289
1260,cha,262,-1,7.01323127746582
1261,cha,263,1,6.584486484527588
1262,cha,264,-1,6.534958362579346
1263,cha,265,-1,7.012797117233276
1264,cha,266,1,6.302551746368408
1265,cha,267,1,6.687346696853638
1266,cha,268,-1,6.5572733879089355
1267,cha,269,-1,6.833380460739136
1268,cha,270,1,6.737435817718506
1269,cha,271,-1,6.8601861000061035
1270,cha,272,-1,6.117396593093872
1271,cha,273,1,6.740435838699341
1272,cha,274,1,6.91823410987854
1273,cha,275,1,6.4688122272491455
1274,cha,276,1,6.71287202835083
1275,cha,277,-1,6.607279539108276
1276,cha,278,-1,6.797389507293701
1277,cha,279,1,6.992574453353882
1278,cha,280,1,6.603960752487183
1279,cha,281,1,6.407196521759033
1280,cha,282,1,6.569788455963135
1281,cha,283,1,6.630815505981445
1282,cha,284,1,6.74806809425354
1283,cha,285,1,7.198365926742554
1284,cha,286,1,6.840917110443115
1285,cha,287,-1,6.587716102600098
1286,cha,288,1,6.824179172515869
1287,cha,289,1,6.815820932388306
1288,cha,290,1,6.899648666381836
1289,cha,291,-1,6.9613354206085205
1290,cha,292,-1,6.991262197494507
1291,cha,293,1,7.002147197723389
1292,cha,294,1,6.969038486480713
1293,cha,295,1,6.809901714324951
1294,cha,296,-1,6.794041395187378
1295,cha,297,-1,6.905266761779785
1296,cha,298,-1,7.147505283355713
1297,cha,299,1,7.001315593719482
1298,cha,300,-1,6.8863914012908936
1299,net,1,1,6.963676929473877
1300,net,2,1,7.00964879989624
1301,net,3,1,6.7077906131744385
1302,net,4,1,6.814691066741943
1303,net,5,-1,6.296094179153442
1304,net,6,1,6.91248631477356
1305,net,7,1,6.974687814712524
1306,net,8,1,7.0662760734558105
1307,net,9,1,6.542217254638672
1308,net,10,1,6.945894002914429
1309,net,11,1,6.847189426422119
1310,net,12,1,7.123106956481934
1311,net,13,-1,7.0814008712768555
1312,net,14,1,6.723893404006958
1313,net,15,-1,6.441907644271851
1314,net,16,1,6.514431715011597
1315,net,17,1,6.929377555847168
1316,net,18,1,6.6110734939575195
1317,net,19,1,7.277009010314941
1318,net,20,1,6.948706865310669
1319,net,21,-1,6.96994161605835
1320,net,22,1,6.946571588516235
1321,net,23,-1,6.594357490539551
1322,net,24,-1,6.828559398651123
1323,net,25,1,6.943724632263184
1324,net,26,1,7.152004957199097
1325,net,27,1,6.5299601554870605
1326,net,28,1,6.860846042633057
1327,net,29,1,7.339832544326782
1328,net,30,1,7.175443172454834
1329,net,31,1,7.20250391960144
1330,net,32,1,6.894228935241699
1331,net,33,1,7.0848634243011475
1332,net,34,1,6.6402575969696045
1333,net,35,1,6.650893926620483
1334,net,36,1,6.77358603477478
1335,net,37,1,6.869801044464111
1336,net,38,1,6.835930824279785
1337,net,39,1,6.763129711151123
1338,net,40,1,7.141624450683594
1339,net,41,1,7.006780624389648
1340,net,42,-1,6.397184133529663
1341,net,43,-1,6.968625545501709
1342,net,44,1,6.777625560760498
1343,net,45,1,6.936535596847534
1344,net,46,1,6.982619524002075
1345,net,47,-1,6.424072742462158
1346,net,48,1,7.345905542373657
1347,net,49,1,6.564471244812012
1348,net,50,1,6.974562406539917
1349,net,51,1,6.817604064941406
1350,net,52,1,7.0266265869140625
1351,net,53,1,7.024601221084595
1352,net,54,1,6.989266633987427
1353,net,55,1,6.878782510757446
1354,net,56,-1,7.262832164764404
1355,net,57,1,6.699949264526367
1356,net,58,1,7.110463619232178
1357,net,59,1,6.878957748413086
1358,net,60,1,6.592911958694458
1359,net,61,1,6.448878049850464
1360,net,62,1,7.002085447311401
1361,net,63,1,7.405353784561157
1362,net,64,1,6.810538053512573
1363,net,65,1,6.9353156089782715
1364,net,66,1,6.821388244628906
1365,net,67,-1,6.742336750030518
1366,net,68,1,7.49731969833374
1367,net,69,1,6.710508108139038
1368,net,70,-1,6.766851425170898
1369,net,71,1,6.78654408454895
1370,net,72,1,6.3339738845825195
1371,net,73,1,6.935608148574829
1372,net,74,1,6.389240026473999
1373,net,75,1,6.65887188911438
1374,net,76,1,6.4988930225372314
1375,net,77,1,6.452461004257202
1376,net,78,1,6.171598672866821
1377,net,79,1,6.446370601654053
1378,net,80,1,6.968365907669067
1379,net,81,1,6.29008412361145
1380,net,82,-1,6.556980848312378
1381,net,83,1,7.397617340087891
1382,net,84,1,6.538862228393555
1383,net,85,1,6.76737904548645
1384,net,86,1,6.724367618560791
1385,net,87,1,6.793644905090332
1386,net,88,1,6.611062288284302
1387,net,89,1,6.597983121871948
1388,net,90,1,6.371645212173462
1389,net,91,1,6.5746684074401855
1390,net,92,-1,6.889612913131714
1391,net,93,1,6.6011269092559814
1392,net,94,1,6.978768825531006
1393,net,95,1,6.835079908370972
1394,net,96,-1,6.517882585525513
1395,net,97,1,7.070410251617432
1396,net,98,1,7.0527284145355225
1397,net,99,1,7.101791620254517
1398,net,100,-1,6.3820576667785645
1399,net,101,1,7.001923561096191
1400,net,102,1,6.238249063491821
1401,net,103,1,6.954534530639648
1402,net,104,1,6.481903314590454
1403,net,105,1,6.939314126968384
1404,net,106,1,6.251116752624512
1405,net,107,1,7.065140008926392
1406,net,108,1,6.760983943939209
1407,net,109,1,6.650665283203125
1408,net,110,1,6.991801023483276
1409,net,111,1,7.598328590393066
1410,net,112,1,6.403737783432007
1411,net,113,1,6.987967491149902
1412,net,114,1,6.864041566848755
1413,net,115,1,6.661771059036255
1414,net,116,-1,7.098873853683472
1415,net,117,1,6.571621656417847
1416,net,118,1,7.010713338851929
1417,net,119,-1,7.090765953063965
1418,net,120,1,6.463374376296997
1419,net,121,1,7.181489706039429
1420,net,122,1,6.805022239685059
1421,net,123,-1,6.716363430023193
1422,net,124,1,6.977729558944702
1423,net,125,-1,6.847531795501709
1424,net,126,1,6.166043996810913
1425,net,127,1,6.978670358657837
1426,net,128,1,6.980949401855469
1427,net,129,1,6.581035137176514
1428,net,130,1,6.5791404247283936
1429,net,131,1,6.7037200927734375
1430,net,132,1,6.444836139678955
1431,net,133,-1,6.6910011768341064
1432,net,134,1,6.5527753829956055
1433,net,135,-1,7.029823541641235
1434,net,136,1,6.331184148788452
1435,net,137,1,6.580570459365845
1436,net,138,1,6.904621362686157
1437,net,139,1,6.2165138721466064
1438,net,140,1,6.963719129562378
1439,net,141,1,7.354212284088135
1440,net,142,-1,6.7739293575286865
1441,net,143,1,7.232239007949829
1442,net,144,-1,6.506345510482788
1443,net,145,1,6.426689863204956
1444,net,146,1,6.734387159347534
1445,net,147,1,5.955428600311279
1446,net,148,1,7.097299575805664
1447,net,149,1,6.844397783279419
1448,net,150,1,6.884132623672485
1449,net,151,-1,6.820876598358154
1450,net,152,-1,6.626918315887451
1451,net,153,1,6.302884340286255
1452,net,154,-1,6.950069189071655
1453,net,155,1,7.079248666763306
1454,net,156,1,6.335181474685669
1455,net,157,-1,7.4948272705078125
1456,net,158,1,6.605237007141113
1457,net,159,1,7.383102655410767
1458,net,160,1,6.119876146316528
1459,net,161,1,6.485729455947876
1460,net,162,1,6.3394410610198975
1461,net,163,1,6.2668726444244385
1462,net,164,1,6.35090446472168
1463,net,165,-1,6.273105621337891
1464,net,166,1,6.811124086380005
1465,net,167,1,6.666967868804932
1466,net,168,1,7.208798408508301
1467,net,169,1,6.321619272232056
1468,net,170,1,6.456693649291992
1469,net,171,1,6.583166122436523
1470,net,172,1,6.343450546264648
1471,net,173,1,6.60564923286438
1472,net,174,1,6.536149024963379
1473,net,175,1,6.785435914993286
1474,net,176,1,6.700573444366455
1475,net,177,1,6.8413732051849365
1476,net,178,1,7.363323450088501
1477,net,179,1,6.471180438995361
1478,net,180,1,6.6700358390808105
1479,net,181,1,6.28884744644165
1480,net,182,1,6.941982269287109
1481,net,183,1,6.6461663246154785
1482,net,184,1,7.117394685745239
1483,net,185,1,6.328315019607544
1484,net,186,1,6.521297931671143
1485,net,187,-1,6.469249963760376
1486,net,188,1,6.95288348197937
1487,net,189,1,6.29820990562439
1488,net,190,1,6.207790374755859
1489,net,191,1,6.917571067810059
1490,net,192,1,7.004674196243286
1491,net,193,1,6.472628593444824
1492,net,194,1,7.013500690460205
1493,net,195,-1,7.023721694946289
1494,net,196,1,6.532229900360107
1495,net,197,-1,6.616253137588501
1496,net,198,1,7.095735311508179
1497,net,199,1,6.961541414260864
1498,net,200,1,6.800113916397095
1499,net,201,1,5.778986215591431
1500,net,202,1,6.194590330123901
1501,net,203,1,6.719199895858765
1502,net,204,1,6.910368919372559
1503,net,205,1,7.073383331298828
1504,net,206,1,6.596097946166992
1505,net,207,1,6.871806859970093
1506,net,208,-1,6.587196111679077
1507,net,209,1,6.551069259643555
1508,net,210,1,6.726967811584473
1509,net,211,1,6.802125692367554
1510,net,212,1,6.7923829555511475
1511,net,213,-1,6.565406322479248
1512,net,214,1,6.522912979125977
1513,net,215,1,6.748762130737305
1514,net,216,1,6.724026203155518
1515,net,217,1,7.267373561859131
1516,net,218,1,6.814794540405273
1517,net,219,1,6.482213973999023
1518,net,220,-1,6.733111381530762
1519,net,221,1,6.710374355316162
1520,net,222,1,5.722449064254761
1521,net,223,1,6.592494964599609
1522,net,224,1,6.818971157073975
1523,net,225,1,6.481473445892334
1524,net,226,1,6.196693658828735
1525,net,227,1,6.8450093269348145
1526,net,228,-1,7.166979789733887
1527,net,229,1,6.538632154464722
1528,net,230,1,6.8305604457855225
1529,net,231,1,6.921831369400024
1530,net,232,1,6.832547426223755
1531,net,233,1,6.574124097824097
1532,net,234,1,6.453307867050171
1533,net,235,-1,6.74994969367981
1534,net,236,1,6.464963912963867
1535,net,237,1,6.718182563781738
1536,net,238,1,6.981664419174194
1537,net,239,1,6.678910732269287
1538,net,240,1,7.19559383392334
1539,net,241,1,6.7562456130981445
1540,net,242,1,7.00269627571106
1541,net,243,1,6.947121620178223
1542,net,244,1,6.792556047439575
1543,net,245,1,6.67037558555603
1544,net,246,1,7.038830757141113
1545,net,247,1,6.702472925186157
1546,net,248,1,6.140698432922363
1547,net,249,1,7.361257076263428
1548,net,250,1,6.7885167598724365
1549,net,251,1,6.570379972457886
1550,net,252,1,7.137979030609131
1551,net,253,1,6.871949672698975
1552,net,254,-1,6.744124889373779
1553,net,255,1,6.823457717895508
1554,net,256,1,6.878127574920654
1555,net,257,1,6.931799650192261
1556,net,258,1,6.843544960021973
1557,net,259,-1,6.652936697006226
1558,net,260,1,6.42178750038147
1559,net,261,1,6.698622703552246
1560,net,262,-1,6.740884780883789
1561,net,263,1,6.781170606613159
1562,net,264,-1,6.871301174163818
1563,net,265,1,6.750786066055298
1564,net,266,1,6.7206785678863525
1565,net,267,1,6.593217849731445
1566,net,268,1,6.689730405807495
1567,net,269,1,6.304728746414185
1568,net,270,1,6.916669845581055
1569,net,271,-1,6.70292329788208
1570,net,272,1,6.6019885540008545
1571,net,273,-1,6.502326488494873
1572,net,274,1,7.11812949180603
1573,net,275,1,6.960128545761108
1574,net,276,1,7.238584280014038
1575,net,277,1,6.635421514511108
1576,net,278,1,7.07991361618042
1577,net,279,1,7.497667074203491
1578,net,280,1,6.695136785507202
1579,net,281,-1,7.151612997055054
1580,net,282,1,6.449071168899536
1581,net,283,1,6.3289666175842285
1582,net,284,1,6.615652322769165
1583,net,285,1,5.581323623657227
1584,net,286,1,6.704901218414307
1585,net,287,1,6.684961318969727
1586,net,288,1,6.92813515663147
1587,net,289,1,6.553838491439819
1588,net,290,1,6.532278776168823
1589,net,291,1,6.8952600955963135
1590,net,292,1,6.402262449264526
1591,net,293,1,7.107943773269653
1592,net,294,1,6.933346271514893
1593,net,295,1,6.754972219467163
1594,net,296,1,6.9286949634552
1595,net,297,-1,6.746514558792114
1596,net,298,-1,6.574089050292969
1597,net,299,1,6.4809370040893555
1598,net,300,1,6.307271957397461
1599,multi,1,1,6.760223388671875
1600,multi,2,1,6.643189907073975
1601,multi,3,1,6.806473731994629
1602,multi,4,1,6.461119890213013
1603,multi,5,1,6.723160743713379
1604,multi,6,-1,6.850853681564331
1605,multi,7,1,6.479201078414917
1606,multi,8,1,6.605139493942261
1607,multi,9,1,6.863257169723511
1608,multi,10,1,6.6331446170806885
1609,multi,11,1,6.950233459472656
1610,multi,12,1,7.1890459060668945
1611,multi,13,1,6.987671136856079
1612,multi,14,1,7.2939417362213135
1613,multi,15,1,6.531325101852417
1614,multi,16,1,6.764451265335083
1615,multi,17,1,6.4949212074279785
1616,multi,18,1,7.048590421676636
1617,multi,19,1,6.5742027759552
1618,multi,20,1,6.580211639404297
1619,multi,21,1,6.24132227897644
1620,multi,22,1,6.592906713485718
1621,multi,23,1,6.706165552139282
1622,multi,24,1,6.617120981216431
1623,multi,25,1,6.590358018875122
1624,multi,26,1,7.139314889907837
1625,multi,27,1,6.880622386932373
1626,multi,28,1,6.712081670761108
1627,multi,29,1,6.496328115463257
1628,multi,30,1,6.370407581329346
1629,multi,31,-1,6.360507488250732
1630,multi,32,1,7.202739238739014
1631,multi,33,1,6.931936264038086
1632,multi,34,1,6.511720180511475
1633,multi,35,1,7.097921133041382
1634,multi,36,1,6.449930906295776
1635,multi,37,1,6.410412311553955
1636,multi,38,1,6.608850479125977
1637,multi,39,1,6.8483195304870605
1638,multi,40,1,6.564617156982422
1639,multi,41,1,6.8797993659973145
1640,multi,42,1,6.729479551315308
1641,multi,43,1,6.7458579540252686
1642,multi,44,1,6.742864608764648
1643,multi,45,1,6.573105573654175
1644,multi,46,1,6.977785348892212
1645,multi,47,1,6.383357763290405
1646,multi,48,1,6.693133354187012
1647,multi,49,1,7.331515789031982
1648,multi,50,1,6.57537317276001
1649,multi,51,1,6.9883646965026855
1650,multi,52,1,6.241646766662598
1651,multi,53,1,5.937169075012207
1652,multi,54,1,6.833536386489868
1653,multi,55,1,6.561662673950195
1654,multi,56,1,7.192795515060425
1655,multi,57,1,7.036595344543457
1656,multi,58,1,6.315858602523804
1657,multi,59,1,6.555813550949097
1658,multi,60,1,6.883535385131836
1659,multi,61,1,6.698296546936035
1660,multi,62,1,6.698666334152222
1661,multi,63,1,6.84566330909729
1662,multi,64,1,6.496111869812012
1663,multi,65,1,7.374247789382935
1664,multi,66,1,6.659839868545532
1665,multi,67,1,6.912310600280762
1666,multi,68,1,6.991467475891113
1667,multi,69,1,6.635247468948364
1668,multi,70,1,7.152865648269653
1669,multi,71,1,6.496141672134399
1670,multi,72,1,6.465114116668701
1671,multi,73,1,6.59990119934082
1672,multi,74,1,6.600071907043457
1673,multi,75,1,6.352050304412842
1674,multi,76,1,6.774470329284668
1675,multi,77,1,6.958286285400391
1676,multi,78,1,6.59932017326355
1677,multi,79,1,7.0011842250823975
1678,multi,80,1,6.257803678512573
1679,multi,81,1,6.458482265472412
1680,multi,82,1,6.9944891929626465
1681,multi,83,1,6.617886543273926
1682,multi,84,1,6.679067134857178
1683,multi,85,1,6.459305286407471
1684,multi,86,1,6.782395601272583
1685,multi,87,1,6.897082805633545
1686,multi,88,1,6.942532062530518
1687,multi,89,1,6.6914567947387695
1688,multi,90,1,6.909269332885742
1689,multi,91,1,6.016633749008179
1690,multi,92,1,7.395932912826538
1691,multi,93,1,6.214002847671509
1692,multi,94,1,7.038296461105347
1693,multi,95,1,6.769129753112793
1694,multi,96,1,6.500504732131958
1695,multi,97,-1,6.294344902038574
1696,multi,98,-1,6.84596848487854
1697,multi,99,1,6.402846097946167
1698,multi,100,1,7.172752380371094
1699,multi,101,1,6.843965768814087
1700,multi,102,1,6.859886407852173
1701,multi,103,1,6.899068355560303
1702,multi,104,1,6.311201572418213
1703,multi,105,1,6.787923574447632
1704,multi,106,-1,6.839720964431763
1705,multi,107,1,6.676893711090088
1706,multi,108,1,6.91363000869751
1707,multi,109,1,6.591053485870361
1708,multi,110,1,6.463226556777954
1709,multi,111,1,6.439749240875244
1710,multi,112,1,7.118598222732544
1711,multi,113,1,7.466979742050171
1712,multi,114,-1,6.391003608703613
1713,multi,115,1,6.762441158294678
1714,multi,116,1,6.561918497085571
1715,multi,117,1,6.88289213180542
1716,multi,118,1,6.379371166229248
1717,multi,119,1,6.880927801132202
1718,multi,120,1,6.6438679695129395
1719,multi,121,1,6.85710883140564
1720,multi,122,1,6.690427303314209
1721,multi,123,1,6.740220308303833
1722,multi,124,1,6.159282207489014
1723,multi,125,-1,6.8540940284729
1724,multi,126,1,6.905519962310791
1725,multi,127,1,6.586874485015869
1726,multi,128,1,6.891826391220093
1727,multi,129,1,6.355439186096191
1728,multi,130,-1,6.49012565612793
1729,multi,131,-1,6.750048398971558
1730,multi,132,1,6.471020698547363
1731,multi,133,1,6.270519971847534
1732,multi,134,1,6.439858436584473
1733,multi,135,1,6.3086583614349365
1734,multi,136,1,6.586108207702637
1735,multi,137,1,6.3008317947387695
1736,multi,138,1,7.3672401905059814
1737,multi,139,1,6.461611986160278
1738,multi,140,1,7.086000919342041
1739,multi,141,1,6.066469430923462
1740,multi,142,-1,6.534271001815796
1741,multi,143,1,6.3877551555633545
1742,multi,144,1,6.333775758743286
1743,multi,145,1,6.753422260284424
1744,multi,146,-1,6.6778669357299805
1745,multi,147,1,6.691906452178955
1746,multi,148,1,6.359945297241211
1747,multi,149,1,6.661571025848389
1748,multi,150,-1,6.623829126358032
1749,multi,151,-1,6.4203126430511475
1750,multi,152,1,6.910069465637207
1751,multi,153,1,6.668546915054321
1752,multi,154,1,7.134965896606445
1753,multi,155,1,7.100789308547974
1754,multi,156,1,6.363418817520142
1755,multi,157,-1,7.039228677749634
1756,multi,158,1,6.124484300613403
1757,multi,159,1,6.776635646820068
1758,multi,160,1,6.569258213043213
1759,multi,161,1,7.32983922958374
1760,multi,162,1,6.495729923248291
1761,multi,163,1,6.577757120132446
1762,multi,164,-1,6.756441593170166
1763,multi,165,1,7.023482799530029
1764,multi,166,1,6.636753559112549
1765,multi,167,1,6.8267176151275635
1766,multi,168,1,7.037365436553955
1767,multi,169,1,6.522753477096558
1768,multi,170,1,7.206408739089966
1769,multi,171,1,6.867181777954102
1770,multi,172,-1,6.65406346321106
1771,multi,173,1,6.34762716293335
1772,multi,174,1,7.207353115081787
1773,multi,175,1,6.645712852478027
1774,multi,176,1,7.170503854751587
1775,multi,177,1,7.144837141036987
1776,multi,178,1,6.426701068878174
1777,multi,179,1,6.993259429931641
1778,multi,180,1,6.8250885009765625
1779,multi,181,1,7.134612083435059
1780,multi,182,1,6.201568841934204
1781,multi,183,1,6.618313789367676
1782,multi,184,1,6.647714614868164
1783,multi,185,-1,5.86404013633728
1784,multi,186,1,7.003088712692261
1785,multi,187,1,6.727712869644165
1786,multi,188,1,6.460678339004517
1787,multi,189,1,6.839355707168579
1788,multi,190,1,6.940495252609253
1789,multi,191,1,6.426152467727661
1790,multi,192,1,6.553173303604126
1791,multi,193,1,6.882753372192383
1792,multi,194,1,7.080511808395386
1793,multi,195,1,7.038731575012207
1794,multi,196,1,6.350946426391602
1795,multi,197,1,7.244700193405151
1796,multi,198,1,7.239340305328369
1797,multi,199,1,6.469647645950317
1798,multi,200,1,7.255000352859497
1799,multi,201,1,7.20473837852478
1800,multi,202,1,6.536886692047119
1801,multi,203,1,7.6517534255981445
1802,multi,204,1,9.038347005844116
1803,multi,205,1,9.087497472763062
1804,multi,206,1,7.746731519699097
1805,multi,207,-1,8.219256401062012
1806,multi,208,1,8.374612092971802
1807,multi,209,1,7.233317613601685
1808,multi,210,1,7.512960195541382
1809,multi,211,1,7.655773878097534
1810,multi,212,1,7.652291297912598
1811,multi,213,1,9.347370624542236
1812,multi,214,1,5.843780040740967
1813,multi,215,1,5.90519380569458
1814,multi,216,1,5.977166175842285
1815,multi,217,1,5.9513304233551025
1816,multi,218,1,8.947809934616089
1817,multi,219,1,5.923097848892212
1818,multi,220,1,6.2865986824035645
1819,multi,221,1,7.672652244567871
1820,multi,222,1,8.493750810623169
1821,multi,223,1,9.370902061462402
1822,multi,224,1,8.715677738189697
1823,multi,225,1,7.904018878936768
1824,multi,226,1,7.6126813888549805
1825,multi,227,1,7.791183948516846
1826,multi,228,1,8.323441743850708
1827,multi,229,1,8.618151187896729
1828,multi,230,1,6.955915212631226
1829,multi,231,1,7.537700891494751
1830,multi,232,1,9.34068751335144
1831,multi,233,1,8.864429950714111
1832,multi,234,1,8.643707275390625
1833,multi,235,1,7.065662860870361
1834,multi,236,1,7.800714492797852
1835,multi,237,1,9.282799243927002
1836,multi,238,1,8.234046697616577
1837,multi,239,1,9.6222403049469
1838,multi,240,1,8.013125658035278
1839,multi,241,1,6.01677393913269
1840,multi,242,1,7.411020040512085
1841,multi,243,1,6.009603023529053
1842,multi,244,1,6.021738767623901
1843,multi,245,1,5.987632513046265
1844,multi,246,1,5.78372049331665
1845,multi,247,1,7.3194663524627686
1846,multi,248,1,7.302386522293091
1847,multi,249,1,6.1629533767700195
1848,multi,250,1,8.61698317527771
1849,multi,251,1,7.950230836868286
1850,multi,252,1,8.887360334396362
1851,multi,253,1,6.0000011920928955
1852,multi,254,1,7.046972751617432
1853,multi,255,1,9.262256145477295
1854,multi,256,1,9.078821420669556
1855,multi,257,1,8.206356287002563
1856,multi,258,1,8.149297952651978
1857,multi,259,1,8.209432363510132
1858,multi,260,1,8.692452669143677
1859,multi,261,1,9.062587022781372
1860,multi,262,1,9.43158507347107
1861,multi,263,1,9.775774002075195
1862,multi,264,1,9.71018648147583
1863,multi,265,-1,9.118915796279907
1864,multi,266,1,8.251686096191406
1865,multi,267,1,9.072378635406494
1866,multi,268,1,9.660850286483765
1867,multi,269,-1,5.985528469085693
1868,multi,270,1,6.458973407745361
1869,multi,271,1,7.4288763999938965
1870,multi,272,1,5.934681415557861
1871,multi,273,1,6.110468149185181
1872,multi,274,1,8.230014562606812
1873,multi,275,1,7.813180923461914
1874,multi,276,1,7.381576299667358
1875,multi,277,1,7.985188961029053
1876,multi,278,1,6.084414482116699
1877,multi,279,1,5.755632638931274
1878,multi,280,1,6.005985260009766
1879,multi,281,1,5.838242292404175
1880,multi,282,1,7.108837366104126
1881,multi,283,1,7.2321555614471436
1882,multi,284,1,8.978363990783691
1883,multi,285,1,9.080031156539917
1884,multi,286,1,9.004870176315308
1885,multi,287,1,8.898125171661377
1886,multi,288,1,10.101019144058228
1887,multi,289,-1,7.3282411098480225
1888,multi,290,1,8.858222484588623
1889,multi,291,1,8.403932094573975
1890,multi,292,1,9.274656772613525
1891,multi,293,1,8.511455774307251
1892,multi,294,1,8.748017311096191
1893,multi,295,1,6.86989688873291
1894,multi,296,1,6.092392444610596
1895,multi,297,1,5.97491979598999
1896,multi,298,1,7.662867069244385
1897,multi,299,1,8.813199996948242
1898,multi,300,1,8.67507553100586
1899,d4s1,1,1,9.129953861236572
1900,d4s1,2,1,8.963831186294556
1901,d4s1,3,1,7.670808792114258
1902,d4s1,4,-1,9.072778701782227
1903,d4s1,5,-1,8.562128067016602
1904,d4s1,6,-1,8.35309100151062
1905,d4s1,7,-1,8.208553314208984
1906,d4s1,8,-1,6.513681411743164
1907,d4s1,9,-1,6.0971808433532715
1908,d4s1,10,1,8.043343782424927
1909,d4s1,11,-1,8.099827289581299
1910,d4s1,12,1,5.795936584472656
1911,d4s1,13,-1,5.469036817550659
1912,d4s1,14,-1,6.338473081588745
1913,d4s1,15,1,6.022871732711792
1914,d4s1,16,1,5.827253580093384
1915,d4s1,17,1,5.8975677490234375
1916,d4s1,18,1,6.132247447967529
1917,d4s1,19,1,5.744215250015259
1918,d4s1,20,-1,5.794251203536987
1919,d4s1,21,1,6.201006174087524
1920,d4s1,22,1,6.142184019088745
1921,d4s1,23,-1,5.629161834716797
1922,d4s1,24,1,5.794508218765259
1923,d4s2a,1,-1,5.608299732208252
1924,d4s2a,2,1,5.744471311569214
1925,d4s2a,3,1,5.6187639236450195
1926,d4s2a,4,1,5.7502031326293945
1927,d4s2a,5,1,5.731059789657593
1928,d4s2a,6,1,5.843091726303101
1929,d4s2a,7,-1,5.54968523979187
1930,d4s2a,8,1,5.837221384048462
1931,d4s2a,9,-1,5.888463973999023
1932,d4s2a,10,1,6.51209020614624
1933,d4s2a,11,1,5.899627208709717
1934,d4s2a,12,1,5.736278057098389
1935,d4s2a,13,1,5.971146583557129
1936,d4s2a,14,1,5.807313680648804
1937,d4s2a,15,1,5.929494619369507
1938,d4s2a,16,-1,5.356661319732666
1939,d4s2a,17,1,5.681000471115112
1940,d4s2a,18,1,6.431391000747681
1941,d4s2a,19,1,6.219132661819458
1942,d4s2a,20,1,6.197690725326538
1943,d4s2a,21,1,6.329158544540405
1944,d4s2a,22,1,6.570972442626953
1945,d4s2a,23,-1,5.9924561977386475
1946,d4s2a,24,1,6.407623529434204
1947,d4s2a,25,1,5.720026254653931
1948,d4s2a,26,-1,5.881716012954712
1949,d4s2a,27,1,6.33118748664856
1950,d4s2a,28,1,6.663084983825684
1951,d4s2a,29,1,5.970000982284546
1952,d4s2a,30,1,6.533590793609619
1953,d4s2a,31,1,5.760727167129517
1954,d4s2a,32,1,5.738380432128906
1955,d4s2a,33,1,6.330572843551636
1956,d4s2a,34,1,5.556214094161987
1957,d4s2a,35,-1,6.026412010192871
1958,d4s2a,36,1,5.695404529571533
1959,d4s2a,37,1,6.736523151397705
1960,d4s2a,38,1,5.968738555908203
1961,d4s2a,39,-1,6.353336572647095
1962,d4s2a,40,-1,6.083766222000122
1963,d4s2a,41,1,5.694345474243164
1964,d4s2a,42,1,6.79760217666626
1965,d4s2a,43,1,5.488232135772705
1966,d4s2a,44,-1,5.658733129501343
1967,d4s2a,45,1,6.717077016830444
1968,d4s2a,46,1,5.850457191467285
1969,d4s2a,47,-1,5.971134901046753
1970,d4s2a,48,-1,5.696391820907593
1971,d4s2a,49,-1,5.79190468788147
1972,d4s2a,50,-1,6.21565318107605
1973,d4s2a,51,1,5.7425806522369385
1974,d4s2a,52,1,6.022284746170044
1975,d4s2a,53,-1,5.814790487289429
1976,d4s2a,54,-1,6.3000428676605225
1977,d4s2a,55,-1,6.172832012176514
1978,d4s2a,56,-1,6.09862208366394
1979,d4s2a,57,-1,6.125875949859619
1980,d4s2a,58,-1,5.48667049407959
1981,d4s2a,59,1,6.268628358840942
1982,d4s2a,60,1,5.6551899909973145
1983,d4s2a,61,1,5.77966833114624
1984,d4s2a,62,1,5.848176717758179
1985,d4s2a,63,1,5.605214834213257
1986,d4s2a,64,1,6.64825177192688
1987,d4s2a,65,-1,5.78529167175293
1988,d4s2a,66,-1,6.616640090942383
1989,d4s2a,67,-1,6.161550045013428
1990,d4s2a,68,-1,5.82395601272583
1991,d4s2a,69,1,6.053156137466431
1992,d4s2a,70,1,5.84820818901062
1993,d4s2a,71,1,5.895065069198608
1994,d4s2a,72,1,5.493206024169922
1995,d4s2a,73,-1,5.675181865692139
1996,d4s2a,74,-1,5.604693412780762
1997,d4s2a,75,-1,5.335082530975342
1998,d4s2a,76,-1,6.074831008911133
1999,d4s2a,77,1,5.997645139694214
2000,d4s2a,78,1,6.133813381195068
2001,d4s2a,79,1,6.120009183883667
2002,d4s2a,80,1,6.015264272689819
2003,d4s2a,81,-1,5.6639344692230225
2004,d4s2a,82,-1,6.1736860275268555
2005,d4s2a,83,1,6.074746608734131
2006,d4s2a,84,1,5.7295050621032715
2007,d4s2a,85,-1,6.684291362762451
2008,d4s2a,86,-1,5.590421915054321
2009,d4s2a,87,-1,5.773356676101685
2010,d4s2a,88,-1,6.2102906703948975
2011,d4s2a,89,-1,5.84122896194458
2012,d4s2a,90,-1,6.066359281539917
2013,d4s2a,91,-1,5.771728515625
2014,d4s2a,92,-1,5.616764545440674
2015,d4s2a,93,1,6.381176233291626
2016,d4s2a,94,1,6.252739191055298
2017,d4s2a,95,-1,5.716442108154297
2018,d4s2a,96,1,6.518675804138184
2019,d4s2a,97,-1,6.1303722858428955
2020,d4s2a,98,-1,6.712812185287476
2021,d4s2a,99,1,6.316135406494141
2022,d4s2a,100,1,5.857424736022949
2023,d4s2a,101,-1,6.346262216567993
2024,d4s2a,102,-1,5.609480142593384
2025,d4s2a,103,1,6.004990577697754
2026,d4s2a,104,1,6.086440324783325
2027,d4s2a,105,1,6.046598196029663
2028,d4s2a,106,1,6.274217367172241
2029,d4s2a,107,-1,5.918529272079468
2030,d4s2a,108,1,5.56359076499939
2031,d4s2a,109,-1,6.078130722045898
2032,d4s2a,110,-1,6.894470453262329
2033,d4s2a,111,1,5.739101886749268
2034,d4s2a,112,-1,6.010673761367798
2035,d4s2a,113,1,6.294411897659302
2036,d4s2a,114,1,5.813459396362305
2037,d4s2a,115,1,5.703020095825195
2038,d4s2a,116,1,5.7168192863464355
2039,d4s2a,117,-1,6.305508375167847
2040,d4s2a,118,-1,6.1665332317352295
2041,d4s2a,119,1,5.558329820632935
2042,d4s2a,120,1,5.849941730499268
2043,d4s2a,121,-1,5.821213960647583
2044,d4s2a,122,-1,5.828752040863037
2045,d4s2a,123,1,6.656902551651001
2046,d4s2a,124,1,5.7246434688568115
2047,d4s2a,125,1,6.078683614730835
2048,d4s2a,126,1,5.8532233238220215
2049,d4s2a,127,-1,5.917120456695557
2050,d4s2a,128,1,6.746550559997559
2051,d4s2a,129,1,5.981851577758789
2052,d4s2a,130,1,6.146430492401123
2053,d4s2a,131,1,5.7597692012786865
2054,d4s2a,132,1,6.601759910583496
2055,d4s2a,133,1,5.995983362197876
2056,d4s2a,134,1,5.405487298965454
2057,d4s2a,135,1,5.781207323074341
2058,d4s2a,136,1,6.356652021408081
2059,d4s2a,137,1,5.662639856338501
2060,d4s2a,138,1,5.695749521255493
2061,d4s2a,139,1,6.299950361251831
2062,d4s2a,140,1,6.167928218841553
2063,d4s2a,141,1,6.066905498504639
2064,d4s2a,142,1,6.615394592285156
2065,d4s2a,143,1,5.708554983139038
2066,d4s2a,144,1,6.392389297485352
2067,d4s2a,145,-1,5.972468614578247
2068,d4s2a,146,-1,6.029504299163818
2069,d4s2a,147,1,6.159575939178467
2070,d4s2a,148,-1,6.4141364097595215
2071,d4s2a,149,-1,7.433965682983398
2072,d4s2a,150,1,6.855022430419922
2073,d4s2a,151,-1,5.93561577796936
2074,d4s2a,152,-1,5.7448813915252686
2075,d4s2a,153,-1,5.89883828163147
2076,d4s2a,154,-1,5.998169660568237
2077,d4s2a,155,1,6.21032452583313
2078,d4s2a,156,1,6.06950044631958
2079,d4s2a,157,1,5.939730405807495
2080,d4s2a,158,1,6.439248085021973
2081,d4s2a,159,1,6.039851665496826
2082,d4s2a,160,1,5.950913667678833
2083,d4s2a,161,-1,6.374159336090088
2084,d4s2a,162,-1,6.398333787918091
2085,d4s2a,163,1,6.554599046707153
2086,d4s2a,164,-1,6.155032634735107
2087,d4s2a,165,-1,6.306359529495239
2088,d4s2a,166,-1,6.378877401351929
2089,d4s2a,167,1,6.102153062820435
2090,d4s2a,168,1,6.835814714431763
2091,d4s2a,169,-1,6.017102479934692
2092,d4s2a,170,-1,6.380860090255737
2093,d4s2a,171,-1,5.919227838516235
2094,d4s2a,172,-1,6.387451171875
2095,d4s2a,173,-1,5.4061195850372314
2096,d4s2a,174,1,6.2151055335998535
2097,d4s2a,175,1,5.729434251785278
2098,d4s2a,176,1,6.48736310005188
2099,d4s2a,177,-1,5.96478796005249
2100,d4s2a,178,-1,5.951894998550415
2101,d4s2a,179,-1,6.706892728805542
2102,d4s2a,180,-1,6.720301628112793
2103,d4s2a,181,-1,6.04924201965332
2104,d4s2a,182,-1,5.728306293487549
2105,d4s2a,183,-1,6.621971130371094
2106,d4s2a,184,-1,5.9144980907440186
2107,d4s2a,185,-1,6.444973468780518
2108,d4s2a,186,1,6.243332147598267
2109,d4s2a,187,-1,5.936320543289185
2110,d4s2a,188,1,5.922941446304321
2111,d4s2a,189,-1,5.912784814834595
2112,d4s2a,190,-1,5.849008798599243
2113,d4s2a,191,-1,5.761795997619629
2114,d4s2a,192,-1,6.1664958000183105
2115,d4s2a,193,-1,5.7494215965271
2116,d4s2a,194,-1,6.015713691711426
2117,d4s2a,195,1,6.192415714263916
2118,d4s2a,196,1,5.895262241363525
2119,d4s2a,197,1,5.616676092147827
2120,d4s2a,198,1,6.055450916290283
2121,d4s2a,199,1,5.7842857837677
2122,d4s2a,200,1,6.261318683624268
2123,d4s2a,201,1,6.186129093170166
2124,d4s2a,202,1,6.214165449142456
2125,d4s2a,203,-1,6.814120531082153
2126,d4s2a,204,-1,5.934258460998535
2127,d4s2a,205,-1,6.0688395500183105
2128,d4s2a,206,-1,5.643274784088135
2129,d4s2a,207,-1,6.397469997406006
2130,d4s2a,208,-1,6.617459058761597
2131,d4s2a,209,1,5.812142372131348
2132,d4s2a,210,-1,5.957791328430176
2133,d4s2a,211,-1,6.3178441524505615
2134,d4s2a,212,1,6.386101484298706
2135,d4s2a,213,1,6.463470458984375
2136,d4s2a,214,1,5.841682434082031
2137,d4s2a,215,1,5.9453442096710205
2138,d4s2a,216,1,6.357012510299683
2139,d4s2a,217,1,5.595272779464722
2140,d4s2a,218,1,5.776788234710693
2141,d4s2a,219,1,5.558753490447998
2142,d4s2a,220,1,5.747396945953369
2143,d4s2a,221,1,6.668819427490234
2144,d4s2a,222,1,6.150651693344116
2145,d4s2a,223,-1,5.813813924789429
2146,d4s2a,224,-1,5.74635648727417
2147,d4s2a,225,1,6.7282936573028564
2148,d4s2a,226,1,6.1589274406433105
2149,d4s2a,227,1,5.523289918899536
2150,d4s2a,228,1,5.812674283981323
2151,d4s2a,229,1,6.730797529220581
2152,d4s2a,230,1,5.761690139770508
2153,d4s2a,231,1,5.479783535003662
2154,d4s2a,232,1,5.867156982421875
2155,d4s2a,233,1,5.499481439590454
2156,d4s2a,234,1,5.705028772354126
2157,d4s2a,235,1,5.694060802459717
2158,d4s2a,236,1,6.274160385131836
2159,d4s2a,237,1,5.8066229820251465
2160,d4s2a,238,1,6.350626707077026
2161,d4s2a,239,-1,5.91015887260437
2162,d4s2a,240,-1,5.701545476913452
2163,d4s2a,241,-1,5.981531143188477
2164,d4s2a,242,-1,5.5507073402404785
2165,d4s2a,243,1,5.752113342285156
2166,d4s2a,244,1,6.310042142868042
2167,d4s2a,245,1,6.174203395843506
2168,d4s2a,246,1,5.700253486633301
2169,d4s2a,247,1,6.6302266120910645
2170,d4s2a,248,-1,5.561856269836426
2171,d4s2a,249,-1,5.843107461929321
2172,d4s2a,250,-1,6.231528282165527
2173,d4s2a,251,1,6.552171945571899
2174,d4s2a,252,1,6.368830442428589
2175,d4s2a,253,-1,5.921568393707275
2176,d4s2a,254,-1,5.672014951705933
2177,d4s2a,255,1,6.166748762130737
2178,d4s2a,256,1,6.366774559020996
2179,d4s2a,257,-1,5.689727544784546
2180,d4s2a,258,-1,6.870985507965088
2181,d4s2a,259,-1,6.0844597816467285
2182,d4s2a,260,-1,5.688366651535034
2183,d4s2a,261,1,6.964098215103149
2184,d4s2a,262,1,5.9122514724731445
2185,d4s2a,263,-1,6.169620752334595
2186,d4s2a,264,-1,5.746958494186401
2187,d4s2a,265,-1,5.953181028366089
2188,d4s2a,266,1,5.676372289657593
2189,d4s2a,267,1,5.601086854934692
2190,d4s2a,268,1,5.524889707565308
2191,d4s2a,269,1,5.850023508071899
2192,d4s2a,270,1,6.011500597000122
2193,d4s2a,271,-1,5.590760946273804
2194,d4s2a,272,-1,6.086968660354614
2195,d4s2a,273,1,5.774686813354492
2196,d4s2a,274,1,5.944106101989746
2197,d4s2a,275,1,5.829832553863525
2198,d4s2a,276,-1,5.78898811340332
2199,d4s2a,277,1,5.78012490272522
2200,d4s2a,278,-1,6.056126594543457
2201,d4s2a,279,1,5.707277297973633
2202,d4s2a,280,-1,5.6980061531066895
2203,d4s2a,281,1,6.047126054763794
2204,d4s2a,282,-1,6.17727255821228
2205,d4s2a,283,-1,5.674507141113281
2206,d4s2a,284,1,5.885266065597534
2207,d4s2a,285,1,5.9519219398498535
2208,d4s2a,286,1,5.200294494628906
2209,d4s2a,287,1,5.830185890197754
2210,d4s2a,288,1,6.3220624923706055
2211,d4s2a,289,1,5.500819206237793
2212,d4s2a,290,1,5.858211994171143
2213,d4s2a,291,-1,6.3254289627075195
2214,d4s2a,292,1,5.894708633422852
2215,d4s2a,293,1,6.017861843109131
2216,d4s2a,294,1,5.747266530990601
2217,d4s2a,295,-1,6.4300127029418945
2218,d4s2a,296,1,5.796492576599121
2219,d4s2a,297,1,6.076983213424683
2220,d4s2a,298,1,5.860396146774292
2221,d4s2a,299,1,5.60086464881897
2222,d4s2a,300,1,5.842864036560059
2223,d4s2a,301,1,5.698624610900879
2224,d4s2a,302,1,6.237949371337891
2225,d4s2a,303,1,5.727893590927124
2226,d4s2a,304,1,5.8145928382873535
2227,d4s2a,305,-1,5.788019895553589
2228,d4s2a,306,-1,7.095602989196777
2229,d4s2a,307,-1,5.904429197311401
2230,d4s2a,308,-1,6.224725723266602
2231,d4s2a,309,1,6.847994089126587
2232,d4s2a,310,-1,5.9745192527771
2233,d4s2a,311,-1,5.910419225692749
2234,d4s2a,312,1,5.975778818130493
2235,d4s2a,313,-1,5.7908103466033936
2236,d4s2a,314,-1,6.3746559619903564
2237,d4s2a,315,-1,6.429713487625122
2238,d4s2a,316,-1,6.172802686691284
2239,d4s2a,317,-1,5.983419418334961
2240,d4s2a,318,1,5.711976051330566
2241,d4s2a,319,-1,5.604043960571289
2242,d4s2a,320,1,5.635109901428223
2243,d4s2a,321,1,6.28646993637085
2244,d4s2a,322,1,6.40745210647583
2245,d4s2a,323,1,5.6020636558532715
2246,d4s2a,324,1,5.463688135147095
2247,d4s2a,325,-1,6.088058710098267
2248,d4s2a,326,1,6.068484783172607
2249,d4s2a,327,1,5.743259906768799
2250,d4s2a,328,1,6.736601829528809
2251,d4s2a,329,1,5.54408597946167
2252,d4s2a,330,1,5.792492628097534
2253,d4s2a,331,-1,5.90630030632019
2254,d4s2a,332,-1,6.172824859619141
2255,d4s2a,333,1,5.554678678512573
2256,d4s2a,334,1,6.1244120597839355
2257,d4s2a,335,-1,6.205628156661987
2258,d4s2a,336,-1,6.191678047180176
2259,d4s2a,337,1,6.235018253326416
2260,d4s2a,338,1,6.135034084320068
2261,d4s2a,339,-1,6.419578552246094
2262,d4s2a,340,-1,5.462550163269043
2263,d4s2a,341,1,5.9045329093933105
2264,d4s2a,342,1,5.773760557174683
2265,d4s2a,343,1,5.8691322803497314
2266,d4s2a,344,1,5.685832738876343
2267,d4s2a,345,1,6.1531150341033936
2268,d4s2a,346,1,6.055478811264038
2269,d4s2a,347,1,5.757373809814453
2270,d4s2a,348,1,6.340401887893677
2271,d4s2a,349,-1,5.767582178115845
2272,d4s2a,350,1,6.518895387649536
2273,d4s2a,351,1,6.127476692199707
2274,d4s2a,352,1,5.919037103652954
2275,d4s2b,1,-1,5.7294909954071045
2276,d4s2b,2,1,6.19508695602417
2277,d4s2b,3,1,6.431297540664673
2278,d4s2b,4,-1,6.649741888046265
2279,d4s2b,5,1,5.8331990242004395
2280,d4s2b,6,1,5.765527725219727
2281,d4s2b,7,1,5.829747915267944
2282,d4s2b,8,-1,6.543175458908081
2283,d4s2b,9,1,6.4966957569122314
2284,d4s2b,10,-1,5.818063497543335
2285,d4s2b,11,-1,5.658066511154175
2286,d4s2b,12,-1,6.669580459594727
2287,d4s2b,13,1,6.099853277206421
2288,d4s2b,14,1,6.2220776081085205
2289,d4s2b,15,-1,6.110595226287842
2290,d4s2b,16,1,5.9843199253082275
2291,d4s2b,17,-1,5.926307678222656
2292,d4s2b,18,-1,5.773833274841309
2293,d4s2b,19,-1,5.995470285415649
2294,d4s2b,20,1,6.564656972885132
2295,d4s2b,21,1,5.52056360244751
2296,d4s2b,22,1,6.150102853775024
2297,d4s2b,23,1,6.075678586959839
2298,d4s2b,24,1,6.144546747207642
2299,d4s2b,25,-1,6.074240207672119
2300,d4s2b,26,1,6.233604192733765
2301,d4s2b,27,-1,5.860487699508667
2302,d4s2b,28,-1,5.760826349258423
2303,d4s2b,29,-1,5.871715784072876
2304,d4s2b,30,-1,5.665682792663574
2305,d4s2b,31,-1,6.76527214050293
2306,d4s2b,32,1,5.724123001098633
2307,d4s2b,33,1,5.952551364898682
2308,d4s2b,34,-1,5.59787392616272
2309,d4s2b,35,-1,5.72235107421875
2310,d4s2b,36,1,5.507258892059326
2311,d4s2b,37,-1,5.944951772689819
2312,d4s2b,38,-1,5.67027473449707
2313,d4s2b,39,1,5.85215163230896
2314,d4s2b,40,1,5.747459650039673
2315,d4s2b,41,-1,7.159947156906128
2316,d4s2b,42,-1,5.575078725814819
2317,d4s2b,43,1,6.109973907470703
2318,d4s2b,44,1,6.045359134674072
2319,d4s2b,45,-1,5.912925481796265
2320,d4s2b,46,1,6.3626861572265625
2321,d4s2b,47,-1,5.922563791275024
2322,d4s2b,48,-1,5.811257839202881
2323,d4s2b,49,-1,6.373499870300293
2324,d4s2b,50,-1,6.24120020866394
2325,d4s2b,51,-1,6.305954456329346
2326,d4s2b,52,-1,5.935104131698608
2327,d4s2b,53,-1,6.203871726989746
2328,d4s2b,54,-1,5.969225168228149
2329,d4s2b,55,1,5.945647478103638
2330,d4s2b,56,-1,5.775086402893066
2331,d4s2b,57,1,5.782859563827515
2332,d4s2b,58,-1,5.8098602294921875
2333,d4s2b,59,1,5.692370653152466
2334,d4s2b,60,1,5.809305191040039
2335,d4s2b,61,1,5.572887420654297
2336,d4s2b,62,-1,5.928318023681641
2337,d4s2b,63,1,5.618337154388428
2338,d4s2b,64,-1,6.114116191864014
2339,d4s2b,65,1,5.700204610824585
2340,d4s2b,66,1,5.661164045333862
2341,d4s2b,67,-1,5.609020233154297
2342,d4s2b,68,-1,5.854700565338135
2343,d4s2b,69,-1,6.7237818241119385
2344,d4s2b,70,-1,5.80427098274231
2345,d4s2b,71,-1,5.865006923675537
2346,d4s2b,72,-1,5.588634490966797
2347,d4s2b,73,1,6.5955634117126465
2348,d4s2b,74,1,6.217681169509888
2349,d4s2b,75,-1,5.625168561935425
2350,d4s2b,76,-1,6.209083795547485
2351,d4s2b,77,-1,5.774944305419922
2352,d4s2b,78,-1,5.917501926422119
2353,d4s2b,79,-1,6.3488805294036865
2354,d4s2b,80,-1,6.119495868682861
2355,d4s2b,81,-1,5.595036745071411
2356,d4s2b,82,-1,5.439854145050049
2357,d4s2b,83,-1,5.972795724868774
2358,d4s2b,84,-1,6.04761266708374
2359,d4s2b,85,1,5.890780210494995
2360,d4s2b,86,1,5.877474069595337
2361,d4s2b,87,-1,5.590000867843628
2362,d4s2b,88,-1,5.82243800163269
2363,d4s2b,89,-1,5.615074396133423
2364,d4s2b,90,-1,5.73724627494812
2365,d4s2b,91,-1,6.054771661758423
2366,d4s2b,92,-1,5.916123390197754
2367,d4s2b,93,-1,5.751931667327881
2368,d4s2b,94,-1,5.699364900588989
2369,d4s2b,95,-1,5.974790096282959
2370,d4s2b,96,-1,5.700589179992676
2371,d4s2b,97,1,5.630828142166138
2372,d4s2b,98,1,5.926661491394043
2373,d4s2b,99,1,6.095067977905273
2374,d4s2b,100,-1,6.2476606369018555
2375,d4s2b,101,-1,5.780523300170898
2376,d4s2b,102,-1,6.243181228637695
2377,d4s2b,103,1,5.789679527282715
2378,d4s2b,104,-1,5.952996492385864
2379,d4s2b,105,-1,6.430293798446655
2380,d4s2b,106,-1,5.747327566146851
2381,d4s2b,107,1,6.251248598098755
2382,d4s2b,108,1,6.316327333450317
2383,d4s2b,109,-1,5.8247716426849365
2384,d4s2b,110,-1,5.75454044342041
2385,d4s2b,111,1,6.167682647705078
2386,d4s2b,112,-1,5.853923559188843
2387,d4s2b,113,-1,6.657527923583984
2388,d4s2b,114,-1,5.891071796417236
2389,d4s2b,115,-1,6.202948093414307
2390,d4s2b,116,-1,5.762249231338501
2391,d4s2b,117,1,5.6837873458862305
2392,d4s2b,118,1,6.411821365356445
2393,d4s2b,119,-1,5.403609752655029
2394,d4s2b,120,-1,6.029418706893921
2395,d4s2b,121,1,5.908109903335571
2396,d4s2b,122,1,5.652498722076416
2397,d4s2b,123,1,6.128751277923584
2398,d4s2b,124,1,5.607464551925659
2399,d4s2b,125,-1,5.842101335525513
2400,d4s2b,126,-1,5.503199815750122
2401,d4s2b,127,1,5.781985282897949
2402,d4s2b,128,1,6.085494756698608
2403,d4s2b,129,-1,6.053868532180786
2404,d4s2b,130,-1,6.216072082519531
2405,d4s2b,131,1,5.850647687911987
2406,d4s2b,132,1,5.538764715194702
2407,d4s2b,133,1,6.278244972229004
2408,d4s2b,134,1,6.5298850536346436
2409,d4s2b,135,-1,6.29857063293457
2410,d4s2b,136,-1,7.118229150772095
2411,d4s2b,137,-1,5.851256847381592
2412,d4s2b,138,-1,5.684183359146118
2413,d4s2b,139,1,5.857211112976074
2414,d4s2b,140,-1,5.7702391147613525
2415,d4s2b,141,1,5.717652320861816
2416,d4s2b,142,1,5.6564085483551025
2417,d4s2b,143,1,5.649227857589722
2418,d4s2b,144,1,6.028301239013672
2419,d4s2b,145,1,6.387482166290283
2420,d4s2b,146,1,5.8406081199646
2421,d4s2b,147,-1,6.134228706359863
2422,d4s2b,148,-1,5.885535001754761
2423,d4s2b,149,1,5.818972110748291
2424,d4s2b,150,1,5.765548944473267
2425,d4s2b,151,1,6.005784034729004
2426,d4s2b,152,1,5.940865993499756
2427,d4s2b,153,-1,5.7134106159210205
2428,d4s2b,154,1,5.89374852180481
2429,d4s2b,155,1,6.246551036834717
2430,d4s2b,156,1,5.6124114990234375
2431,d4s2b,157,1,5.611823797225952
2432,d4s2b,158,1,5.890331268310547
2433,d4s2b,159,1,5.6122519969940186
2434,d4s2b,160,1,5.734029531478882
2435,d4s2b,161,1,6.117219686508179
2436,d4s2b,162,-1,6.520593643188477
2437,d4s2b,163,1,5.964571952819824
2438,d4s2b,164,1,6.035083293914795
2439,d4s2b,165,1,5.802755355834961
2440,d4s2b,166,1,6.657037019729614
2441,d4s2b,167,-1,5.795874357223511
2442,d4s2b,168,-1,6.145795822143555
2443,d4s2b,169,1,6.917888879776001
2444,d4s2b,170,1,5.6671366691589355
2445,d4s2b,171,1,6.7248358726501465
2446,d4s2b,172,-1,6.015648603439331
2447,d4s2b,173,1,6.055908918380737
2448,d4s2b,174,-1,5.9834935665130615
2449,d4s2b,175,-1,5.991102457046509
2450,d4s2b,176,1,5.927562713623047
2451,d4s2b,177,-1,6.250595569610596
2452,d4s2b,178,-1,6.4389777183532715
2453,d4s2b,179,-1,5.804279565811157
2454,d4s2b,180,1,6.007179260253906
2455,d4s2b,181,1,6.44372034072876
2456,d4s2b,182,1,6.730216979980469
2457,d4s2b,183,1,6.581874132156372
2458,d4s2b,184,1,5.684997081756592
2459,d4s2b,185,1,6.61266827583313
2460,d4s2b,186,1,5.792400360107422
2461,d4s2b,187,-1,5.852949857711792
2462,d4s2b,188,1,5.887129306793213
2463,d4s2b,189,1,5.669588088989258
2464,d4s2b,190,1,5.745947599411011
2465,d4s2b,191,1,6.336786508560181
2466,d4s2b,192,1,5.912395715713501
2467,d4s2b,193,1,6.138723373413086
2468,d4s2b,194,1,7.370243072509766
2469,d4s2b,195,1,6.350886106491089
2470,d4s2b,196,1,6.541645050048828
2471,d4s2b,197,1,5.956169128417969
2472,d4s2b,198,-1,5.829329013824463
2473,d4s2b,199,1,6.130551099777222
2474,d4s2b,200,1,5.916351795196533
2475,d4s2b,201,1,5.708327293395996
2476,d4s2b,202,1,5.831927299499512
2477,d4s2b,203,-1,6.180373191833496
2478,d4s2b,204,-1,6.574452877044678
2479,d4s2b,205,-1,5.928436756134033
2480,d4s2b,206,1,6.061360597610474
2481,d4s2b,207,-1,6.819427251815796
2482,d4s2b,208,-1,5.863703489303589
2483,d4s2b,209,-1,5.579071760177612
2484,d4s2b,210,-1,5.936504364013672
2485,d4s2b,211,1,5.911571025848389
2486,d4s2b,212,1,5.823609352111816
2487,d4s2b,213,1,5.814465761184692
2488,d4s2b,214,1,6.220447540283203
2489,d4s2b,215,-1,5.7845799922943115
2490,d4s2b,216,-1,6.879241228103638
2491,d4s2b,217,-1,6.064023971557617
2492,d4s2b,218,-1,6.202520132064819
2493,d4s2b,219,-1,5.410341739654541
2494,d4s2b,220,-1,5.752916574478149
2495,d4s2b,221,-1,5.874393939971924
2496,d4s2b,222,-1,6.026798963546753
2497,d4s2b,223,-1,6.47479772567749
2498,d4s2b,224,1,5.463738203048706
2499,d4s2b,225,-1,5.977975845336914
2500,d4s2b,226,-1,5.792015790939331
2501,d4s2b,227,-1,5.595637083053589
2502,d4s2b,228,-1,5.884716033935547
2503,d4s2b,229,1,5.895806312561035
2504,d4s2b,230,1,5.916321277618408
2505,d4s2b,231,1,6.278859853744507
2506,d4s2b,232,1,5.812020540237427
2507,d4s2b,233,-1,5.913254976272583
2508,d4s2b,234,-1,5.959651470184326
2509,d4s2b,235,1,5.866584539413452
2510,d4s2b,236,1,6.543197870254517
2511,d4s2b,237,-1,5.899218559265137
2512,d4s2b,238,-1,5.511232852935791
2513,d4s2b,239,-1,6.020238161087036
2514,d4s2b,240,-1,5.5479676723480225
2515,d4s2b,241,-1,5.760857105255127
2516,d4s2b,242,-1,5.809773683547974
2517,d4s2b,243,-1,5.608049392700195
2518,d4s2b,244,1,5.826738357543945
2519,d4s2b,245,-1,6.124148368835449
2520,d4s2b,246,-1,6.184864521026611
2521,d4s2b,247,1,5.893361568450928
2522,d4s2b,248,-1,6.124495983123779
2523,d4s2b,249,1,5.449474096298218
2524,d4s2b,250,1,5.4085729122161865
2525,d4s2b,251,-1,5.5374977588653564
2526,d4s2b,252,-1,5.629021883010864
2527,d4s2b,253,-1,5.516929864883423
2528,d4s2b,254,-1,6.48992657661438
2529,d4s2b,255,-1,5.994381904602051
2530,d4s2b,256,-1,5.695330858230591
2531,d4s2b,257,1,5.772913455963135
2532,d4s2b,258,1,5.965723991394043
2533,d4s2b,259,1,5.927792310714722
2534,d4s2b,260,1,5.533696889877319
2535,d4s2b,261,-1,5.8034515380859375
2536,d4s2b,262,1,6.076870679855347
2537,d4s2b,263,1,5.888033151626587
2538,d4s2b,264,-1,5.600774049758911
2539,d4s2b,265,1,5.842525243759155
2540,d4s2b,266,1,5.6312479972839355
2541,d4s2b,267,-1,5.552900791168213
2542,d4s2b,268,-1,5.70526647567749
2543,d4s2b,269,1,6.194373607635498
2544,d4s2b,270,1,6.601943492889404
2545,d4s2b,271,-1,6.401205062866211
2546,d4s2b,272,-1,5.965431213378906
2547,d4s2b,273,1,5.626789808273315
2548,d4s2b,274,1,7.087328195571899
2549,d4s2b,275,-1,6.928781270980835
2550,d4s2b,276,-1,6.055513143539429
2551,d4s2b,277,1,5.590042352676392
2552,d4s2b,278,1,5.982100248336792
2553,d4s2b,279,-1,5.797025918960571
2554,d4s2b,280,-1,5.82586407661438
2555,d4s2b,281,1,6.727305173873901
2556,d4s2b,282,1,6.000518798828125
2557,d4s2b,283,1,5.704261779785156
2558,d4s2b,284,1,5.617759704589844
2559,d4s2b,285,-1,5.662670373916626
2560,d4s2b,286,-1,5.79465389251709
2561,d4s2b,287,-1,5.45234227180481
2562,d4s2b,288,1,5.588070392608643
2563,d4s2b,289,-1,5.870389938354492
2564,d4s2b,290,-1,5.971436500549316
2565,d4s2b,291,1,6.074790954589844
2566,d4s2b,292,1,5.81610369682312
2567,d4s2b,293,-1,5.7858662605285645
2568,d4s2b,294,-1,5.699939250946045
2569,d4s2b,295,1,5.760281324386597
2570,d4s2b,296,-1,6.474829912185669
2571,d4s2b,297,-1,6.271888494491577
2572,d4s2b,298,1,6.155737400054932
2573,d4s2b,299,1,5.92937970161438
2574,d4s2b,300,1,5.790547609329224
2575,d4s2b,301,-1,5.992844820022583
2576,d4s2b,302,-1,5.580770492553711
2577,d4s2b,303,1,6.224517107009888
2578,d4s2b,304,1,5.462990760803223
2579,d4s2b,305,1,5.942034721374512
2580,d4s2b,306,1,6.422612428665161
2581,d4s2b,307,1,6.630582809448242
2582,d4s2b,308,1,6.677554607391357
2583,d4s2b,309,1,6.384361743927002
2584,d4s2b,310,1,6.165343284606934
2585,d4s2b,311,1,6.38138484954834
2586,d4s2b,312,1,5.576061964035034
2587,d4s2b,313,-1,5.6503283977508545
2588,d4s2b,314,-1,6.020183801651001
2589,d4s2b,315,-1,6.29846453666687
2590,d4s2b,316,-1,6.129521131515503
2591,d4s2b,317,1,6.699631690979004
2592,d4s2b,318,1,6.55730414390564
2593,d4s2b,319,1,5.829744815826416
2594,d4s2b,320,1,5.741287469863892
2595,d4s2b,321,1,5.543811082839966
2596,d4s2b,322,-1,5.500117540359497
2597,d4s2b,323,1,6.157365083694458
2598,d4s2b,324,1,5.870278596878052
2599,d4s2b,325,-1,6.3508384227752686
2600,d4s2b,326,-1,5.7016026973724365
2601,d4s2b,327,1,5.674685716629028
2602,d4s2b,328,1,5.925809621810913
2603,d4s2b,329,1,5.538935661315918
2604,d4s2b,330,1,6.052417278289795
2605,d4s2b,331,1,5.883933782577515
2606,d4s2b,332,1,5.718820333480835
2607,d4s2b,333,-1,6.1073668003082275
2608,d4s2b,334,1,6.641423225402832
2609,d4s2b,335,1,6.173648834228516
2610,d4s2b,336,-1,6.086474657058716
2611,d4s2b,337,1,5.931350946426392
2612,d4s2b,338,1,5.660943031311035
2613,d4s2b,339,-1,6.392474889755249
2614,d4s2b,340,-1,7.201575040817261
2615,d4s2b,341,1,5.772217512130737
2616,d4s2b,342,1,6.616301536560059
2617,d4s2b,343,-1,5.507776260375977
2618,d4s2b,344,1,6.013756990432739
2619,d4s2b,345,1,6.702982187271118
2620,d4s2b,346,-1,6.159161567687988
2621,d4s2b,347,1,5.653592824935913
2622,d4s2b,348,-1,6.380246162414551
2623,d4s2b,349,1,5.971652984619141
2624,d4s2b,350,1,6.076824188232422
2625,d4s2b,351,1,6.455350637435913
2626,d4s2b,352,1,5.575085878372192
2627,d4s2b,353,-1,6.326103210449219
2628,d4s2b,354,-1,5.672930717468262
2629,d4s2b,355,1,5.720484733581543
2630,d4s2b,356,1,6.16888952255249
2631,d4s2b,357,1,7.170498847961426
2632,d4s2b,358,-1,5.9135284423828125
2633,d4s2b,359,1,6.186302185058594
2634,d4s2b,360,-1,5.914249420166016
2635,d4s2b,361,-1,6.131521463394165
2636,d4s2b,362,1,5.487654447555542
2637,d4s2b,363,-1,6.160322904586792
2638,d4s2b,364,-1,5.9805214405059814
2639,d4s2b,365,-1,6.056880474090576
2640,d4s2b,366,-1,7.298954010009766
2641,d4s2b,367,1,5.73895525932312
2642,d4s2b,368,1,5.79451847076416
2643,d4s2b,369,-1,6.267406702041626
2644,d4s2b,370,1,6.217076063156128
2645,d4s2b,371,-1,5.316950559616089
2646,d4s2b,372,-1,5.659703493118286
2647,d4s2b,373,-1,5.476277112960815
2648,d4s2b,374,1,5.60300087928772
2649,d4s2b,375,-1,5.311856508255005
2650,d4s2b,376,-1,5.598990440368652
2651,d4s2b,377,1,5.783554315567017
2652,d4s2b,378,-1,5.950355291366577
2653,d4s2b,379,1,5.986617803573608
2654,d4s2b,380,1,5.50212836265564
2655,d4s2b,381,1,6.226411819458008
2656,d4s2b,382,1,5.769244432449341
2657,d4s2b,383,1,5.812333583831787
2658,d4s2b,384,-1,5.939159393310547
2659,d4s2b,385,-1,5.468425989151001
2660,d4s2b,386,1,5.671352863311768
2661,d4s2b,387,1,5.698623180389404
2662,d4s2b,388,1,5.577013254165649
2663,d4s2b,389,1,5.7888994216918945
2664,d4s2b,390,1,5.550321340560913
2665,d4s2b,391,1,5.618954420089722
2666,d4s2b,392,1,5.626866340637207
2667,d4s2b,393,1,5.679754972457886
2668,d4s2b,394,1,5.86503529548645
2669,d4s2b,395,-1,5.497161388397217
2670,d4s2b,396,1,5.771684169769287
2671,d4s2b,397,1,5.6290199756622314
2672,d4s2b,398,1,5.860041856765747
2673,d4s2b,399,1,6.1736297607421875
2674,d4s2b,400,1,5.702603340148926
2675,d4s2b,401,-1,6.816807270050049
2676,d4s2b,402,-1,5.978401184082031
2677,d4s2b,403,-1,5.5419697761535645
2678,d4s2b,404,1,5.810832738876343
2679,d4s2b,405,-1,5.8223841190338135
2680,d4s2b,406,1,5.839818477630615
2681,d4s2b,407,1,6.017877101898193
2682,d4s2b,408,-1,5.845646142959595
2683,d4s2b,409,1,6.1723926067352295
2684,d4s2b,410,1,5.64503288269043
2685,d4s2b,411,1,5.877254009246826
2686,d4s2b,412,1,6.055715560913086
2687,d4s2b,413,1,6.294798851013184
2688,d4s2b,414,1,6.40232515335083
2689,d4s2b,415,1,5.579201698303223
2690,d4s2b,416,1,5.9363932609558105
2691,d4s2b,417,-1,6.235226631164551
2692,d4s2b,418,-1,5.6158952713012695
2693,d4s2b,419,1,5.780775785446167
2694,d4s2b,420,1,5.792343616485596
2695,d4s2b,421,1,6.254620790481567
2696,d4s2b,422,1,5.710206031799316
2697,d4s2b,423,-1,6.100199222564697
2698,d4s2b,424,1,5.905694961547852
2699,d4s2b,425,1,5.578119516372681
2700,d4s2b,426,1,6.116142749786377
2701,d4s2b,427,1,5.9799394607543945
2702,d4s2b,428,-1,5.999734878540039
2703,d4s2b,429,1,5.622899055480957
2704,d4s2b,430,-1,5.731907606124878
2705,d4s2b,431,1,6.18893837928772
2706,d4s2b,432,1,6.324016332626343
2707,d4s2b,433,1,6.408566474914551
2708,d4s2b,434,-1,6.339747667312622
2709,d4s2b,435,1,5.699744939804077
2710,d4s2b,436,1,5.990250587463379
2711,d4s2b,437,-1,6.503924369812012
2712,d4s2b,438,1,5.688677549362183
2713,d4s2b,439,1,6.136689901351929
2714,d4s2b,440,-1,5.801260948181152
2715,d4s2b,441,1,6.15312123298645
2716,d4s2b,442,1,5.823489665985107
2717,d4s2b,443,1,5.640090227127075
2718,d4s2b,444,1,6.026713848114014
2719,d4s2b,445,-1,5.947849988937378
2720,d4s2b,446,1,5.863982677459717
2721,d4s2b,447,-1,6.837181806564331
2722,d4s2b,448,-1,5.720313310623169
2723,d4s2b,449,-1,6.896691560745239
2724,d4s2b,450,1,5.710949659347534
2725,d4s2b,451,1,5.508699178695679
2726,d4s2b,452,-1,5.586181402206421
2727,d4s2b,453,1,6.284408092498779
2728,d4s2b,454,1,5.651486873626709
2729,d4s2b,455,1,7.2317235469818115
2730,d4s2b,456,-1,5.93385124206543
2731,d4s2b,457,1,6.258476257324219
2732,d4s2b,458,1,5.575594663619995
2733,d4s2b,459,-1,5.689852237701416
2734,d4s2b,460,-1,5.804159879684448
2735,d4s2b,461,-1,5.946181297302246
2736,d4s2b,462,-1,5.818211078643799
2737,d4s2b,463,1,5.769421100616455
2738,d4s2b,464,1,6.0227861404418945
2739,d4s2b,465,1,6.5594398975372314
2740,d4s2b,466,1,5.966339349746704
2741,d4s2b,467,1,5.935147047042847
2742,d4s2b,468,1,5.5780041217803955
2743,d4s2b,469,1,5.6925270557403564
2744,d4s2b,470,1,6.007553815841675
2745,d4s2b,471,-1,6.203357934951782
2746,d4s2b,472,1,7.266316652297974
2747,d4s2b,473,1,5.795952320098877
2748,d4s2b,474,1,7.045166015625
2749,d4s2b,475,1,5.791208744049072
2750,d4s2b,476,1,5.61449408531189
2751,d4s2b,477,1,6.05008339881897
2752,d4s2b,478,1,6.043463706970215
2753,d4s2b,479,-1,6.538793087005615
2754,d4s2b,480,-1,5.773624420166016
2755,d4s2b,481,-1,5.82667350769043
2756,d4s2b,482,-1,7.048418045043945
2757,d4s2b,483,-1,5.774338006973267
2758,d4s2b,484,-1,5.903778314590454
2759,d4s2b,485,-1,6.0635199546813965
2760,d4s2b,486,-1,6.553862571716309
2761,d4s2b,487,1,6.2374267578125
2762,d4s2b,488,-1,5.424251317977905
2763,d4s2b,489,-1,5.6815807819366455
2764,d4s2b,490,1,6.422007322311401
2765,d4s2b,491,1,6.104954242706299
2766,d4s2b,492,1,6.00736403465271
2767,d4s2b,493,1,5.6882240772247314
2768,d4s2b,494,1,5.7961344718933105
2769,d4s2b,495,1,6.4515299797058105
2770,d4s2b,496,1,5.895534992218018
2771,d4s2b,497,-1,6.31367039680481
2772,d4s2b,498,1,6.045285224914551
2773,d4s2c,1,1,6.108258247375488
2774,d4s2c,2,-1,5.795388460159302
2775,d4s2c,3,1,5.9309141635894775
2776,d4s2c,4,1,5.738660097122192
2777,d4s2c,5,-1,5.728975296020508
2778,d4s2c,6,-1,5.7765960693359375
2779,d4s2c,7,1,5.924895286560059
2780,d4s2c,8,1,5.7790539264678955
2781,d4s2c,9,-1,5.636565923690796
2782,d4s2c,10,-1,6.296396255493164
2783,d4s2c,11,1,5.678537845611572
2784,d4s2c,12,1,5.553398132324219
2785,d4s2c,13,1,5.724846839904785
2786,d4s2c,14,-1,5.904397964477539
2787,d4s2c,15,-1,5.746622800827026
2788,d4s2c,16,-1,5.844814300537109
2789,d4s2c,17,1,5.987055778503418
2790,d4s2c,18,1,5.62999415397644
2791,d4s2c,19,-1,5.797272443771362
2792,d4s2c,20,-1,6.877447843551636
2793,d4s2c,21,1,6.1091790199279785
2794,d4s2c,22,1,5.63619327545166
2795,d4s2c,23,-1,5.901025056838989
2796,d4s2c,24,1,5.586926460266113
2797,d4s2c,25,1,5.846832513809204
2798,d4s2c,26,1,5.65201210975647
2799,d4s2c,27,-1,5.756036758422852
2800,d4s2c,28,-1,6.104514837265015
2801,d4s2c,29,-1,5.926196098327637
2802,d4s2c,30,-1,6.781044244766235
2803,d4s2c,31,1,6.105574607849121
2804,d4s2c,32,1,6.233723402023315
2805,d4s2c,33,1,6.076258659362793
2806,d4s2c,34,1,5.861869812011719
2807,d4s2c,35,-1,5.783314228057861
2808,d4s2c,36,1,5.751622676849365
2809,d4s2c,37,-1,5.489271402359009
2810,d4s2c,38,-1,6.150896072387695
2811,d4s2c,39,-1,5.860504388809204
2812,d4s2c,40,1,6.189981460571289
2813,d4s2c,41,1,5.793011665344238
2814,d4s2c,42,1,5.9917542934417725
2815,d4s2c,43,-1,6.213289976119995
2816,d4s2c,44,-1,5.903239965438843
2817,d4s2c,45,-1,6.067637205123901
2818,d4s2c,46,-1,5.736552000045776
2819,d4s2c,47,-1,5.973942995071411
2820,d4s2c,48,1,5.5299952030181885
2821,d4s2c,49,1,5.5316877365112305
2822,d4s2c,50,1,5.807159662246704
2823,d4s2c,51,1,6.164612770080566
2824,d4s2c,52,-1,6.298582077026367
2825,d4s2c,53,-1,6.1191205978393555
2826,d4s2c,54,-1,5.601247549057007
2827,d4s2c,55,1,6.071816682815552
2828,d4s2c,56,-1,5.783695220947266
2829,d4s2c,57,-1,5.580386161804199
2830,d4s2c,58,-1,6.031448841094971
2831,d4s2c,59,-1,5.868351221084595
2832,d4s2c,60,-1,5.751553773880005
2833,d4s2c,61,-1,5.605430841445923
2834,d4s2c,62,-1,5.9110939502716064
2835,d4s2c,63,1,5.733200788497925
2836,d4s2c,64,-1,5.888070344924927
2837,d4s2c,65,-1,5.668471336364746
2838,d4s2c,66,-1,6.0693840980529785
2839,d4s2c,67,-1,6.113045692443848
2840,d4s2c,68,1,6.246803045272827
2841,d4s2c,69,-1,5.645395517349243
2842,d4s2c,70,-1,6.004232168197632
2843,d4s2c,71,-1,6.534844636917114
2844,d4s2c,72,-1,5.671255111694336
2845,d4s2c,73,-1,5.925852060317993
2846,d4s2c,74,-1,6.03336763381958
2847,d4s2c,75,-1,5.721605062484741
2848,d4s2c,76,-1,5.636718511581421
2849,d4s2c,77,1,7.2350194454193115
2850,d4s2c,78,-1,5.568678617477417
2851,d4s2c,79,1,5.823524713516235
2852,d4s2c,80,1,6.0340142250061035
2853,d4s2c,81,1,5.971144676208496
2854,d4s2c,82,1,5.916599750518799
2855,d4s2c,83,1,5.770566940307617
2856,d4s2c,84,-1,6.147492170333862
2857,d4s2c,85,1,6.156254053115845
2858,d4s2c,86,1,5.885252475738525
2859,d4s2c,87,1,5.628926515579224
2860,d4s2c,88,-1,5.315105199813843
2861,d4s2c,89,1,6.1938440799713135
2862,d4s2c,90,1,6.0799949169158936
2863,d4s2c,91,1,5.754337310791016
2864,d4s2c,92,1,6.351496696472168
2865,d4s2c,93,-1,6.431443929672241
2866,d4s2c,94,-1,6.1409196853637695
2867,d4s2c,95,-1,6.152122974395752
2868,d4s2c,96,-1,5.979937553405762
2869,d4s2c,97,-1,5.8567187786102295
2870,d4s2c,98,-1,6.312450170516968
2871,d4s2c,99,-1,5.935941696166992
2872,d4s2c,100,1,6.207644462585449
2873,d4s2c,101,-1,6.1045591831207275
2874,d4s2c,102,-1,6.135410308837891
2875,d4s2c,103,1,5.734676361083984
2876,d4s2c,104,1,5.780616044998169
2877,d4s2c,105,-1,5.925871849060059
2878,d4s2c,106,-1,6.6287147998809814
2879,d4s2c,107,1,5.600243330001831
2880,d4s2c,108,1,6.124314546585083
2881,d4s2c,109,1,6.121465444564819
2882,d4s2c,110,1,5.629201173782349
2883,d4s2c,111,-1,6.085787773132324
2884,d4s2c,112,-1,5.204872369766235
2885,d4s2c,113,-1,6.157029867172241
2886,d4s2c,114,-1,5.873059988021851
2887,d4s2c,115,1,5.592744588851929
2888,d4s2c,116,1,5.802669048309326
2889,d4s2c,117,1,6.0710015296936035
2890,d4s2c,118,1,6.243802309036255
2891,d4s2c,119,-1,5.883996248245239
2892,d4s2c,120,1,5.45582914352417
2893,d4s2c,121,1,5.898236513137817
2894,d4s2c,122,1,5.583190202713013
2895,d4s2c,123,-1,5.878153085708618
2896,d4s2c,124,-1,5.672876596450806
2897,d4s2c,125,-1,6.027127027511597
2898,d4s2c,126,-1,5.803124904632568
2899,d4s2c,127,1,6.527980089187622
2900,d4s2c,128,1,5.741993427276611
2901,d4s2c,129,1,6.462094068527222
2902,d4s2c,130,1,5.852491617202759
2903,d4s2c,131,1,5.508964538574219
2904,d4s2c,132,-1,5.580549955368042
2905,d4s2c,133,1,5.697072505950928
2906,d4s2c,134,1,6.007855415344238
2907,d4s2c,135,1,5.650121450424194
2908,d4s2c,136,1,6.49200177192688
2909,d4s2c,137,1,5.590789794921875
2910,d4s2c,138,1,6.408573865890503
2911,d4s2c,139,1,5.763133764266968
2912,d4s2c,140,1,5.658770799636841
2913,d4s2c,141,1,5.845784664154053
2914,d4s2c,142,-1,6.368902921676636
2915,d4s2c,143,-1,5.584726572036743
2916,d4s2c,144,-1,5.921680212020874
2917,d4s2c,145,1,5.4774041175842285
2918,d4s2c,146,1,5.703383684158325
2919,d4s2c,147,-1,5.862602233886719
2920,d4s2c,148,-1,5.950692653656006
2921,d4s2c,149,-1,6.30067253112793
2922,d4s2c,150,-1,5.634227991104126
2923,d4s2c,151,1,5.673083543777466
2924,d4s2c,152,1,6.394675254821777
2925,d4s2c,153,1,5.6264808177948
2926,d4s2c,154,1,5.6316587924957275
2927,d4s2c,155,-1,5.700839996337891
2928,d4s2c,156,-1,6.591410398483276
2929,d4s2c,157,-1,5.843260288238525
2930,d4s2c,158,-1,5.654674768447876
2931,d4s2c,159,-1,6.05772066116333
2932,d4s2c,160,-1,5.640559673309326
2933,d4s2c,161,-1,5.9582295417785645
2934,d4s2c,162,1,5.549444198608398
2935,d4s2c,163,1,6.061729669570923
2936,d4s2c,164,1,5.999387502670288
2937,d4s2c,165,1,5.619194269180298
2938,d4s2c,166,-1,5.586228847503662
2939,d4s2c,167,1,5.9772632122039795
2940,d4s2c,168,1,6.616299629211426
2941,d4s2c,169,-1,5.9078545570373535
2942,d4s2c,170,1,6.310528516769409
2943,d4s2c,171,1,5.901152610778809
2944,d4s2c,172,1,5.64099907875061
2945,d4s2c,173,1,5.85760498046875
2946,d4s2c,174,-1,6.14192533493042
2947,d4s2c,175,-1,5.785127639770508
2948,d4s2c,176,-1,5.769359111785889
2949,d4s2c,177,-1,6.144933223724365
2950,d4s2c,178,-1,5.759895324707031
2951,d4s2c,179,1,5.789510726928711
2952,d4s2c,180,-1,6.168124675750732
2953,d4s2c,181,-1,5.489709377288818
2954,d4s2c,182,-1,5.431088924407959
2955,d4s2c,183,-1,5.5516273975372314
2956,d4s2c,184,-1,5.9712560176849365
2957,d4s2c,185,-1,6.025695085525513
2958,d4s2c,186,-1,5.547574281692505
2959,d4s2c,187,-1,6.008731842041016
2960,d4s2c,188,1,5.90047025680542
2961,d4s2c,189,1,6.573302984237671
2962,d4s2c,190,1,5.995069265365601
2963,d4s2c,191,-1,5.8868348598480225
2964,d4s2c,192,-1,5.646206378936768
2965,d4s2c,193,1,5.571624279022217
2966,d4s2c,194,-1,5.6854119300842285
2967,d4s2c,195,-1,6.476169109344482
2968,d4s2c,196,-1,5.823540687561035
2969,d4s2c,197,-1,5.47771143913269
2970,d4s2c,198,-1,5.673275947570801
2971,d4s2c,199,1,5.4863221645355225
2972,d4s2c,200,1,6.541079759597778
2973,d4s2c,201,-1,5.936998605728149
2974,d4s2c,202,-1,5.9714977741241455
2975,d4s2c,203,1,5.804363012313843
2976,d4s2c,204,1,6.33356237411499
2977,d4s2c,205,-1,5.851396322250366
2978,d4s2c,206,-1,6.108681917190552
2979,d4s2c,207,1,5.808514595031738
2980,d4s2c,208,-1,5.801547288894653
2981,d4s2c,209,1,5.772504091262817
2982,d4s2c,210,1,5.692456245422363
2983,d4s2c,211,1,5.574416637420654
2984,d4s2c,212,1,5.833207607269287
2985,d4s2c,213,1,5.918982267379761
2986,d4s2c,214,-1,6.418075084686279
2987,d4s2c,215,-1,6.079021453857422
2988,d4s2c,216,-1,6.0874528884887695
2989,d4s2c,217,-1,5.877643585205078
2990,d4s2c,218,-1,6.416860580444336
2991,d4s2c,219,1,5.798673868179321
2992,d4s2c,220,-1,5.79727840423584
2993,d4s2c,221,1,6.138196229934692
2994,d4s2c,222,-1,5.9875335693359375
2995,d4s2c,223,-1,5.996997594833374
2996,d4s2c,224,1,6.038868427276611
2997,d4s2c,225,-1,5.662574052810669
2998,d4s2c,226,-1,5.589290142059326
2999,d4s2c,227,-1,5.646291017532349
3000,d4s2c,228,1,6.067036151885986
3001,d4s2c,229,-1,5.90571665763855
3002,d4s2c,230,-1,6.04242467880249
3003,d4s2c,231,-1,5.793091297149658
3004,d4s2c,232,1,5.951775312423706
3005,d4s2c,233,1,6.183393716812134
3006,d4s2c,234,-1,5.621310472488403
3007,d4s2c,235,1,5.597227334976196
3008,d4s2c,236,1,6.04716157913208
3009,d4s2c,237,-1,6.163217544555664
3010,d4s2c,238,-1,6.144076347351074
3011,d4s2c,239,1,5.579452753067017
3012,d4s2c,240,1,5.554402112960815
3013,d4s2c,241,1,5.684405326843262
3014,d4s2c,242,1,6.885701656341553
3015,d4s2c,243,1,5.594466209411621
3016,d4s2c,244,1,5.56887412071228
3017,d4s2c,245,1,5.811169862747192
3018,d4s2c,246,1,5.691439151763916
3019,d4s2c,247,1,5.812275409698486
3020,d4s2c,248,-1,5.920115232467651
3021,d4s2c,249,1,5.920951843261719
3022,d4s2c,250,1,6.399128198623657
3023,d4s2c,251,1,5.7407543659210205
3024,d4s2c,252,1,5.535829544067383
3025,d4s2c,253,-1,5.593275547027588
3026,d4s2c,254,1,5.639816999435425
3027,d4s2c,255,-1,5.85893702507019
3028,d4s2c,256,-1,5.8341240882873535
3029,d4s2c,257,-1,5.948715448379517
3030,d4s2c,258,-1,5.534368276596069
3031,d4s2c,259,1,5.971092939376831
3032,d4s2c,260,1,6.109462261199951
3033,d4s2c,261,-1,6.294491529464722
3034,d4s2c,262,-1,5.575162172317505
3035,d4s2c,263,1,5.81048059463501
3036,d4s2c,264,1,5.902422189712524
3037,d4s2c,265,-1,5.533676385879517
3038,d4s2c,266,1,5.708221197128296
3039,d4s2c,267,-1,5.80919337272644
3040,d4s2c,268,-1,5.884799957275391
3041,d4s2c,269,-1,5.490159511566162
3042,d4s2c,270,-1,5.940195083618164
3043,d4s2c,271,1,6.199373006820679
3044,d4s2c,272,1,6.336651563644409
3045,d4s2c,273,1,6.005713939666748
3046,d4s2c,274,1,5.622767448425293
3047,d4s2c,275,1,5.615601062774658
3048,d4s2c,276,1,5.675296306610107
3049,d4s2c,277,-1,5.602715969085693
3050,d4s2c,278,-1,5.831015586853027
3051,d4s2c,279,1,6.019649505615234
3052,d4s2c,280,-1,5.737518787384033
3053,d4s2c,281,1,5.689672470092773
3054,d4s2c,282,-1,6.494791746139526
3055,d4s2c,283,1,6.152024745941162
3056,d4s2c,284,-1,5.717203617095947
3057,d4s2c,285,1,5.907889366149902
3058,d4s2c,286,-1,5.909953594207764
3059,d4s2c,287,1,5.8862950801849365
3060,d4s2c,288,1,5.456982135772705
3061,d4s2c,289,1,5.647202730178833
3062,d4s2c,290,1,5.719804763793945
3063,d4s2c,291,1,5.836522817611694
3064,d4s2c,292,1,6.101369142532349
3065,d4s2c,293,1,5.770054578781128
3066,d4s2c,294,1,5.757035493850708
3067,d4s2c,295,-1,6.561028718948364
3068,d4s2c,296,-1,5.694674015045166
3069,d4s2c,297,1,5.8877222537994385
3070,d4s2c,298,1,5.617048025131226
3071,d4s2c,299,1,5.7194459438323975
3072,d4s2c,300,1,6.131314277648926
3073,d4s2c,301,1,5.747591972351074
3074,d4s2c,302,-1,5.803341627120972
3075,d4s2c,303,1,5.64787220954895
3076,d4s2c,304,1,5.619271516799927
3077,d4s2c,305,1,5.816255331039429
3078,d4s2c,306,1,5.77743124961853
3079,d4s2c,307,1,5.680578708648682
3080,d4s2c,308,1,5.9602861404418945
3081,d4s2c,309,-1,5.712796688079834
3082,d4s2c,310,-1,6.716877222061157
3083,d4s2c,311,1,6.070159912109375
3084,d4s2c,312,1,5.6575212478637695
3085,d4s2c,313,1,5.8627495765686035
3086,d4s2c,314,-1,6.20523476600647
3087,d4s2c,315,1,6.276223659515381
3088,d4s2c,316,1,5.793512344360352
3089,d4s2c,317,1,6.221914768218994
3090,d4s2c,318,-1,5.766656398773193
3091,d4s2c,319,1,6.130558729171753
3092,d4s2c,320,1,6.205965280532837
3093,d4s2c,321,-1,5.7873430252075195
3094,d4s2c,322,1,5.659298419952393
3095,d4s2c,323,-1,5.571720838546753
3096,d4s2c,324,-1,5.886140584945679
3097,d4s2c,325,-1,5.91761040687561
3098,d4s2c,326,-1,5.9664952754974365
3099,d4s2c,327,-1,5.839130163192749
3100,d4s2c,328,-1,5.582803964614868
3101,d4s2c,329,1,6.224806070327759
3102,d4s2c,330,1,6.3769567012786865
3103,d4s2c,331,-1,6.213960409164429
3104,d4s2c,332,-1,5.590645790100098
3105,d4s2c,333,1,5.406512498855591
3106,d4s2c,334,1,5.721429109573364
3107,d4s2c,335,-1,5.808713436126709
3108,d4s2c,336,-1,5.550926685333252
3109,d4s2c,337,-1,5.861767053604126
3110,d4s2c,338,-1,5.8012073040008545
3111,d4s2c,339,1,5.858574390411377
3112,d4s2c,340,1,5.5047852993011475
3113,d4s2c,341,-1,5.849832057952881
3114,d4s2c,342,-1,5.770231008529663
3115,d4s2c,343,1,6.095545768737793
3116,d4s2c,344,1,5.653386354446411
3117,d4s2c,345,1,5.913109064102173
3118,d4s2c,346,-1,6.2973504066467285
3119,d4s2c,347,-1,5.87117075920105
3120,d4s2c,348,-1,5.833448171615601
3121,d4s2c,349,1,5.669982433319092
3122,d4s2c,350,1,5.783665657043457
3123,d4s2c,351,1,6.182053565979004
3124,d4s2c,352,1,6.160090446472168
3125,d4s2c,353,1,6.135686635971069
3126,d4s2c,354,1,5.435078859329224
3127,d4s2c,355,-1,5.648409128189087
3128,d4s2c,356,1,5.744354009628296
3129,d4s2c,357,1,5.948530197143555
3130,d4s2c,358,-1,5.90880012512207
3131,d4s2c,359,-1,5.618797540664673
3132,d4s2c,360,-1,5.46035099029541
3133,d4s2c,361,1,5.7049560546875
3134,d4s2c,362,1,5.911135673522949
3135,d4s2c,363,1,5.577734708786011
3136,d4s2c,364,1,5.902267694473267
3137,d4s2c,365,1,5.957959175109863
3138,d4s2c,366,1,5.839447021484375
3139,d4s2c,367,-1,6.019559144973755
3140,d4s2c,368,-1,6.4567718505859375
3141,d4s2c,369,-1,6.173701524734497
3142,d4s2c,370,-1,6.236788988113403
3143,d4s2c,371,1,5.746296644210815
3144,d4s2c,372,-1,5.766489744186401
3145,d4s2c,373,1,5.940958023071289
3146,d4s2c,374,1,6.703576564788818
3147,d4s2c,375,-1,5.971441268920898
3148,d4s2c,376,-1,5.8005311489105225
3149,d4s2c,377,1,5.7412073612213135
3150,d4s2c,378,1,5.981391668319702
3151,d4s2c,379,-1,6.05652379989624
3152,d4s2c,380,1,5.940703630447388
3153,d4s2c,381,1,6.096708059310913
3154,d4s2c,382,-1,5.746378660202026
3155,d4s2c,383,1,5.7734997272491455
3156,d4s2c,384,1,6.123204708099365
3157,d4s2c,385,-1,6.035144329071045
3158,d4s2c,386,1,6.225781440734863
3159,per,1,1,7.047948598861694
3160,per,2,1,7.166274785995483
3161,per,3,1,7.489950656890869
3162,per,4,1,7.178825616836548
3163,per,5,1,7.0156025886535645
3164,per,6,1,7.25726318359375
3165,per,7,1,7.276719808578491
3166,per,8,1,7.34303879737854
3167,per,9,1,7.246606826782227
3168,per,10,1,7.151536226272583
3169,per,11,1,7.223956823348999
3170,per,12,1,7.379115343093872
3171,per,13,1,7.240090608596802
3172,per,14,1,7.0963356494903564
3173,per,15,1,7.558325529098511
3174,per,16,1,7.387017011642456
3175,per,17,1,7.4947521686553955
3176,per,18,1,7.52555513381958
3177,per,19,1,7.048574686050415
3178,per,20,1,7.475191831588745
3179,per,21,1,7.253149747848511
3180,per,22,1,7.187517404556274
3181,per,23,1,7.231013059616089
3182,per,24,1,7.336749792098999
3183,per,25,1,7.134637355804443
3184,per,26,1,7.230889320373535
3185,per,27,1,7.409929990768433
3186,per,28,1,7.197730541229248
3187,per,29,1,7.247283220291138
3188,per,30,1,7.335304498672485
3189,per,31,1,7.315387964248657
3190,per,32,1,7.274705648422241
3191,per,33,1,6.990447044372559
3192,per,34,1,7.0072431564331055
3193,per,35,1,7.126577377319336
3194,per,36,1,7.476877212524414
3195,per,37,1,7.144887447357178
3196,per,38,1,6.985431671142578
3197,per,39,1,7.081151485443115
3198,per,40,1,7.171192169189453
3199,per,41,1,7.2223498821258545
3200,per,42,1,7.126300096511841
3201,per,43,1,7.54149317741394
3202,per,44,1,7.318555593490601
3203,per,45,1,7.214401483535767
3204,per,46,1,6.929943561553955
3205,per,47,1,6.953899621963501
3206,per,48,1,7.278246879577637
3207,per,49,1,7.2727131843566895
3208,per,50,1,7.455091953277588
3209,per,51,1,7.314038991928101
3210,per,52,1,7.340486526489258
3211,per,53,1,7.340970993041992
3212,per,54,1,7.333806991577148
3213,per,55,1,6.805319547653198
3214,per,56,1,7.327516794204712
3215,per,57,1,7.218886852264404
3216,per,58,1,7.027886629104614
3217,per,59,1,7.304630279541016
3218,per,60,1,7.4002625942230225
3219,per,61,1,7.166769027709961
3220,per,62,1,7.442447900772095
3221,per,63,1,7.239008903503418
3222,per,64,1,7.461714744567871
3223,per,65,1,7.0762903690338135
3224,per,66,1,7.16037130355835
3225,per,67,1,7.461566686630249
3226,per,68,1,7.238121271133423
3227,per,69,1,7.29473352432251
3228,per,70,1,7.121517181396484
3229,per,71,1,7.2509541511535645
3230,per,72,1,7.065294504165649
3231,per,73,1,7.404757261276245
3232,per,74,1,7.03828763961792
3233,per,75,1,7.165594577789307
3234,per,76,1,7.068283557891846
3235,per,77,1,7.257732152938843
3236,per,78,1,7.056465148925781
3237,per,79,1,7.246819257736206
3238,per,80,1,7.0727763175964355
3239,per,81,1,7.211998462677002
3240,per,82,1,7.131678581237793
3241,per,83,1,7.517925500869751
3242,per,84,1,7.432990074157715
3243,per,85,1,7.196528434753418
3244,per,86,1,7.148590564727783
3245,per,87,1,7.012617111206055
3246,per,88,1,7.301853656768799
3247,per,89,1,7.470421552658081
3248,per,90,1,7.442609786987305
3249,per,91,1,7.32603645324707
3250,per,92,1,7.176894664764404
3251,per,93,1,7.392211437225342
3252,per,94,1,7.276254177093506
3253,per,95,1,7.051245450973511
3254,per,96,1,6.903237342834473
3255,per,97,1,7.272691488265991
3256,per,98,-1,6.829282283782959
3257,per,99,1,7.411747694015503
3258,per,100,1,7.036357879638672
3259,sig,1,1,7.344194650650024
3260,sig,2,-1,7.126079082489014
3261,sig,3,-1,6.851118087768555
3262,sig,4,1,7.034570693969727
3263,sig,5,1,7.285775423049927
3264,sig,6,1,6.776152610778809
3265,sig,7,-1,6.755131006240845
3266,sig,8,-1,6.909458637237549
3267,sig,9,1,6.901188611984253
3268,sig,10,1,6.808958053588867
3269,sig,11,1,6.915740489959717
3270,sig,12,1,6.953643560409546
3271,sig,13,-1,6.9553446769714355
3272,sig,14,1,7.206143856048584
3273,sig,15,1,7.197098255157471
3274,sig,16,1,7.049550533294678
3275,sig,17,1,7.366715908050537
3276,sig,18,1,7.194868087768555
3277,sig,19,1,7.3453569412231445
3278,sig,20,1,7.42621374130249
3279,sig,21,1,7.36544942855835
3280,sig,22,-1,7.207871437072754
3281,sig,23,1,7.156678676605225
3282,sig,24,-1,7.1235032081604
3283,sig,25,1,7.203166961669922
3284,sig,26,1,7.244884729385376
3285,sig,27,1,7.072499752044678
3286,sig,28,-1,7.10754919052124
3287,sig,29,1,7.160027027130127
3288,sig,30,-1,6.908280849456787
3289,sig,31,-1,7.098906517028809
3290,sig,32,1,7.094641208648682
3291,sig,33,1,6.827116012573242
3292,sig,34,1,7.310263633728027
3293,sig,35,1,7.12216591835022
3294,sig,36,-1,7.288231372833252
3295,sig,37,-1,7.288320779800415
3296,sig,38,-1,6.787923574447632
3297,sig,39,1,7.345028638839722
3298,sig,40,1,7.109402418136597
3299,sig,41,-1,7.085955381393433
3300,sig,42,1,7.177978754043579
3301,sig,43,1,7.157970905303955
3302,sig,44,-1,7.461596965789795
3303,sig,45,1,7.370928525924683
3304,sig,46,1,7.257620811462402
3305,sig,47,1,7.275822401046753
3306,sig,48,1,7.389138221740723
3307,sig,49,1,7.226087331771851
3308,sig,50,-1,6.97246527671814
3309,sig,51,1,7.535237550735474
3310,sig,52,1,7.405939817428589
3311,sig,53,1,7.417076349258423
3312,sig,54,1,6.79312539100647
3313,sig,55,-1,7.021519899368286
3314,sig,56,1,7.15665078163147
3315,sig,57,1,7.4005467891693115
3316,sig,58,-1,7.240656614303589
3317,sig,59,1,7.2993292808532715
3318,sig,60,1,7.218730449676514
3319,sig,61,1,7.342480897903442
3320,sig,62,1,7.264207363128662
3321,sig,63,1,6.85431432723999
3322,sig,64,1,7.122791767120361
3323,sig,65,-1,6.757094144821167
3324,sig,66,-1,6.905965328216553
3325,sig,67,1,7.456793546676636
3326,sig,68,-1,6.848101377487183
3327,sig,69,1,7.245594024658203
3328,sig,70,1,7.204999923706055
3329,sig,71,1,7.318074464797974
3330,sig,72,1,6.871283769607544
3331,sig,73,1,6.953640699386597
3332,sig,74,1,7.019463300704956
3333,sig,75,1,7.2101898193359375
3334,sig,76,-1,6.877276659011841
3335,sig,77,-1,7.1820783615112305
3336,sig,78,1,7.257580995559692
3337,sig,79,1,7.158960819244385
3338,sig,80,-1,7.345113515853882
3339,sig,81,1,7.301766872406006
3340,sig,82,1,6.693553447723389
3341,sig,83,1,6.96767258644104
3342,sig,84,1,7.09244704246521
3343,sig,85,-1,7.003557205200195
3344,sig,86,1,6.995527029037476
3345,sig,87,1,7.414698362350464
3346,sig,88,-1,7.271296501159668
3347,sig,89,1,7.517944574356079
3348,sig,90,1,7.126417636871338
3349,sig,91,1,7.20311164855957
3350,sig,92,1,7.081887722015381
3351,sig,93,-1,7.286354064941406
3352,sig,94,-1,7.053321361541748
3353,sig,95,1,7.296730995178223
3354,sig,96,1,6.9122231006622314
3355,sig,97,-1,7.092811346054077
3356,sig,98,-1,6.989369630813599
3357,sig,99,1,7.417180061340332
3358,sig,100,1,6.557059288024902
3359,vex,1,-1,7.152429580688477
3360,vex,2,1,7.315561294555664
3361,vex,3,1,7.369056224822998
3362,vex,4,1,7.00043511390686
3363,vex,5,1,6.627468585968018
3364,vex,6,1,7.283055782318115
3365,vex,7,1,7.226444721221924
3366,vex,8,1,7.169165372848511
3367,vex,9,1,7.5503880977630615
3368,vex,10,-1,7.039885997772217
3369,vex,11,1,7.047574281692505
3370,vex,12,1,7.48455548286438
3371,vex,13,1,7.247620105743408
3372,vex,14,1,6.838224411010742
3373,vex,15,-1,7.062942266464233
3374,vex,16,-1,7.204006195068359
3375,vex,17,1,7.35789942741394
3376,vex,18,1,7.176824569702148
3377,vex,19,1,7.118804693222046
3378,vex,20,-1,7.006558418273926
3379,vex,21,1,7.111058712005615
3380,vex,22,-1,6.805627346038818
3381,vex,23,1,6.959468841552734
3382,vex,24,-1,6.8920838832855225
3383,vex,25,-1,7.120471000671387
3384,vex,26,1,7.293688535690308
3385,vex,27,1,7.206050395965576
3386,vex,28,-1,7.030139446258545
3387,vex,29,1,7.28868556022644
3388,vex,30,1,7.246737480163574
3389,vex,31,1,7.232083559036255
3390,vex,32,1,7.573237419128418
3391,vex,33,1,7.231006622314453
3392,vex,34,1,7.165785074234009
3393,vex,35,1,7.492159128189087
3394,vex,36,1,7.330402374267578
3395,vex,37,1,7.313555002212524
3396,vex,38,1,6.923613786697388
3397,vex,39,1,6.975047588348389
3398,vex,40,1,7.113316774368286
3399,vex,41,1,7.237809896469116
3400,vex,42,1,7.098639011383057
3401,vex,43,1,7.034506559371948
3402,vex,44,1,7.0843000411987305
3403,vex,45,1,6.90337872505188
3404,vex,46,-1,6.966492652893066
3405,vex,47,1,7.131373882293701
3406,vex,48,1,7.359843730926514
3407,vex,49,1,7.247000217437744
3408,vex,50,1,7.500505685806274
3409,vex,51,1,7.04290771484375
3410,vex,52,1,7.136610507965088
3411,vex,53,1,7.026518106460571
3412,vex,54,1,6.857247591018677
3413,vex,55,-1,6.680084705352783
3414,vex,56,1,7.010409116744995
3415,vex,57,1,7.201927900314331
3416,vex,58,1,7.078081846237183
3417,vex,59,-1,6.578595399856567
3418,vex,60,1,7.134003400802612
3419,vex,61,1,6.972661018371582
3420,vex,62,1,7.149977207183838
3421,vex,63,1,7.221043348312378
3422,vex,64,-1,6.82910680770874
3423,vex,65,1,7.370177507400513
3424,vex,66,1,6.94751501083374
3425,vex,67,1,7.154040813446045
3426,vex,68,1,7.050841569900513
3427,vex,69,1,6.996789216995239
3428,vex,70,1,6.848257303237915
3429,vex,71,-1,7.24015736579895
3430,vex,72,1,7.019379615783691
3431,vex,73,1,7.106598615646362
3432,vex,74,1,7.308783054351807
3433,vex,75,-1,6.996222972869873
3434,vex,76,1,6.811864376068115
3435,vex,77,1,7.231773138046265
3436,vex,78,1,7.181835889816284
3437,vex,79,1,6.926012754440308
3438,vex,80,-1,7.356042385101318
3439,vex,81,1,7.2658209800720215
3440,vex,82,1,7.047969341278076
3441,vex,83,-1,6.670042276382446
3442,vex,84,1,7.151033878326416
3443,vex,85,-1,7.274575710296631
3444,vex,86,1,7.409156084060669
3445,vex,87,-1,7.058962821960449
3446,vex,88,1,7.24459981918335
3447,vex,89,1,6.836499929428101
3448,vex,90,1,7.111645221710205
3449,vex,91,1,7.063513994216919
3450,vex,92,1,7.12306547164917
3451,vex,93,-1,6.939439535140991
3452,vex,94,1,6.923086166381836
3453,vex,95,1,6.809229135513306
3454,vex,96,-1,6.9225428104400635
3455,vex,97,-1,7.318675994873047
3456,vex,98,1,6.862370014190674
3457,vex,99,1,7.108632326126099
3458,vex,100,1,6.984725475311279
3459,qdv,1,1,5.6510820388793945
3460,qdv,2,-1,5.69407844543457
3461,qdv,3,1,6.141679525375366
3462,qdv,4,1,5.33983302116394
3463,qdv,5,1,5.982865810394287
3464,qdv,6,1,6.452227354049683
3465,qdv,7,1,6.456226348876953
3466,qdv,8,-1,5.9319446086883545
3467,qdv,9,1,5.9028215408325195
3468,qdv,10,1,6.3419225215911865
3469,qdv,11,1,6.644596099853516
3470,qdv,12,1,7.5155720710754395
3471,qdv,13,-1,6.194210052490234
3472,qdv,14,-1,5.988133668899536
3473,qdv,15,1,5.826469659805298
3474,qdv,16,1,6.48304009437561
3475,qdv,17,1,6.415289878845215
3476,qdv,18,1,5.853440999984741
3477,qdv,19,1,6.127134561538696
3478,qdv,20,1,6.197642087936401
3479,qdv,21,-1,6.215681791305542
3480,qdv,22,1,6.326703786849976
3481,qdv,23,1,6.61831521987915
3482,qdv,24,1,5.820347785949707
3483,qdv,25,-1,5.448287487030029
3484,qdv,26,1,5.562470436096191
3485,qdv,27,1,6.181698560714722
3486,qdv,28,1,6.373297929763794
3487,qdv,29,-1,6.155141592025757
3488,qdv,30,1,5.76498818397522
3489,qdv,31,1,5.484149932861328
3490,qdv,32,1,6.0735626220703125
3491,qdv,33,1,6.250520944595337
3492,qdv,34,-1,6.435609579086304
3493,qdv,35,1,6.894738435745239
3494,qdv,36,1,6.234893560409546
3495,qdv,37,1,6.449539422988892
3496,qdv,38,1,7.291263103485107
3497,qdv,39,-1,6.107280492782593
3498,qdv,40,1,6.437211990356445
3499,qdv,41,1,6.084672927856445
3500,qdv,42,1,6.489837408065796
3501,qdv,43,1,5.539894104003906
3502,qdv,44,-1,6.061223745346069
3503,qdv,45,1,6.04058313369751
3504,qdv,46,-1,5.946076154708862
3505,qdv,47,1,6.4534525871276855
3506,qdv,48,-1,6.112504959106445
3507,qdv,49,-1,6.260651111602783
3508,qdv,50,1,5.954103946685791
3509,qdv,51,1,5.976831436157227
3510,qdv,52,1,6.5427937507629395
3511,qdv,53,1,7.0370988845825195
3512,qdv,54,1,6.8722825050354
3513,qdv,55,-1,5.902114629745483
3514,qdv,56,-1,6.355369567871094
3515,qdv,57,-1,5.682415723800659
3516,qdv,58,1,6.025471925735474
3517,qdv,59,1,5.980356693267822
3518,qdv,60,1,6.396247863769531
3519,qdv,61,1,6.314761161804199
3520,qdv,62,1,5.590465307235718
3521,qdv,63,-1,6.494904518127441
3522,qdv,64,1,5.830766677856445
3523,qdv,65,1,5.979830503463745
3524,qdv,66,1,6.613676071166992
3525,qdv,67,-1,5.808725833892822
3526,qdv,68,1,6.139106512069702
3527,qdv,69,1,6.205152988433838
3528,qdv,70,1,6.132147312164307
3529,qdv,71,1,6.3192644119262695
3530,qdv,72,1,5.798877954483032
3531,qdv,73,-1,5.9163453578948975
3532,qdv,74,1,6.681276798248291
3533,qdv,75,1,6.162301778793335
3534,qdv,76,1,6.049143314361572
3535,qdv,77,1,5.804494619369507
3536,qdv,78,1,5.601134538650513
3537,qdv,79,-1,5.5926923751831055
3538,qdv,80,1,5.125852108001709
3539,qdv,81,1,5.999917268753052
3540,qdv,82,1,5.897454261779785
3541,qdv,83,1,5.984210014343262
3542,qdv,84,1,6.220735549926758
3543,qdv,85,1,6.027284860610962
3544,qdv,86,1,5.7344810962677
3545,qdv,87,1,6.323353052139282
3546,qdv,88,1,5.817182302474976
3547,qdv,89,1,5.960289001464844
3548,qdv,90,1,6.535916805267334
3549,qdv,91,1,6.26511549949646
3550,qdv,92,-1,6.280035972595215
3551,qdv,93,1,5.827500343322754
3552,qdv,94,1,6.076993227005005
3553,qdv,95,1,6.033510446548462
3554,qdv,96,1,6.203829765319824
3555,qdv,97,1,6.03145170211792
3556,qdv,98,1,6.058258771896362
3557,qdv,99,-1,5.78502082824707
3558,qdv,100,1,5.742856979370117
3559,sigv,1,1,5.6692214012146
3560,sigv,2,1,6.165741682052612
3561,sigv,3,1,6.036680459976196
3562,sigv,4,1,5.854411363601685
3563,sigv,5,1,5.956866025924683
3564,sigv,6,1,5.9152512550354
3565,sigv,7,1,5.759284734725952
3566,sigv,8,-1,6.1283581256866455
3567,sigv,9,1,6.427944898605347
3568,sigv,10,-1,6.11565899848938
3569,sigv,11,1,6.100266218185425
3570,sigv,12,1,6.159339427947998
3571,sigv,13,-1,6.455770254135132
3572,sigv,14,1,5.903050184249878
3573,sigv,15,1,5.596358299255371
3574,sigv,16,1,6.077974081039429
3575,sigv,17,1,6.2766783237457275
3576,sigv,18,1,6.062342166900635
3577,sigv,19,1,6.55951452255249
3578,sigv,20,1,5.610279083251953
3579,sigv,21,-1,6.016182899475098
3580,sigv,22,1,6.201324701309204
3581,sigv,23,1,5.631197214126587
3582,sigv,24,1,5.966723680496216
3583,sigv,25,1,5.987422704696655
3584,sigv,26,1,5.853193044662476
3585,sigv,27,1,5.979761838912964
3586,sigv,28,1,5.634026765823364
3587,sigv,29,1,6.3895103931427
3588,sigv,30,1,5.811475992202759
3589,sigv,31,1,5.166266202926636
3590,sigv,32,1,5.838961601257324
3591,sigv,33,1,5.872032165527344
3592,sigv,34,1,5.974823951721191
3593,sigv,35,1,6.088931083679199
3594,sigv,36,-1,5.682366371154785
3595,sigv,37,1,5.839709281921387
3596,sigv,38,1,5.712153196334839
3597,sigv,39,1,5.655759811401367
3598,sigv,40,1,6.821282625198364
3599,sigv,41,1,6.033841371536255
3600,sigv,42,1,6.013473033905029
3601,sigv,43,1,6.182483911514282
3602,sigv,44,1,6.080386638641357
3603,sigv,45,1,5.905095100402832
3604,sigv,46,1,5.607098817825317
3605,sigv,47,1,6.022554874420166
3606,sigv,48,-1,6.056893348693848
3607,sigv,49,1,6.823055028915405
3608,sigv,50,1,6.391450643539429
3609,sigv,51,1,6.381474733352661
3610,sigv,52,1,6.261721134185791
3611,sigv,53,1,5.942879676818848
3612,sigv,54,1,6.085474252700806
3613,sigv,55,1,6.042812824249268
3614,sigv,56,1,5.89798903465271
3615,sigv,57,1,6.063528776168823
3616,sigv,58,1,6.390674591064453
3617,sigv,59,1,5.358827352523804
3618,sigv,60,1,5.8615641593933105
3619,sigv,61,1,6.1134209632873535
3620,sigv,62,1,5.981890678405762
3621,sigv,63,1,5.985397100448608
3622,sigv,64,1,6.454985857009888
3623,sigv,65,-1,6.6308677196502686
3624,sigv,66,1,5.985112905502319
3625,sigv,67,1,6.151353597640991
3626,sigv,68,1,6.74489164352417
3627,sigv,69,1,5.969784736633301
3628,sigv,70,1,6.079308032989502
3629,sigv,71,1,6.293429613113403
3630,sigv,72,1,6.092574119567871
3631,sigv,73,1,6.437480449676514
3632,sigv,74,1,5.998785972595215
3633,sigv,75,1,5.8862245082855225
3634,sigv,76,1,6.566728591918945
3635,sigv,77,1,6.018327713012695
3636,sigv,78,1,6.503800630569458
3637,sigv,79,1,6.451191663742065
3638,sigv,80,1,6.604729175567627
3639,sigv,81,1,5.522826433181763
3640,sigv,82,1,5.853602409362793
3641,sigv,83,1,5.991915464401245
3642,sigv,84,1,5.885015249252319
3643,sigv,85,1,6.051304578781128
3644,sigv,86,1,6.2666401863098145
3645,sigv,87,1,5.882471799850464
3646,sigv,88,1,6.701156139373779
3647,sigv,89,1,6.108187913894653
3648,sigv,90,1,6.152969598770142
3649,sigv,91,1,6.140581369400024
3650,sigv,92,-1,6.6684486865997314
3651,sigv,93,1,6.062930107116699
3652,sigv,94,1,6.148714065551758
3653,sigv,95,1,6.416265487670898
3654,sigv,96,1,6.054732084274292
3655,sigv,97,1,6.116909503936768
3656,sigv,98,1,5.832862377166748
3657,sigv,99,-1,6.487485885620117
3658,sigv,100,1,6.351120710372925
3659,rbfv,1,1,6.171294450759888
3660,rbfv,2,1,6.325195074081421
3661,rbfv,3,1,5.961604118347168
3662,rbfv,4,1,5.781080007553101
3663,rbfv,5,1,5.861752033233643
3664,rbfv,6,-1,6.046668291091919
3665,rbfv,7,1,6.081554412841797
3666,rbfv,8,1,6.09965705871582
3667,rbfv,9,-1,6.008631944656372
3668,rbfv,10,1,5.69003438949585
3669,rbfv,11,1,6.163721323013306
3670,rbfv,12,1,6.349222660064697
3671,rbfv,13,1,6.338379144668579
3672,rbfv,14,1,5.431843996047974
3673,rbfv,15,-1,6.560897350311279
3674,rbfv,16,1,6.292252540588379
3675,rbfv,17,1,6.3023576736450195
3676,rbfv,18,1,5.591117858886719
3677,rbfv,19,1,6.067755937576294
3678,rbfv,20,1,5.829282283782959
3679,rbfv,21,1,6.08853816986084
3680,rbfv,22,1,5.96234917640686
3681,rbfv,23,1,5.651327610015869
3682,rbfv,24,-1,6.078529596328735
3683,rbfv,25,1,6.983795404434204
3684,rbfv,26,1,5.9212281703948975
3685,rbfv,27,1,6.308530569076538
3686,rbfv,28,1,6.4128663539886475
3687,rbfv,29,1,6.413583040237427
3688,rbfv,30,1,6.183069229125977
3689,rbfv,31,1,5.940729856491089
3690,rbfv,32,1,5.909043550491333
3691,rbfv,33,-1,6.0955328941345215
3692,rbfv,34,1,6.027555704116821
3693,rbfv,35,1,6.553904294967651
3694,rbfv,36,1,5.899355888366699
3695,rbfv,37,-1,6.810608625411987
3696,rbfv,38,1,5.892257928848267
3697,rbfv,39,1,6.225680351257324
3698,rbfv,40,1,6.049890518188477
3699,rbfv,41,1,6.408443450927734
3700,rbfv,42,1,7.359598159790039
3701,rbfv,43,1,6.1438446044921875
3702,rbfv,44,1,6.255714654922485
3703,rbfv,45,1,6.031249761581421
3704,rbfv,46,-1,6.0013604164123535
3705,rbfv,47,-1,6.462232351303101
3706,rbfv,48,1,6.02556300163269
3707,rbfv,49,1,5.774593353271484
3708,rbfv,50,1,6.527925252914429
3709,rbfv,51,1,6.440832853317261
3710,rbfv,52,1,5.9508912563323975
3711,rbfv,53,1,5.929710626602173
3712,rbfv,54,-1,5.972936391830444
3713,rbfv,55,1,6.036822319030762
3714,rbfv,56,1,5.854041576385498
3715,rbfv,57,1,6.3151469230651855
3716,rbfv,58,1,6.041602611541748
3717,rbfv,59,-1,5.9468560218811035
3718,rbfv,60,1,5.908915281295776
3719,rbfv,61,1,6.140700578689575
3720,rbfv,62,1,6.7182793617248535
3721,rbfv,63,1,6.056522607803345
3722,rbfv,64,1,6.105192184448242
3723,rbfv,65,1,6.010298490524292
3724,rbfv,66,1,6.695136070251465
3725,rbfv,67,1,6.441689968109131
3726,rbfv,68,-1,5.606046438217163
3727,rbfv,69,1,6.437705039978027
3728,rbfv,70,1,6.174826145172119
3729,rbfv,71,1,5.685286998748779
3730,rbfv,72,1,5.867721080780029
3731,rbfv,73,1,6.382043838500977
3732,rbfv,74,1,6.186801910400391
3733,rbfv,75,1,6.453903436660767
3734,rbfv,76,-1,5.879921913146973
3735,rbfv,77,1,6.79175591468811
3736,rbfv,78,1,6.356327772140503
3737,rbfv,79,-1,6.1116111278533936
3738,rbfv,80,1,5.931588411331177
3739,rbfv,81,1,6.185041189193726
3740,rbfv,82,1,6.615148305892944
3741,rbfv,83,-1,6.238409519195557
3742,rbfv,84,1,6.507814884185791
3743,rbfv,85,1,5.900733709335327
3744,rbfv,86,1,5.784980773925781
3745,rbfv,87,1,5.940323114395142
3746,rbfv,88,-1,5.231997728347778
3747,rbfv,89,1,6.013986587524414
3748,rbfv,90,1,5.8211445808410645
3749,rbfv,91,1,5.850236892700195
3750,rbfv,92,1,5.886104106903076
3751,rbfv,93,1,6.133593797683716
3752,rbfv,94,1,6.436611652374268
3753,rbfv,95,1,6.503371477127075
3754,rbfv,96,1,6.09984278678894
3755,rbfv,97,1,6.0344061851501465
3756,rbfv,98,1,5.9748852252960205
3757,rbfv,99,1,5.773732662200928
3758,rbfv,100,1,6.329300165176392
3759,nnv,1,1,5.809321641921997
3760,nnv,2,1,6.451004981994629
3761,nnv,3,1,6.15846586227417
3762,nnv,4,1,6.030212640762329
3763,nnv,5,-1,6.477483749389648
3764,nnv,6,1,6.261164903640747
3765,nnv,7,1,6.0942323207855225
3766,nnv,8,1,6.057736873626709
3767,nnv,9,1,5.199506521224976
3768,nnv,10,1,6.417102336883545
3769,nnv,11,1,7.07499623298645
3770,nnv,12,1,6.171759605407715
3771,nnv,13,1,6.051311731338501
3772,nnv,14,1,6.504212379455566
3773,nnv,15,1,6.487451791763306
3774,nnv,16,1,6.606258153915405
3775,nnv,17,1,5.998957633972168
3776,nnv,18,-1,6.475881099700928
3777,nnv,19,1,5.836133241653442
3778,nnv,20,1,6.076462984085083
3779,nnv,21,1,5.860822916030884
3780,nnv,22,1,5.806148529052734
3781,nnv,23,1,5.820418119430542
3782,nnv,24,1,5.873303651809692
3783,nnv,25,1,5.6313159465789795
3784,nnv,26,1,5.391364336013794
3785,nnv,27,1,6.0088701248168945
3786,nnv,28,1,6.05400276184082
3787,nnv,29,1,6.728069543838501
3788,nnv,30,1,5.926199436187744
3789,nnv,31,1,5.843178033828735
3790,nnv,32,1,5.856510400772095
3791,nnv,33,1,6.093379735946655
3792,nnv,34,1,6.229069709777832
3793,nnv,35,1,5.906210422515869
3794,nnv,36,1,5.677774667739868
3795,nnv,37,-1,6.1041340827941895
3796,nnv,38,1,5.848292827606201
3797,nnv,39,1,5.927520036697388
3798,nnv,40,1,5.906133651733398
3799,nnv,41,-1,6.110934257507324
3800,nnv,42,1,6.127500057220459
3801,nnv,43,1,6.375172853469849
3802,nnv,44,1,6.191673517227173
3803,nnv,45,1,6.583613157272339
3804,nnv,46,1,5.9920570850372314
3805,nnv,47,1,5.86714243888855
3806,nnv,48,1,6.388338804244995
3807,nnv,49,1,6.455865144729614
3808,nnv,50,-1,5.891549348831177
3809,nnv,51,-1,5.993519067764282
3810,nnv,52,-1,5.7017903327941895
3811,nnv,53,1,5.636131525039673
3812,nnv,54,1,6.787893056869507
3813,nnv,55,1,5.877402067184448
3814,nnv,56,1,6.558855056762695
3815,nnv,57,1,6.699428081512451
3816,nnv,58,1,5.8501832485198975
3817,nnv,59,1,6.4074156284332275
3818,nnv,60,1,6.181339740753174
3819,nnv,61,1,5.948641061782837
3820,nnv,62,1,7.303216457366943
3821,nnv,63,1,6.114376783370972
3822,nnv,64,1,6.436190366744995
3823,nnv,65,-1,5.913872241973877
3824,nnv,66,1,6.38658595085144
3825,nnv,67,1,6.35528039932251
3826,nnv,68,1,5.70524787902832
3827,nnv,69,1,6.907139301300049
3828,nnv,70,1,5.949437618255615
3829,nnv,71,1,5.982598304748535
3830,nnv,72,1,6.360201835632324
3831,nnv,73,1,5.73759913444519
3832,nnv,74,1,6.473533391952515
3833,nnv,75,1,6.1566596031188965
3834,nnv,76,1,6.138998746871948
3835,nnv,77,1,7.049798488616943
3836,nnv,78,1,6.489993095397949
3837,nnv,79,1,6.185328722000122
3838,nnv,80,1,6.0349438190460205
3839,nnv,81,1,6.722970485687256
3840,nnv,82,-1,6.268763542175293
3841,nnv,83,1,6.053688049316406
3842,nnv,84,1,6.111351013183594
3843,nnv,85,-1,6.007909536361694
3844,nnv,86,-1,6.261235237121582
3845,nnv,87,1,6.33859395980835
3846,nnv,88,1,6.040534019470215
3847,nnv,89,1,6.168063402175903
3848,nnv,90,1,6.034125566482544
3849,nnv,91,1,6.313009738922119
3850,nnv,92,1,6.234509706497192
3851,nnv,93,1,6.592814207077026
3852,nnv,94,1,5.934839725494385
3853,nnv,95,1,5.908262491226196
3854,nnv,96,1,6.244415521621704
3855,nnv,97,1,6.372482061386108
3856,nnv,98,1,6.441220760345459
3857,nnv,99,1,6.196823358535767
3858,nnv,100,1,6.043676376342773
