,dataset_id,pair_id,direction,delta_time
0,an,1,-1,6.821613311767578
1,an,2,-1,6.388686418533325
2,an,3,-1,5.945466041564941
3,an,4,-1,5.8647706508636475
4,an,5,-1,5.623902082443237
5,an,6,-1,5.703688383102417
6,an,7,-1,5.76748514175415
7,an,8,-1,6.755427360534668
8,an,9,-1,5.742392539978027
9,an,10,-1,5.969277381896973
10,an,11,-1,6.003015756607056
11,an,12,-1,5.850804567337036
12,an,13,-1,5.950770139694214
13,an,14,-1,5.688140392303467
14,an,15,-1,6.015808343887329
15,an,16,1,5.949100732803345
16,an,17,-1,6.12401008605957
17,an,18,-1,5.822871923446655
18,an,19,-1,5.5817484855651855
19,an,20,-1,5.976047039031982
20,an,21,1,5.681395530700684
21,an,22,1,5.403797149658203
22,an,23,-1,5.661761045455933
23,an,24,-1,5.603010416030884
24,an,25,-1,6.223879337310791
25,an,26,1,6.357373952865601
26,an,27,1,5.8506879806518555
27,an,28,-1,5.747350215911865
28,an,29,-1,6.160608768463135
29,an,30,-1,6.374377489089966
30,an,31,-1,5.708917856216431
31,an,32,-1,6.0529625415802
32,an,33,-1,5.561732053756714
33,an,34,-1,5.463297367095947
34,an,35,-1,6.47884726524353
35,an,36,-1,6.188050031661987
36,an,37,1,6.355162620544434
37,an,38,-1,6.062479496002197
38,an,39,-1,5.98902440071106
39,an,40,1,6.140254020690918
40,an,41,-1,5.890765905380249
41,an,42,1,6.054956436157227
42,an,43,-1,6.017707109451294
43,an,44,-1,6.278250694274902
44,an,45,-1,5.728156805038452
45,an,46,-1,5.967268943786621
46,an,47,-1,5.633145809173584
47,an,48,-1,5.534246444702148
48,an,49,-1,5.914588689804077
49,an,50,-1,5.961921691894531
50,an,51,-1,6.684737920761108
51,an,52,-1,5.975739240646362
52,an,53,-1,5.465585231781006
53,an,54,-1,5.947599411010742
54,an,55,-1,5.817936897277832
55,an,56,-1,5.528400182723999
56,an,57,-1,5.75386118888855
57,an,58,-1,5.920655727386475
58,an,59,1,6.0287792682647705
59,an,60,-1,6.010014772415161
60,an,61,1,5.678067207336426
61,an,62,-1,5.48058295249939
62,an,63,-1,6.399466514587402
63,an,64,-1,5.436262845993042
64,an,65,-1,6.466428995132446
65,an,66,-1,6.3819379806518555
66,an,67,-1,6.44518518447876
67,an,68,-1,5.893058776855469
68,an,69,-1,5.607824802398682
69,an,70,-1,5.62528657913208
70,an,71,1,5.457939863204956
71,an,72,-1,6.4087135791778564
72,an,73,-1,6.463592529296875
73,an,74,-1,6.309471607208252
74,an,75,-1,5.925526857376099
75,an,76,-1,5.695583820343018
76,an,77,-1,6.229551076889038
77,an,78,-1,5.482331991195679
78,an,79,-1,6.397619962692261
79,an,80,-1,6.10576057434082
80,an,81,-1,6.186014652252197
81,an,82,-1,5.983844518661499
82,an,83,-1,6.035284757614136
83,an,84,1,5.875462055206299
84,an,85,-1,6.412111282348633
85,an,86,1,6.125256061553955
86,an,87,-1,5.506314516067505
87,an,88,-1,6.153712034225464
88,an,89,-1,5.664148569107056
89,an,90,-1,6.324288368225098
90,an,91,-1,5.838716745376587
91,an,92,-1,6.035058498382568
92,an,93,-1,6.256772518157959
93,an,94,-1,6.100904703140259
94,an,95,-1,5.931934833526611
95,an,96,-1,6.011385679244995
96,an,97,-1,6.220548391342163
97,an,98,-1,5.939161777496338
98,an,99,-1,5.841620206832886
99,an,100,-1,6.372457504272461
100,ans,1,-1,6.204464912414551
101,ans,2,-1,6.569517612457275
102,ans,3,-1,5.913285970687866
103,ans,4,-1,6.021137475967407
104,ans,5,-1,5.96580958366394
105,ans,6,-1,6.211647987365723
106,ans,7,-1,6.340615272521973
107,ans,8,-1,6.428909540176392
108,ans,9,-1,5.870843410491943
109,ans,10,-1,6.016805410385132
110,ans,11,-1,6.019154787063599
111,ans,12,-1,6.790642023086548
112,ans,13,-1,5.862319707870483
113,ans,14,-1,6.094557046890259
114,ans,15,-1,6.225548982620239
115,ans,16,-1,6.1421799659729
116,ans,17,-1,5.806006193161011
117,ans,18,-1,5.908037900924683
118,ans,19,-1,6.416506052017212
119,ans,20,-1,5.60640287399292
120,ans,21,-1,5.978389263153076
121,ans,22,-1,5.902211904525757
122,ans,23,-1,6.194613218307495
123,ans,24,-1,6.094706058502197
124,ans,25,-1,5.846567630767822
125,ans,26,-1,5.770062208175659
126,ans,27,-1,6.327622175216675
127,ans,28,-1,5.628685235977173
128,ans,29,-1,6.309256076812744
129,ans,30,-1,5.748619794845581
130,ans,31,-1,5.902003526687622
131,ans,32,-1,5.856604814529419
132,ans,33,-1,6.193631887435913
133,ans,34,-1,5.937311887741089
134,ans,35,-1,6.040889739990234
135,ans,36,-1,6.517768621444702
136,ans,37,-1,6.31947135925293
137,ans,38,-1,6.2518720626831055
138,ans,39,-1,5.769636631011963
139,ans,40,-1,5.789612531661987
140,ans,41,-1,6.059595346450806
141,ans,42,-1,5.687551498413086
142,ans,43,-1,6.026954412460327
143,ans,44,-1,6.281930923461914
144,ans,45,-1,6.145477056503296
145,ans,46,-1,6.237810134887695
146,ans,47,-1,6.226375102996826
147,ans,48,-1,5.8528478145599365
148,ans,49,-1,6.009261131286621
149,ans,50,-1,5.970253944396973
150,ans,51,-1,6.982417821884155
151,ans,52,-1,5.712969541549683
152,ans,53,-1,6.157519340515137
153,ans,54,-1,6.255852699279785
154,ans,55,-1,6.471858739852905
155,ans,56,-1,6.104419469833374
156,ans,57,-1,5.507195234298706
157,ans,58,-1,6.269942998886108
158,ans,59,-1,6.367835998535156
159,ans,60,-1,6.0781004428863525
160,ans,61,-1,6.256645441055298
161,ans,62,-1,5.907347202301025
162,ans,63,-1,5.876559495925903
163,ans,64,-1,6.047159194946289
164,ans,65,-1,6.145593643188477
165,ans,66,-1,6.014127254486084
166,ans,67,-1,5.921375036239624
167,ans,68,-1,5.781573057174683
168,ans,69,-1,6.473512411117554
169,ans,70,-1,5.722222566604614
170,ans,71,-1,6.166581392288208
171,ans,72,-1,6.0344390869140625
172,ans,73,-1,6.504092693328857
173,ans,74,-1,6.246694803237915
174,ans,75,-1,6.565763235092163
175,ans,76,-1,6.65952467918396
176,ans,77,-1,5.492331266403198
177,ans,78,-1,6.018950700759888
178,ans,79,-1,5.855700492858887
179,ans,80,-1,5.965516090393066
180,ans,81,-1,5.61461877822876
181,ans,82,-1,5.814805507659912
182,ans,83,-1,6.011669874191284
183,ans,84,-1,5.902602672576904
184,ans,85,-1,5.48471736907959
185,ans,86,-1,6.199002265930176
186,ans,87,-1,5.967417240142822
187,ans,88,-1,5.442498207092285
188,ans,89,-1,5.969434499740601
189,ans,90,-1,6.091625928878784
190,ans,91,-1,6.368939638137817
191,ans,92,-1,5.89288854598999
192,ans,93,-1,5.8492467403411865
193,ans,94,-1,5.943451166152954
194,ans,95,-1,5.952418088912964
195,ans,96,-1,5.770402431488037
196,ans,97,-1,6.202025413513184
197,ans,98,-1,6.11803936958313
198,ans,99,-1,5.769826173782349
199,ans,100,-1,6.6440956592559814
200,ls,1,-1,5.558595180511475
201,ls,2,1,5.489532709121704
202,ls,3,-1,5.499972343444824
203,ls,4,-1,6.419839859008789
204,ls,5,-1,5.92457389831543
205,ls,6,1,5.8413074016571045
206,ls,7,1,5.846622705459595
207,ls,8,1,5.665144205093384
208,ls,9,-1,5.900761365890503
209,ls,10,-1,5.162216901779175
210,ls,11,1,5.484983682632446
211,ls,12,-1,5.765543699264526
212,ls,13,-1,6.0610620975494385
213,ls,14,1,5.685807466506958
214,ls,15,1,5.763702630996704
215,ls,16,1,5.944897174835205
216,ls,17,1,5.607393503189087
217,ls,18,-1,5.697590589523315
218,ls,19,1,5.693531274795532
219,ls,20,1,5.526623010635376
220,ls,21,-1,6.088265419006348
221,ls,22,-1,5.574898958206177
222,ls,23,1,6.182295083999634
223,ls,24,1,5.667566776275635
224,ls,25,1,5.843132495880127
225,ls,26,-1,6.14827823638916
226,ls,27,1,5.684434652328491
227,ls,28,-1,5.503271818161011
228,ls,29,-1,5.860582113265991
229,ls,30,-1,6.034753799438477
230,ls,31,1,5.7392213344573975
231,ls,32,-1,5.930161476135254
232,ls,33,-1,5.789522409439087
233,ls,34,1,5.562052011489868
234,ls,35,-1,5.6031293869018555
235,ls,36,-1,5.785879373550415
236,ls,37,1,5.547014474868774
237,ls,38,-1,5.931584596633911
238,ls,39,-1,5.776015758514404
239,ls,40,1,6.251362085342407
240,ls,41,-1,5.542011499404907
241,ls,42,1,5.569186687469482
242,ls,43,-1,5.72253942489624
243,ls,44,1,6.014254808425903
244,ls,45,1,5.705567359924316
245,ls,46,1,5.602905750274658
246,ls,47,-1,6.126279830932617
247,ls,48,-1,5.990280866622925
248,ls,49,1,5.861931800842285
249,ls,50,-1,5.56061863899231
250,ls,51,1,6.027773857116699
251,ls,52,1,5.75731635093689
252,ls,53,-1,6.228342056274414
253,ls,54,-1,5.964704275131226
254,ls,55,1,5.521489858627319
255,ls,56,1,5.920146226882935
256,ls,57,1,6.220421075820923
257,ls,58,-1,5.823508262634277
258,ls,59,1,5.956864356994629
259,ls,60,-1,5.890942811965942
260,ls,61,-1,5.598304033279419
261,ls,62,-1,5.647064208984375
262,ls,63,1,6.141343116760254
263,ls,64,1,5.686776161193848
264,ls,65,-1,5.396043062210083
265,ls,66,-1,5.792608022689819
266,ls,67,1,6.055041074752808
267,ls,68,1,6.552670240402222
268,ls,69,-1,5.441180229187012
269,ls,70,-1,6.218615770339966
270,ls,71,-1,5.984515905380249
271,ls,72,-1,5.724363565444946
272,ls,73,-1,5.611285924911499
273,ls,74,1,5.940155744552612
274,ls,75,-1,5.588158845901489
275,ls,76,-1,5.970015287399292
276,ls,77,1,5.889920234680176
277,ls,78,1,5.694576263427734
278,ls,79,-1,6.475833892822266
279,ls,80,1,5.779052019119263
280,ls,81,-1,5.540474891662598
281,ls,82,-1,5.526876926422119
282,ls,83,1,5.218400478363037
283,ls,84,-1,5.696324586868286
284,ls,85,-1,5.814900636672974
285,ls,86,-1,5.847568988800049
286,ls,87,1,5.608100652694702
287,ls,88,-1,6.244567632675171
288,ls,89,-1,6.305267572402954
289,ls,90,1,5.541916608810425
290,ls,91,1,6.056621551513672
291,ls,92,-1,5.750128269195557
292,ls,93,-1,5.91407585144043
293,ls,94,-1,6.052687406539917
294,ls,95,1,6.027533054351807
295,ls,96,-1,5.587039947509766
296,ls,97,1,5.679136514663696
297,ls,98,-1,5.953367710113525
298,ls,99,1,5.8219029903411865
299,ls,100,1,6.17993688583374
300,lss,1,1,5.576291561126709
301,lss,2,1,5.784682512283325
302,lss,3,-1,6.143962860107422
303,lss,4,1,5.819100856781006
304,lss,5,1,5.600851058959961
305,lss,6,-1,5.7219789028167725
306,lss,7,1,6.2748496532440186
307,lss,8,1,6.566041946411133
308,lss,9,1,6.081524848937988
309,lss,10,1,6.181076765060425
310,lss,11,1,5.917162656784058
311,lss,12,-1,5.6717047691345215
312,lss,13,-1,6.355549097061157
313,lss,14,1,5.794963359832764
314,lss,15,1,5.427312850952148
315,lss,16,-1,5.421780824661255
316,lss,17,1,5.98639440536499
317,lss,18,1,5.7745819091796875
318,lss,19,-1,5.727707147598267
319,lss,20,1,6.045449256896973
320,lss,21,-1,5.943206548690796
321,lss,22,-1,6.099995136260986
322,lss,23,-1,5.8257362842559814
323,lss,24,-1,5.711049795150757
324,lss,25,1,5.471898078918457
325,lss,26,1,5.901788949966431
326,lss,27,1,5.796798229217529
327,lss,28,1,5.366549730300903
328,lss,29,1,5.975157737731934
329,lss,30,1,5.490764379501343
330,lss,31,1,6.1363255977630615
331,lss,32,1,6.2192702293396
332,lss,33,1,5.8304736614227295
333,lss,34,-1,6.804578065872192
334,lss,35,-1,5.5943543910980225
335,lss,36,1,5.419725179672241
336,lss,37,1,6.066707611083984
337,lss,38,1,5.436994552612305
338,lss,39,-1,5.2987611293792725
339,lss,40,1,5.653518199920654
340,lss,41,1,5.647350072860718
341,lss,42,-1,5.526397228240967
342,lss,43,1,6.232489109039307
343,lss,44,1,5.6716132164001465
344,lss,45,1,6.76996374130249
345,lss,46,-1,6.09537410736084
346,lss,47,-1,5.673711061477661
347,lss,48,1,6.412038803100586
348,lss,49,1,6.363792896270752
349,lss,50,1,5.614371061325073
350,lss,51,1,5.9967615604400635
351,lss,52,1,5.735998153686523
352,lss,53,1,5.456784963607788
353,lss,54,1,6.48165488243103
354,lss,55,1,5.855188608169556
355,lss,56,-1,5.672586917877197
356,lss,57,-1,5.5989885330200195
357,lss,58,1,5.627013444900513
358,lss,59,-1,5.402928113937378
359,lss,60,1,5.574537754058838
360,lss,61,1,5.894837379455566
361,lss,62,1,5.412347793579102
362,lss,63,1,5.105020761489868
363,lss,64,-1,5.521442174911499
364,lss,65,1,5.545960187911987
365,lss,66,-1,5.7726874351501465
366,lss,67,1,5.6230175495147705
367,lss,68,-1,5.734140157699585
368,lss,69,1,5.8118367195129395
369,lss,70,1,5.643788814544678
370,lss,71,1,5.678952693939209
371,lss,72,1,5.66025710105896
372,lss,73,1,5.688366174697876
373,lss,74,1,5.708560228347778
374,lss,75,1,6.092089414596558
375,lss,76,1,5.29623007774353
376,lss,77,-1,5.47864556312561
377,lss,78,1,5.551925420761108
378,lss,79,1,5.73469352722168
379,lss,80,-1,5.942811727523804
380,lss,81,1,5.364603757858276
381,lss,82,1,6.03100323677063
382,lss,83,1,6.035398721694946
383,lss,84,1,6.035244464874268
384,lss,85,1,5.467360973358154
385,lss,86,-1,5.521206617355347
386,lss,87,1,5.7316367626190186
387,lss,88,1,6.1783552169799805
388,lss,89,1,5.999088287353516
389,lss,90,1,5.8862364292144775
390,lss,91,1,5.858583450317383
391,lss,92,1,6.201202392578125
392,lss,93,1,5.520366907119751
393,lss,94,1,5.61327600479126
394,lss,95,-1,5.743029594421387
395,lss,96,1,5.636282682418823
396,lss,97,1,5.685841083526611
397,lss,98,1,5.90456748008728
398,lss,99,1,5.407829523086548
399,lss,100,1,5.284358978271484
400,mnu,1,1,5.6741721630096436
401,mnu,2,1,5.966443777084351
402,mnu,3,1,6.048545837402344
403,mnu,4,1,5.450001955032349
404,mnu,5,1,5.426321029663086
405,mnu,6,1,5.814248085021973
406,mnu,7,1,5.729843378067017
407,mnu,8,1,5.497255325317383
408,mnu,9,1,5.4748053550720215
409,mnu,10,1,5.414991855621338
410,mnu,11,1,5.671270132064819
411,mnu,12,1,5.708136558532715
412,mnu,13,1,5.526154518127441
413,mnu,14,1,5.6167566776275635
414,mnu,15,1,6.073544025421143
415,mnu,16,1,5.934235334396362
416,mnu,17,1,5.51525354385376
417,mnu,18,1,5.797486066818237
418,mnu,19,1,5.701418399810791
419,mnu,20,1,5.693144083023071
420,mnu,21,1,5.810621738433838
421,mnu,22,1,5.979411840438843
422,mnu,23,1,5.429109334945679
423,mnu,24,1,5.6378254890441895
424,mnu,25,1,5.710515975952148
425,mnu,26,1,6.144076108932495
426,mnu,27,1,6.124149322509766
427,mnu,28,1,5.764791250228882
428,mnu,29,1,6.818536281585693
429,mnu,30,1,5.251904487609863
430,mnu,31,1,5.284099102020264
431,mnu,32,1,5.66532826423645
432,mnu,33,1,5.77058744430542
433,mnu,34,1,5.721928834915161
434,mnu,35,1,5.978040456771851
435,mnu,36,1,6.06471586227417
436,mnu,37,1,6.047448396682739
437,mnu,38,1,5.863538026809692
438,mnu,39,1,5.7823805809021
439,mnu,40,1,5.829282760620117
440,mnu,41,1,5.539475917816162
441,mnu,42,1,5.198212385177612
442,mnu,43,1,5.457653760910034
443,mnu,44,1,5.725769519805908
444,mnu,45,1,5.890088796615601
445,mnu,46,1,5.532320022583008
446,mnu,47,1,5.776989698410034
447,mnu,48,1,6.008788585662842
448,mnu,49,1,5.618745565414429
449,mnu,50,1,5.392171382904053
450,mnu,51,1,5.936035633087158
451,mnu,52,1,5.823737382888794
452,mnu,53,1,5.640650987625122
453,mnu,54,1,5.576634883880615
454,mnu,55,1,5.74280047416687
455,mnu,56,1,5.6243674755096436
456,mnu,57,1,6.0482587814331055
457,mnu,58,1,5.891859531402588
458,mnu,59,1,6.078606843948364
459,mnu,60,1,5.693898916244507
460,mnu,61,1,5.5333616733551025
461,mnu,62,1,6.05476975440979
462,mnu,63,1,5.829014539718628
463,mnu,64,1,5.9241087436676025
464,mnu,65,1,5.73383355140686
465,mnu,66,1,5.507454872131348
466,mnu,67,1,5.800302028656006
467,mnu,68,1,6.3248584270477295
468,mnu,69,1,6.199570655822754
469,mnu,70,1,5.78029990196228
470,mnu,71,1,5.393486499786377
471,mnu,72,1,5.617448329925537
472,mnu,73,1,5.550949811935425
473,mnu,74,1,5.401142120361328
474,mnu,75,1,5.634859800338745
475,mnu,76,1,5.868710994720459
476,mnu,77,1,5.307604551315308
477,mnu,78,1,5.708908319473267
478,mnu,79,1,5.733414649963379
479,mnu,80,1,5.684643983840942
480,mnu,81,1,6.0513916015625
481,mnu,82,1,5.801312685012817
482,mnu,83,1,5.819798707962036
483,mnu,84,1,5.582063674926758
484,mnu,85,1,5.435970783233643
485,mnu,86,1,5.536088466644287
486,mnu,87,1,5.807328939437866
487,mnu,88,1,5.3037214279174805
488,mnu,89,1,5.370605945587158
489,mnu,90,1,5.494146347045898
490,mnu,91,1,5.891183137893677
491,mnu,92,1,6.520282983779907
492,mnu,93,1,5.47875452041626
493,mnu,94,1,5.9221556186676025
494,mnu,95,1,6.554866790771484
495,mnu,96,1,5.46137261390686
496,mnu,97,1,6.244117498397827
497,mnu,98,1,5.9717230796813965
498,mnu,99,1,5.932550430297852
499,mnu,100,1,6.289239406585693
500,sim,1,1,5.534380912780762
501,sim,2,1,5.777030944824219
502,sim,3,1,5.478988409042358
503,sim,4,1,5.602283716201782
504,sim,5,1,6.223228693008423
505,sim,6,-1,5.653084754943848
506,sim,7,1,5.879283428192139
507,sim,8,1,6.111662149429321
508,sim,9,1,5.653294086456299
509,sim,10,1,5.794762134552002
510,sim,11,-1,5.917682409286499
511,sim,12,1,6.363351345062256
512,sim,13,1,5.769537448883057
513,sim,14,1,5.416818618774414
514,sim,15,1,5.817437171936035
515,sim,16,1,5.658938884735107
516,sim,17,-1,5.613067865371704
517,sim,18,1,5.6873204708099365
518,sim,19,-1,5.8744494915008545
519,sim,20,-1,6.274780035018921
520,sim,21,1,6.131751298904419
521,sim,22,-1,5.7650158405303955
522,sim,23,1,5.65020489692688
523,sim,24,-1,5.7223169803619385
524,sim,25,1,6.202049732208252
525,sim,26,1,5.894609212875366
526,sim,27,1,5.580113887786865
527,sim,28,1,5.59799861907959
528,sim,29,-1,5.5217673778533936
529,sim,30,-1,6.2244956493377686
530,sim,31,1,6.194277048110962
531,sim,32,1,5.836081504821777
532,sim,33,-1,5.853655576705933
533,sim,34,-1,5.923286199569702
534,sim,35,1,6.181295394897461
535,sim,36,-1,6.1032538414001465
536,sim,37,1,5.678768157958984
537,sim,38,1,6.0276408195495605
538,sim,39,-1,5.946206569671631
539,sim,40,-1,6.25959587097168
540,sim,41,1,5.872227668762207
541,sim,42,1,5.9701173305511475
542,sim,43,1,5.470804691314697
543,sim,44,1,5.748576879501343
544,sim,45,1,5.647186756134033
545,sim,46,1,5.754404544830322
546,sim,47,1,5.646598815917969
547,sim,48,-1,6.078464984893799
548,sim,49,1,6.41515040397644
549,sim,50,1,5.673642635345459
550,sim,51,1,5.93297553062439
551,sim,52,1,5.513403415679932
552,sim,53,1,5.959427833557129
553,sim,54,-1,6.641631603240967
554,sim,55,-1,5.897240161895752
555,sim,56,-1,6.27947211265564
556,sim,57,1,5.502933025360107
557,sim,58,1,5.949747323989868
558,sim,59,1,5.729243993759155
559,sim,60,1,5.504815340042114
560,sim,61,1,6.089760065078735
561,sim,62,1,5.576487302780151
562,sim,63,-1,6.320040464401245
563,sim,64,1,5.928448915481567
564,sim,65,1,6.127772569656372
565,sim,66,1,5.833147764205933
566,sim,67,1,6.013607740402222
567,sim,68,-1,6.619292736053467
568,sim,69,1,5.99729585647583
569,sim,70,1,6.265360116958618
570,sim,71,1,6.041560173034668
571,sim,72,-1,6.189900636672974
572,sim,73,1,5.766680002212524
573,sim,74,1,5.853203773498535
574,sim,75,1,5.949260950088501
575,sim,76,1,5.82859992980957
576,sim,77,1,6.344917058944702
577,sim,78,1,5.471131324768066
578,sim,79,-1,5.614288568496704
579,sim,80,-1,5.950246572494507
580,sim,81,1,6.249761581420898
581,sim,82,1,6.526705503463745
582,sim,83,1,5.636951208114624
583,sim,84,1,5.636825084686279
584,sim,85,-1,6.058305025100708
585,sim,86,1,5.675386428833008
586,sim,87,1,5.685019254684448
587,sim,88,-1,5.761541128158569
588,sim,89,1,6.334213495254517
589,sim,90,1,5.806468486785889
590,sim,91,1,6.1738440990448
591,sim,92,1,5.802185773849487
592,sim,93,-1,5.832327127456665
593,sim,94,1,6.170673131942749
594,sim,95,1,5.935305118560791
595,sim,96,1,6.072953462600708
596,sim,97,1,5.576245069503784
597,sim,98,1,5.962090730667114
598,sim,99,-1,6.003005266189575
599,sim,100,1,6.015691757202148
600,simc,1,1,6.173078775405884
601,simc,2,1,6.010038375854492
602,simc,3,1,6.219419240951538
603,simc,4,1,5.592628002166748
604,simc,5,1,6.329688787460327
605,simc,6,-1,6.647210597991943
606,simc,7,-1,6.510660648345947
607,simc,8,1,5.814820289611816
608,simc,9,1,6.032914638519287
609,simc,10,1,6.227781534194946
610,simc,11,1,5.668159246444702
611,simc,12,1,5.862637996673584
612,simc,13,1,5.404058218002319
613,simc,14,1,5.641052961349487
614,simc,15,1,6.316383123397827
615,simc,16,1,5.699078798294067
616,simc,17,-1,6.416780710220337
617,simc,18,1,5.79107141494751
618,simc,19,1,5.957046747207642
619,simc,20,-1,5.432532787322998
620,simc,21,-1,5.672447443008423
621,simc,22,1,5.59677791595459
622,simc,23,1,6.122975826263428
623,simc,24,-1,6.530033111572266
624,simc,25,-1,5.435778379440308
625,simc,26,-1,5.85432767868042
626,simc,27,1,5.75982928276062
627,simc,28,-1,5.594937324523926
628,simc,29,-1,6.349243402481079
629,simc,30,1,6.407894611358643
630,simc,31,1,5.6604814529418945
631,simc,32,1,6.128996849060059
632,simc,33,1,5.855289697647095
633,simc,34,1,6.176312685012817
634,simc,35,-1,5.665814638137817
635,simc,36,1,5.969284296035767
636,simc,37,-1,5.8514838218688965
637,simc,38,-1,6.188217401504517
638,simc,39,-1,5.619157552719116
639,simc,40,-1,5.897277355194092
640,simc,41,1,5.894546270370483
641,simc,42,-1,5.799372673034668
642,simc,43,1,5.743354082107544
643,simc,44,1,6.72787070274353
644,simc,45,-1,5.826300859451294
645,simc,46,1,5.803844451904297
646,simc,47,1,6.270193338394165
647,simc,48,-1,5.832595348358154
648,simc,49,1,5.892103433609009
649,simc,50,-1,5.436436891555786
650,simc,51,1,5.874799966812134
651,simc,52,1,6.110586643218994
652,simc,53,1,5.9552977085113525
653,simc,54,1,5.764621019363403
654,simc,55,-1,5.524165630340576
655,simc,56,-1,5.82593846321106
656,simc,57,1,6.541029930114746
657,simc,58,1,5.872689485549927
658,simc,59,1,5.840008020401001
659,simc,60,1,5.985762596130371
660,simc,61,1,5.969524383544922
661,simc,62,-1,5.445174694061279
662,simc,63,-1,6.14612078666687
663,simc,64,1,5.584986209869385
664,simc,65,-1,5.534804582595825
665,simc,66,1,5.427492380142212
666,simc,67,1,5.658624172210693
667,simc,68,1,6.006737470626831
668,simc,69,1,5.600480318069458
669,simc,70,1,6.220395565032959
670,simc,71,-1,6.026260614395142
671,simc,72,1,5.895582675933838
672,simc,73,1,5.900988817214966
673,simc,74,1,6.325883626937866
674,simc,75,-1,6.001429796218872
675,simc,76,1,6.314464092254639
676,simc,77,1,5.805743217468262
677,simc,78,1,6.125944137573242
678,simc,79,1,6.196166038513184
679,simc,80,-1,5.955726146697998
680,simc,81,-1,5.783474683761597
681,simc,82,1,5.436361789703369
682,simc,83,-1,5.736770868301392
683,simc,84,1,5.645336627960205
684,simc,85,1,5.642827033996582
685,simc,86,1,5.789824962615967
686,simc,87,1,6.214764833450317
687,simc,88,-1,5.757221460342407
688,simc,89,-1,6.067850112915039
689,simc,90,1,5.706955671310425
690,simc,91,-1,6.289267539978027
691,simc,92,-1,6.179788112640381
692,simc,93,-1,5.9670915603637695
693,simc,94,1,5.920494794845581
694,simc,95,1,6.171046495437622
695,simc,96,1,6.108359098434448
696,simc,97,-1,5.888549089431763
697,simc,98,-1,5.780865669250488
698,simc,99,1,6.3874030113220215
699,simc,100,1,5.959671974182129
700,simg,1,1,5.765213251113892
701,simg,2,1,5.458585500717163
702,simg,3,1,5.896253824234009
703,simg,4,1,5.769947290420532
704,simg,5,1,5.6617536544799805
705,simg,6,-1,5.866749286651611
706,simg,7,1,5.624778985977173
707,simg,8,1,5.906986951828003
708,simg,9,-1,6.140788793563843
709,simg,10,1,6.563544750213623
710,simg,11,1,6.234635353088379
711,simg,12,1,6.129955768585205
712,simg,13,-1,5.7280895709991455
713,simg,14,1,6.483575820922852
714,simg,15,-1,5.911776065826416
715,simg,16,1,5.4981560707092285
716,simg,17,1,5.944787979125977
717,simg,18,1,6.34980583190918
718,simg,19,-1,6.833196401596069
719,simg,20,1,6.196404218673706
720,simg,21,-1,5.97791862487793
721,simg,22,-1,5.913910865783691
722,simg,23,-1,5.700857400894165
723,simg,24,-1,5.75602126121521
724,simg,25,-1,5.620311260223389
725,simg,26,-1,5.810778379440308
726,simg,27,-1,6.202106714248657
727,simg,28,1,6.912747621536255
728,simg,29,-1,5.907381057739258
729,simg,30,-1,6.002127408981323
730,simg,31,-1,5.750291347503662
731,simg,32,1,6.1482994556427
732,simg,33,-1,5.735579490661621
733,simg,34,1,5.998232126235962
734,simg,35,-1,6.153871536254883
735,simg,36,-1,5.542901277542114
736,simg,37,-1,5.73166823387146
737,simg,38,1,6.29175329208374
738,simg,39,1,6.051297426223755
739,simg,40,1,5.993065118789673
740,simg,41,1,6.798372030258179
741,simg,42,1,5.313798189163208
742,simg,43,1,6.191843748092651
743,simg,44,-1,5.789793252944946
744,simg,45,1,5.748981952667236
745,simg,46,-1,6.236683130264282
746,simg,47,1,5.960989952087402
747,simg,48,-1,6.430298805236816
748,simg,49,1,6.007564067840576
749,simg,50,1,5.955450057983398
750,simg,51,-1,6.003769397735596
751,simg,52,1,6.05158257484436
752,simg,53,1,6.076083421707153
753,simg,54,-1,6.226851940155029
754,simg,55,-1,5.869438171386719
755,simg,56,-1,6.288186073303223
756,simg,57,-1,6.076904296875
757,simg,58,-1,5.871938943862915
758,simg,59,-1,5.889707565307617
759,simg,60,1,5.920472860336304
760,simg,61,1,6.348735809326172
761,simg,62,1,5.597726821899414
762,simg,63,1,5.806339979171753
763,simg,64,1,6.085256576538086
764,simg,65,1,6.296249151229858
765,simg,66,1,5.640482664108276
766,simg,67,-1,5.735357284545898
767,simg,68,-1,6.1572558879852295
768,simg,69,1,5.612399578094482
769,simg,70,-1,5.619283676147461
770,simg,71,-1,6.186110496520996
771,simg,72,1,6.4464335441589355
772,simg,73,1,5.685931921005249
773,simg,74,1,5.961838722229004
774,simg,75,1,6.102434158325195
775,simg,76,-1,5.426724672317505
776,simg,77,1,5.537359952926636
777,simg,78,1,5.881207227706909
778,simg,79,-1,5.738122940063477
779,simg,80,-1,5.6752049922943115
780,simg,81,-1,5.684511423110962
781,simg,82,-1,5.835207223892212
782,simg,83,1,6.358971834182739
783,simg,84,1,5.759720325469971
784,simg,85,-1,5.315893888473511
785,simg,86,1,5.529186010360718
786,simg,87,-1,5.799872636795044
787,simg,88,1,6.329590797424316
788,simg,89,-1,5.810492277145386
789,simg,90,1,5.732919692993164
790,simg,91,-1,6.040816783905029
791,simg,92,-1,5.623272657394409
792,simg,93,1,5.877258777618408
793,simg,94,-1,7.047306776046753
794,simg,95,1,5.9403252601623535
795,simg,96,-1,5.943793058395386
796,simg,97,1,6.119168519973755
797,simg,98,-1,5.72658109664917
798,simg,99,1,5.866971731185913
799,simg,100,-1,5.935945510864258
800,simln,1,1,6.301624059677124
801,simln,2,1,5.393848657608032
802,simln,3,1,6.545108795166016
803,simln,4,1,5.636573314666748
804,simln,5,-1,5.584606170654297
805,simln,6,1,5.682348728179932
806,simln,7,1,5.926378488540649
807,simln,8,1,5.4698145389556885
808,simln,9,-1,5.502850294113159
809,simln,10,1,6.535128116607666
810,simln,11,1,6.192209243774414
811,simln,12,1,6.1388866901397705
812,simln,13,1,5.758117437362671
813,simln,14,1,5.44273829460144
814,simln,15,1,5.598247051239014
815,simln,16,-1,5.918473958969116
816,simln,17,1,5.4833457469940186
817,simln,18,1,6.897211313247681
818,simln,19,1,5.693155527114868
819,simln,20,-1,5.799620151519775
820,simln,21,1,5.216201066970825
821,simln,22,1,5.561068534851074
822,simln,23,1,5.6487627029418945
823,simln,24,1,5.707288980484009
824,simln,25,1,5.610727310180664
825,simln,26,1,5.751054525375366
826,simln,27,1,5.582691192626953
827,simln,28,1,5.4698028564453125
828,simln,29,1,5.768928527832031
829,simln,30,1,5.379054069519043
830,simln,31,1,5.604156494140625
831,simln,32,-1,5.824381589889526
832,simln,33,1,5.474768161773682
833,simln,34,1,5.9037415981292725
834,simln,35,1,5.60990834236145
835,simln,36,1,5.701805353164673
836,simln,37,1,5.559370994567871
837,simln,38,-1,5.739625692367554
838,simln,39,1,6.149240255355835
839,simln,40,1,6.011230945587158
840,simln,41,1,6.1279520988464355
841,simln,42,1,5.497031211853027
842,simln,43,1,5.674246072769165
843,simln,44,1,5.996058702468872
844,simln,45,1,5.394593715667725
845,simln,46,1,5.646761417388916
846,simln,47,-1,5.789999008178711
847,simln,48,1,5.689814567565918
848,simln,49,1,5.988617181777954
849,simln,50,1,5.848074674606323
850,simln,51,1,5.5648839473724365
851,simln,52,1,5.8341240882873535
852,simln,53,1,5.7502453327178955
853,simln,54,1,5.803196668624878
854,simln,55,1,5.936427354812622
855,simln,56,-1,6.363556623458862
856,simln,57,1,6.464518070220947
857,simln,58,1,5.532634735107422
858,simln,59,-1,5.879440546035767
859,simln,60,1,5.839088201522827
860,simln,61,-1,5.934816598892212
861,simln,62,1,5.320246934890747
862,simln,63,1,5.288093566894531
863,simln,64,-1,6.000271797180176
864,simln,65,-1,5.709662914276123
865,simln,66,1,5.897107124328613
866,simln,67,-1,5.875709295272827
867,simln,68,1,6.236155271530151
868,simln,69,-1,6.286541223526001
869,simln,70,1,6.797442674636841
870,simln,71,1,5.681980609893799
871,simln,72,1,6.014609336853027
872,simln,73,1,5.556053400039673
873,simln,74,1,5.9258081912994385
874,simln,75,1,5.731878280639648
875,simln,76,1,5.533137559890747
876,simln,77,1,5.571253538131714
877,simln,78,1,5.713339567184448
878,simln,79,-1,5.4368603229522705
879,simln,80,1,5.285427808761597
880,simln,81,1,5.7369468212127686
881,simln,82,1,5.675140857696533
882,simln,83,1,5.567785024642944
883,simln,84,-1,5.977820873260498
884,simln,85,-1,6.16188383102417
885,simln,86,1,5.576721668243408
886,simln,87,1,5.581094741821289
887,simln,88,-1,5.785511016845703
888,simln,89,1,5.952487945556641
889,simln,90,-1,5.965460538864136
890,simln,91,1,6.1727142333984375
891,simln,92,1,5.850507020950317
892,simln,93,1,5.552749872207642
893,simln,94,1,5.916685342788696
894,simln,95,1,5.728343486785889
895,simln,96,1,5.415549278259277
896,simln,97,1,5.749939680099487
897,simln,98,1,5.601276397705078
898,simln,99,1,5.703687429428101
899,simln,100,1,6.447850704193115
900,tue,1,-1,5.2671918869018555
901,tue,2,-1,5.204537630081177
902,tue,3,-1,5.569021701812744
903,tue,4,-1,5.375330209732056
904,tue,5,-1,15.240033626556396
905,tue,6,-1,15.201578617095947
906,tue,7,-1,15.236346244812012
907,tue,8,-1,15.15356707572937
908,tue,9,1,15.187624216079712
909,tue,10,1,15.134706735610962
910,tue,11,1,15.207206010818481
911,tue,12,-1,19.870563983917236
912,tue,13,1,5.609009265899658
913,tue,14,1,6.074029207229614
914,tue,15,1,6.325814723968506
915,tue,16,1,5.533564805984497
916,tue,17,1,19.691755533218384
917,tue,18,-1,5.378453969955444
918,tue,19,1,5.590997219085693
919,tue,20,-1,5.62068772315979
920,tue,21,1,5.590468645095825
921,tue,22,-1,5.65404200553894
922,tue,23,-1,5.57701563835144
923,tue,24,-1,5.601100206375122
924,tue,25,1,6.276030778884888
925,tue,26,-1,5.4256792068481445
926,tue,27,1,5.906013250350952
927,tue,28,1,6.118911266326904
928,tue,29,1,5.637515544891357
929,tue,30,1,5.653939723968506
930,tue,31,-1,5.694499254226685
931,tue,32,-1,5.515016078948975
932,tue,33,1,5.626643896102905
933,tue,34,-1,5.854146957397461
934,tue,35,-1,5.928694009780884
935,tue,36,1,5.276223182678223
936,tue,37,1,5.781986951828003
937,tue,38,-1,5.760946989059448
938,tue,39,1,5.492266416549683
939,tue,40,1,5.895512342453003
940,tue,41,-1,5.8240203857421875
941,tue,42,-1,41.6418342590332
942,tue,43,-1,49.357205629348755
943,tue,44,-1,49.20413875579834
944,tue,45,1,49.303887605667114
945,tue,46,1,49.17165184020996
946,tue,48,-1,6.081289052963257
947,tue,49,-1,5.531111478805542
948,tue,50,-1,5.591181039810181
949,tue,51,-1,5.28325891494751
950,tue,56,-1,5.242039918899536
951,tue,57,1,6.030491352081299
952,tue,58,-1,5.865558624267578
953,tue,59,-1,5.640372037887573
954,tue,60,-1,5.83861517906189
955,tue,61,1,5.386245489120483
956,tue,62,1,5.377471685409546
957,tue,63,-1,6.5275795459747314
958,tue,64,1,5.800431728363037
959,tue,65,-1,6.252580642700195
960,tue,66,1,6.714581727981567
961,tue,67,1,6.311444520950317
962,tue,68,-1,5.316970109939575
963,tue,69,-1,91.77110171318054
964,tue,72,1,6.88828706741333
965,tue,73,-1,20.40653920173645
966,tue,74,-1,5.6531500816345215
967,tue,75,-1,5.312357425689697
968,tue,76,1,5.485148668289185
969,tue,77,1,38.18773412704468
970,tue,78,-1,5.634294509887695
971,tue,79,-1,6.006246566772461
972,tue,80,-1,5.757319450378418
973,tue,81,-1,5.3161821365356445
974,tue,82,-1,5.502873420715332
975,tue,83,1,5.386701583862305
976,tue,84,-1,10.21292781829834
977,tue,85,-1,5.746138095855713
978,tue,86,-1,5.929091691970825
979,tue,87,1,33.493457078933716
980,tue,88,1,5.616637945175171
981,tue,89,1,5.496266841888428
982,tue,90,1,5.288981914520264
983,tue,91,1,5.306875467300415
984,tue,92,-1,5.313563585281372
985,tue,93,1,5.650810956954956
986,tue,94,-1,43.69933724403381
987,tue,95,-1,43.95565485954285
988,tue,96,-1,43.868398666381836
989,tue,97,1,5.781718015670776
990,tue,98,1,5.513916015625
991,tue,99,-1,7.887446880340576
992,tue,100,-1,5.337626695632935
993,tue,101,-1,5.790607929229736
994,tue,102,-1,5.260395526885986
995,tue,103,-1,5.088992118835449
996,tue,104,-1,5.31276535987854
997,tue,106,1,5.1843578815460205
998,tue,108,-1,6.127552270889282
999,cha,1,-1,6.293238401412964
1000,cha,2,-1,6.367287874221802
1001,cha,3,-1,6.393316268920898
1002,cha,4,1,6.363428592681885
1003,cha,5,1,6.007296085357666
1004,cha,6,-1,6.427399396896362
1005,cha,7,1,6.31446385383606
1006,cha,8,1,6.613721132278442
1007,cha,9,-1,6.489750385284424
1008,cha,10,1,6.272586107254028
1009,cha,11,1,6.510540008544922
1010,cha,12,1,6.431203842163086
1011,cha,13,1,6.828204393386841
1012,cha,14,-1,6.679166793823242
1013,cha,15,1,6.340627193450928
1014,cha,16,1,6.063960313796997
1015,cha,17,1,6.258349657058716
1016,cha,18,1,6.219928503036499
1017,cha,19,-1,6.742394924163818
1018,cha,20,-1,6.600090742111206
1019,cha,21,1,6.281732082366943
1020,cha,22,1,6.312479257583618
1021,cha,23,1,6.980427980422974
1022,cha,24,1,6.635092735290527
1023,cha,25,1,6.591968536376953
1024,cha,26,-1,6.384179592132568
1025,cha,27,1,6.387177228927612
1026,cha,28,1,6.321004390716553
1027,cha,29,-1,6.488696575164795
1028,cha,30,1,6.691901445388794
1029,cha,31,-1,6.748821496963501
1030,cha,32,-1,6.8891355991363525
1031,cha,33,1,6.677478075027466
1032,cha,34,1,5.844254016876221
1033,cha,35,1,6.605754613876343
1034,cha,36,1,6.452597379684448
1035,cha,37,1,5.8434343338012695
1036,cha,38,1,6.781344413757324
1037,cha,39,1,6.328350067138672
1038,cha,40,1,6.745271444320679
1039,cha,41,-1,6.523951053619385
1040,cha,42,1,6.513234615325928
1041,cha,43,-1,6.420640230178833
1042,cha,44,1,6.312477111816406
1043,cha,45,1,6.3127923011779785
1044,cha,46,1,5.925755977630615
1045,cha,47,1,6.526726722717285
1046,cha,48,-1,6.502440929412842
1047,cha,49,1,6.7861363887786865
1048,cha,50,1,6.549372434616089
1049,cha,51,-1,6.407488107681274
1050,cha,52,-1,6.3704447746276855
1051,cha,53,1,6.657841920852661
1052,cha,54,-1,6.784340143203735
1053,cha,55,-1,6.679486989974976
1054,cha,56,1,6.517064809799194
1055,cha,57,1,6.232416152954102
1056,cha,58,-1,6.378747940063477
1057,cha,59,-1,6.702747106552124
1058,cha,60,1,6.609058618545532
1059,cha,61,-1,6.6764514446258545
1060,cha,62,1,6.6981260776519775
1061,cha,63,1,6.910687208175659
1062,cha,64,1,6.25010871887207
1063,cha,65,-1,6.223588466644287
1064,cha,66,1,6.620917081832886
1065,cha,67,1,6.438085317611694
1066,cha,68,-1,6.697489976882935
1067,cha,69,-1,6.252088308334351
1068,cha,70,1,6.34773063659668
1069,cha,71,-1,6.383264541625977
1070,cha,72,1,6.255726099014282
1071,cha,73,-1,6.481359243392944
1072,cha,74,1,6.421701908111572
1073,cha,75,-1,6.32195258140564
1074,cha,76,1,6.57679009437561
1075,cha,77,-1,6.11221170425415
1076,cha,78,-1,6.844605922698975
1077,cha,79,1,6.413167715072632
1078,cha,80,-1,6.407200813293457
1079,cha,81,1,6.3480384349823
1080,cha,82,-1,6.588985919952393
1081,cha,83,1,6.178805112838745
1082,cha,84,1,6.7958972454071045
1083,cha,85,1,6.732511758804321
1084,cha,86,1,6.691703796386719
1085,cha,87,1,6.175444602966309
1086,cha,88,-1,6.262758016586304
1087,cha,89,1,6.638757705688477
1088,cha,90,1,6.4522435665130615
1089,cha,91,-1,5.762896299362183
1090,cha,92,-1,6.847370147705078
1091,cha,93,1,6.800988674163818
1092,cha,94,-1,6.586604118347168
1093,cha,95,1,6.282134056091309
1094,cha,96,-1,6.5566489696502686
1095,cha,97,1,6.549961805343628
1096,cha,98,1,6.295359373092651
1097,cha,99,1,6.688955307006836
1098,cha,100,1,6.551926612854004
1099,cha,101,1,6.463929176330566
1100,cha,102,-1,6.366918563842773
1101,cha,103,-1,6.651796579360962
1102,cha,104,-1,6.7064971923828125
1103,cha,105,1,6.4279398918151855
1104,cha,106,1,7.034964084625244
1105,cha,107,1,6.803265810012817
1106,cha,108,1,6.449288845062256
1107,cha,109,-1,6.549391746520996
1108,cha,110,1,6.579209089279175
1109,cha,111,1,6.134864807128906
1110,cha,112,-1,6.4028215408325195
1111,cha,113,-1,7.29631495475769
1112,cha,114,1,6.956059455871582
1113,cha,115,1,6.711554050445557
1114,cha,116,-1,6.5674896240234375
1115,cha,117,1,6.2398200035095215
1116,cha,118,1,6.404131174087524
1117,cha,119,1,6.392622470855713
1118,cha,120,-1,6.003901958465576
1119,cha,121,1,6.587619781494141
1120,cha,122,1,6.064766883850098
1121,cha,123,1,6.72978949546814
1122,cha,124,1,6.5515148639678955
1123,cha,125,1,6.528323173522949
1124,cha,126,1,6.635083198547363
1125,cha,127,1,6.871413469314575
1126,cha,128,1,6.196969270706177
1127,cha,129,1,6.875353574752808
1128,cha,130,1,6.412003517150879
1129,cha,131,1,6.158051252365112
1130,cha,132,-1,6.733025312423706
1131,cha,133,1,7.059428930282593
1132,cha,134,1,6.4134087562561035
1133,cha,135,-1,6.300398111343384
1134,cha,136,1,6.504502296447754
1135,cha,137,-1,6.06588339805603
1136,cha,138,1,6.701968669891357
1137,cha,139,1,6.841501712799072
1138,cha,140,1,6.454741477966309
1139,cha,141,1,7.060187339782715
1140,cha,142,1,7.402060508728027
1141,cha,143,1,6.559790849685669
1142,cha,144,-1,6.720829248428345
1143,cha,145,1,6.377077102661133
1144,cha,146,-1,6.534466981887817
1145,cha,147,-1,6.792301893234253
1146,cha,148,-1,6.239685297012329
1147,cha,149,-1,6.672165870666504
1148,cha,150,-1,6.2216596603393555
1149,cha,151,-1,6.744447708129883
1150,cha,152,1,6.716553211212158
1151,cha,153,-1,6.159313440322876
1152,cha,154,1,6.34040093421936
1153,cha,155,-1,6.467970371246338
1154,cha,156,1,6.429980516433716
1155,cha,157,1,6.716335296630859
1156,cha,158,1,6.363931179046631
1157,cha,159,1,6.856871843338013
1158,cha,160,1,6.880581617355347
1159,cha,161,1,6.600343942642212
1160,cha,162,1,6.5726542472839355
1161,cha,163,1,6.383789777755737
1162,cha,164,1,6.3372039794921875
1163,cha,165,1,6.633889675140381
1164,cha,166,1,6.776028156280518
1165,cha,167,1,6.611464977264404
1166,cha,168,-1,6.210638046264648
1167,cha,169,1,6.728017091751099
1168,cha,170,-1,7.043879508972168
1169,cha,171,1,6.926045656204224
1170,cha,172,1,6.764096021652222
1171,cha,173,1,6.546890735626221
1172,cha,174,-1,6.676762342453003
1173,cha,175,-1,6.558287858963013
1174,cha,176,1,6.30767822265625
1175,cha,177,-1,6.820841312408447
1176,cha,178,1,6.945607423782349
1177,cha,179,1,6.972989797592163
1178,cha,180,1,6.81348991394043
1179,cha,181,-1,6.660883903503418
1180,cha,182,1,6.6404783725738525
1181,cha,183,1,6.813406467437744
1182,cha,184,1,6.666411876678467
1183,cha,185,1,6.775285005569458
1184,cha,186,1,6.74576997756958
1185,cha,187,1,6.460639715194702
1186,cha,188,-1,6.404448747634888
1187,cha,189,-1,6.773829460144043
1188,cha,190,1,6.536335706710815
1189,cha,191,1,6.900865077972412
1190,cha,192,1,6.6811912059783936
1191,cha,193,-1,6.57839035987854
1192,cha,194,1,6.310114860534668
1193,cha,195,1,6.76748251914978
1194,cha,196,1,6.568766355514526
1195,cha,197,-1,6.401594877243042
1196,cha,198,-1,6.1988396644592285
1197,cha,199,1,6.588861703872681
1198,cha,200,-1,6.343321800231934
1199,cha,201,1,6.301106691360474
1200,cha,202,1,6.29409646987915
1201,cha,203,1,6.587146759033203
1202,cha,204,-1,6.485815048217773
1203,cha,205,1,6.611311435699463
1204,cha,206,1,6.705143451690674
1205,cha,207,1,6.40279483795166
1206,cha,208,1,6.519200325012207
1207,cha,209,1,6.397138833999634
1208,cha,210,-1,6.114452362060547
1209,cha,211,1,6.438872575759888
1210,cha,212,1,6.162554979324341
1211,cha,213,-1,6.321609258651733
1212,cha,214,1,6.0320351123809814
1213,cha,215,1,6.594197750091553
1214,cha,216,-1,6.6047985553741455
1215,cha,217,1,7.060617685317993
1216,cha,218,1,6.486819267272949
1217,cha,219,-1,6.120121479034424
1218,cha,220,-1,6.644108295440674
1219,cha,221,1,6.403278589248657
1220,cha,222,1,6.477414131164551
1221,cha,223,1,6.834254741668701
1222,cha,224,1,6.730647087097168
1223,cha,225,-1,6.658230304718018
1224,cha,226,-1,6.322356700897217
1225,cha,227,1,6.2989349365234375
1226,cha,228,-1,6.434311151504517
1227,cha,229,-1,6.985612154006958
1228,cha,230,-1,6.2743213176727295
1229,cha,231,1,6.667192459106445
1230,cha,232,-1,7.039269208908081
1231,cha,233,1,6.669601202011108
1232,cha,234,1,6.47331690788269
1233,cha,235,-1,6.10746955871582
1234,cha,236,-1,6.239112377166748
1235,cha,237,1,6.636034965515137
1236,cha,238,-1,6.206658363342285
1237,cha,239,1,5.967654466629028
1238,cha,240,1,6.0535972118377686
1239,cha,241,1,6.100273847579956
1240,cha,242,1,6.31228232383728
1241,cha,243,1,6.341596364974976
1242,cha,244,-1,6.692461013793945
1243,cha,245,1,6.610308647155762
1244,cha,246,-1,6.552239894866943
1245,cha,247,1,6.778554439544678
1246,cha,248,-1,6.824774980545044
1247,cha,249,1,6.648422479629517
1248,cha,250,1,6.5083935260772705
1249,cha,251,1,6.60330605506897
1250,cha,252,1,6.7400734424591064
1251,cha,253,1,6.560281991958618
1252,cha,254,-1,7.275967836380005
1253,cha,255,1,6.773573160171509
1254,cha,256,1,6.448426246643066
1255,cha,257,-1,6.533506631851196
1256,cha,258,-1,6.456744432449341
1257,cha,259,1,6.549971103668213
1258,cha,260,1,6.517879247665405
1259,cha,261,-1,6.5861876010894775
1260,cha,262,1,6.670558929443359
1261,cha,263,-1,7.013504266738892
1262,cha,264,1,6.302979469299316
1263,cha,265,1,6.435457706451416
1264,cha,266,-1,7.251056909561157
1265,cha,267,-1,6.549685955047607
1266,cha,268,1,6.537052392959595
1267,cha,269,1,6.666222810745239
1268,cha,270,1,6.271157503128052
1269,cha,271,1,7.05609393119812
1270,cha,272,1,6.605203628540039
1271,cha,273,-1,6.595242738723755
1272,cha,274,1,6.535157918930054
1273,cha,275,1,6.88890528678894
1274,cha,276,1,6.298026084899902
1275,cha,277,1,6.331610918045044
1276,cha,278,-1,6.639868974685669
1277,cha,279,1,6.543704986572266
1278,cha,280,-1,6.4176344871521
1279,cha,281,1,6.534990310668945
1280,cha,282,1,6.147894382476807
1281,cha,283,1,6.2962257862091064
1282,cha,284,1,6.604112386703491
1283,cha,285,1,6.446261405944824
1284,cha,286,1,6.093548536300659
1285,cha,287,-1,7.009249925613403
1286,cha,288,1,6.551331996917725
1287,cha,289,1,6.1869590282440186
1288,cha,290,1,6.778719425201416
1289,cha,291,1,6.3964104652404785
1290,cha,292,1,6.277937650680542
1291,cha,293,-1,6.41011118888855
1292,cha,294,1,6.325424671173096
1293,cha,295,-1,6.834554195404053
1294,cha,296,-1,6.411630153656006
1295,cha,297,1,6.633976221084595
1296,cha,298,-1,6.484385967254639
1297,cha,299,1,6.509474277496338
1298,cha,300,1,6.382607936859131
1299,net,1,1,6.281684398651123
1300,net,2,-1,6.50791597366333
1301,net,3,-1,6.393788814544678
1302,net,4,-1,6.239706993103027
1303,net,5,-1,6.481077432632446
1304,net,6,1,6.9536967277526855
1305,net,7,1,6.729760646820068
1306,net,8,1,6.6776628494262695
1307,net,9,1,6.424286127090454
1308,net,10,1,6.7155373096466064
1309,net,11,-1,6.646785259246826
1310,net,12,-1,6.1244282722473145
1311,net,13,-1,6.621896028518677
1312,net,14,1,6.77355170249939
1313,net,15,1,6.6525139808654785
1314,net,16,-1,6.692591190338135
1315,net,17,-1,6.314631938934326
1316,net,18,-1,6.0851263999938965
1317,net,19,-1,6.86710786819458
1318,net,20,-1,6.61177134513855
1319,net,21,1,6.930815935134888
1320,net,22,-1,6.576916456222534
1321,net,23,-1,6.177025556564331
1322,net,24,1,6.428508758544922
1323,net,25,-1,6.791325807571411
1324,net,26,1,6.374367713928223
1325,net,27,1,6.083848237991333
1326,net,28,1,6.351246356964111
1327,net,29,-1,6.441040277481079
1328,net,30,1,6.9661078453063965
1329,net,31,-1,6.732024908065796
1330,net,32,1,6.86735463142395
1331,net,33,1,6.6730735301971436
1332,net,34,-1,6.64795708656311
1333,net,35,-1,6.882171392440796
1334,net,36,1,6.568999528884888
1335,net,37,1,6.539257287979126
1336,net,38,-1,6.249792098999023
1337,net,39,-1,6.3305559158325195
1338,net,40,1,6.735218286514282
1339,net,41,1,6.453007221221924
1340,net,42,-1,6.555599689483643
1341,net,43,1,6.683823585510254
1342,net,44,-1,7.054782152175903
1343,net,45,1,6.058579206466675
1344,net,46,-1,6.646911382675171
1345,net,47,-1,6.575998306274414
1346,net,48,1,7.081886529922485
1347,net,49,1,6.482251882553101
1348,net,50,-1,6.507528305053711
1349,net,51,-1,7.204272747039795
1350,net,52,1,6.4231486320495605
1351,net,53,-1,6.610734224319458
1352,net,54,1,6.661374568939209
1353,net,55,1,6.608145475387573
1354,net,56,-1,6.236485958099365
1355,net,57,1,6.320164918899536
1356,net,58,1,6.729119777679443
1357,net,59,-1,6.712235450744629
1358,net,60,-1,6.543978691101074
1359,net,61,1,6.5271875858306885
1360,net,62,1,6.359616994857788
1361,net,63,-1,6.308031320571899
1362,net,64,-1,6.4562318325042725
1363,net,65,1,6.235121488571167
1364,net,66,1,6.427316427230835
1365,net,67,-1,7.082905054092407
1366,net,68,1,6.865161657333374
1367,net,69,-1,6.67095160484314
1368,net,70,-1,6.327110290527344
1369,net,71,-1,6.4062418937683105
1370,net,72,-1,6.461423873901367
1371,net,73,-1,6.775541543960571
1372,net,74,1,6.6632981300354
1373,net,75,-1,6.655813455581665
1374,net,76,-1,6.752075672149658
1375,net,77,1,6.376736640930176
1376,net,78,1,6.51134467124939
1377,net,79,1,6.283289909362793
1378,net,80,-1,6.211719751358032
1379,net,81,1,6.331192255020142
1380,net,82,-1,6.64690637588501
1381,net,83,1,6.271944761276245
1382,net,84,1,6.495460748672485
1383,net,85,-1,6.31588077545166
1384,net,86,-1,6.513203382492065
1385,net,87,-1,6.353262662887573
1386,net,88,-1,6.5248777866363525
1387,net,89,-1,6.517155170440674
1388,net,90,1,6.925647735595703
1389,net,91,1,6.696213483810425
1390,net,92,1,6.609798431396484
1391,net,93,1,6.373605966567993
1392,net,94,-1,6.0554070472717285
1393,net,95,-1,6.3957390785217285
1394,net,96,1,6.30815052986145
1395,net,97,-1,6.54625940322876
1396,net,98,1,6.593275547027588
1397,net,99,-1,6.465950965881348
1398,net,100,-1,6.703417778015137
1399,net,101,-1,6.795374631881714
1400,net,102,1,6.826297283172607
1401,net,103,-1,6.349798202514648
1402,net,104,1,6.711595058441162
1403,net,105,-1,6.527973413467407
1404,net,106,1,6.248050212860107
1405,net,107,-1,6.6148529052734375
1406,net,108,-1,6.061206817626953
1407,net,109,-1,6.82944393157959
1408,net,110,-1,6.5687477588653564
1409,net,111,1,6.452794790267944
1410,net,112,-1,6.426509618759155
1411,net,113,-1,6.445453882217407
1412,net,114,-1,6.1714465618133545
1413,net,115,1,6.288474798202515
1414,net,116,1,6.164756774902344
1415,net,117,-1,6.31161093711853
1416,net,118,-1,6.133609056472778
1417,net,119,-1,6.524950265884399
1418,net,120,-1,6.1144678592681885
1419,net,121,1,6.343457937240601
1420,net,122,1,6.7696146965026855
1421,net,123,-1,6.760190963745117
1422,net,124,-1,6.7484450340271
1423,net,125,-1,6.658203125
1424,net,126,-1,6.824656009674072
1425,net,127,-1,6.503727436065674
1426,net,128,1,6.412014007568359
1427,net,129,1,6.89182186126709
1428,net,130,1,6.62733006477356
1429,net,131,1,6.300076246261597
1430,net,132,1,6.113481521606445
1431,net,133,1,6.4532787799835205
1432,net,134,-1,6.6882407665252686
1433,net,135,-1,6.333150863647461
1434,net,136,-1,6.609911203384399
1435,net,137,-1,6.428419589996338
1436,net,138,1,6.526689529418945
1437,net,139,-1,6.738537788391113
1438,net,140,1,6.855621337890625
1439,net,141,-1,6.3691465854644775
1440,net,142,1,6.598703622817993
1441,net,143,1,6.786172866821289
1442,net,144,-1,6.43090033531189
1443,net,145,-1,6.5066447257995605
1444,net,146,1,6.554603338241577
1445,net,147,-1,6.2960357666015625
1446,net,148,-1,6.43701171875
1447,net,149,-1,6.5349440574646
1448,net,150,-1,6.805858373641968
1449,net,151,-1,7.165486812591553
1450,net,152,1,6.855312347412109
1451,net,153,1,6.488050699234009
1452,net,154,-1,6.650253057479858
1453,net,155,-1,6.997356176376343
1454,net,156,-1,6.454418659210205
1455,net,157,-1,6.587451934814453
1456,net,158,1,6.486093997955322
1457,net,159,1,6.882139682769775
1458,net,160,1,6.07190203666687
1459,net,161,1,6.559619903564453
1460,net,162,1,6.637133359909058
1461,net,163,-1,6.50322699546814
1462,net,164,1,6.395777225494385
1463,net,165,-1,6.617335557937622
1464,net,166,-1,6.571937561035156
1465,net,167,1,6.611065864562988
1466,net,168,-1,6.875662565231323
1467,net,169,1,6.102769374847412
1468,net,170,1,6.632176637649536
1469,net,171,-1,6.40391206741333
1470,net,172,1,6.3742852210998535
1471,net,173,-1,6.5016796588897705
1472,net,174,-1,6.736619234085083
1473,net,175,-1,6.569575309753418
1474,net,176,-1,6.163471698760986
1475,net,177,-1,6.4936676025390625
1476,net,178,-1,7.04003381729126
1477,net,179,-1,6.397767066955566
1478,net,180,-1,7.055116415023804
1479,net,181,-1,6.647324800491333
1480,net,182,-1,6.5837883949279785
1481,net,183,1,6.457854986190796
1482,net,184,1,6.4882972240448
1483,net,185,1,6.848572015762329
1484,net,186,-1,6.509617567062378
1485,net,187,-1,6.454412221908569
1486,net,188,-1,6.6355297565460205
1487,net,189,-1,6.097789764404297
1488,net,190,-1,6.456409215927124
1489,net,191,-1,6.577312707901001
1490,net,192,1,6.676759719848633
1491,net,193,1,6.323585033416748
1492,net,194,-1,6.794908761978149
1493,net,195,-1,6.94080924987793
1494,net,196,-1,6.466802358627319
1495,net,197,1,6.369100093841553
1496,net,198,1,6.4691338539123535
1497,net,199,-1,6.266876935958862
1498,net,200,-1,6.401575326919556
1499,net,201,-1,6.4262542724609375
1500,net,202,1,6.55010199546814
1501,net,203,-1,6.534697771072388
1502,net,204,1,6.520030498504639
1503,net,205,-1,6.690949440002441
1504,net,206,-1,6.520859956741333
1505,net,207,-1,6.679874658584595
1506,net,208,1,6.639400482177734
1507,net,209,-1,6.760253667831421
1508,net,210,-1,6.13772177696228
1509,net,211,-1,6.548623085021973
1510,net,212,1,6.897863864898682
1511,net,213,-1,6.564922332763672
1512,net,214,1,6.466692686080933
1513,net,215,1,6.669326543807983
1514,net,216,-1,6.542983055114746
1515,net,217,-1,6.636524438858032
1516,net,218,-1,6.8400046825408936
1517,net,219,1,6.4008142948150635
1518,net,220,1,6.311521530151367
1519,net,221,-1,6.48705792427063
1520,net,222,-1,6.281991720199585
1521,net,223,-1,6.678683519363403
1522,net,224,1,6.187865257263184
1523,net,225,1,6.609238624572754
1524,net,226,1,6.10925817489624
1525,net,227,1,6.71072244644165
1526,net,228,-1,6.416689395904541
1527,net,229,-1,6.4524102210998535
1528,net,230,-1,6.303657293319702
1529,net,231,-1,6.499337196350098
1530,net,232,-1,6.865617990493774
1531,net,233,-1,6.468655586242676
1532,net,234,-1,6.524426221847534
1533,net,235,1,6.392602443695068
1534,net,236,1,6.350019931793213
1535,net,237,-1,6.579708576202393
1536,net,238,-1,6.307151794433594
1537,net,239,-1,6.627806663513184
1538,net,240,-1,6.662385702133179
1539,net,241,-1,6.436890602111816
1540,net,242,-1,6.697160243988037
1541,net,243,-1,6.158354759216309
1542,net,244,-1,6.468656301498413
1543,net,245,1,6.752985000610352
1544,net,246,1,6.660660028457642
1545,net,247,-1,6.264228343963623
1546,net,248,-1,6.582110166549683
1547,net,249,-1,6.677111387252808
1548,net,250,1,6.863506555557251
1549,net,251,-1,6.352650880813599
1550,net,252,-1,6.734839916229248
1551,net,253,-1,6.829802751541138
1552,net,254,-1,6.559358596801758
1553,net,255,-1,6.679434776306152
1554,net,256,-1,6.517686367034912
1555,net,257,-1,6.727845191955566
1556,net,258,-1,6.137284755706787
1557,net,259,-1,6.87404203414917
1558,net,260,1,6.228628873825073
1559,net,261,-1,6.737844467163086
1560,net,262,1,6.795575141906738
1561,net,263,-1,6.354990243911743
1562,net,264,1,6.37390661239624
1563,net,265,-1,6.387544393539429
1564,net,266,-1,6.830471038818359
1565,net,267,1,6.4564149379730225
1566,net,268,1,6.992320775985718
1567,net,269,1,6.519559621810913
1568,net,270,-1,6.339129447937012
1569,net,271,1,6.491954803466797
1570,net,272,1,6.115411996841431
1571,net,273,1,6.648036003112793
1572,net,274,1,6.2263853549957275
1573,net,275,1,6.644141674041748
1574,net,276,-1,6.619166374206543
1575,net,277,1,6.460857152938843
1576,net,278,1,6.688481569290161
1577,net,279,1,6.594365835189819
1578,net,280,-1,6.8178870677948
1579,net,281,-1,6.875378131866455
1580,net,282,-1,6.728899240493774
1581,net,283,1,6.863248825073242
1582,net,284,1,6.6005096435546875
1583,net,285,1,6.321570158004761
1584,net,286,-1,6.299965143203735
1585,net,287,-1,6.27657151222229
1586,net,288,-1,5.977203369140625
1587,net,289,-1,6.364107370376587
1588,net,290,1,6.2557995319366455
1589,net,291,1,6.597142934799194
1590,net,292,-1,6.441283702850342
1591,net,293,-1,6.746607303619385
1592,net,294,1,6.741743087768555
1593,net,295,-1,6.446470737457275
1594,net,296,1,7.0825035572052
1595,net,297,1,6.259355068206787
1596,net,298,-1,6.519599914550781
1597,net,299,1,6.07196307182312
1598,net,300,-1,6.1054205894470215
1599,multi,1,1,6.599372625350952
1600,multi,2,1,6.253753900527954
1601,multi,3,1,6.511240005493164
1602,multi,4,1,6.464692115783691
1603,multi,5,1,6.131486415863037
1604,multi,6,-1,7.003733158111572
1605,multi,7,1,6.13327431678772
1606,multi,8,1,6.180373191833496
1607,multi,9,1,6.388129234313965
1608,multi,10,1,6.30410623550415
1609,multi,11,1,6.686532497406006
1610,multi,12,1,6.609023809432983
1611,multi,13,1,6.639305830001831
1612,multi,14,1,6.4070703983306885
1613,multi,15,1,6.293172597885132
1614,multi,16,-1,6.306335687637329
1615,multi,17,-1,6.3940582275390625
1616,multi,18,1,6.258784532546997
1617,multi,19,1,6.403524398803711
1618,multi,20,1,6.651523113250732
1619,multi,21,-1,5.88718581199646
1620,multi,22,1,6.846490144729614
1621,multi,23,1,6.301599502563477
1622,multi,24,1,6.236133337020874
1623,multi,25,1,6.0886266231536865
1624,multi,26,1,6.090163707733154
1625,multi,27,-1,6.670146942138672
1626,multi,28,1,6.177607774734497
1627,multi,29,1,6.386048078536987
1628,multi,30,1,6.3596906661987305
1629,multi,31,-1,6.3326122760772705
1630,multi,32,1,6.481238126754761
1631,multi,33,1,6.87815523147583
1632,multi,34,-1,6.397142648696899
1633,multi,35,1,6.24391508102417
1634,multi,36,-1,5.814255237579346
1635,multi,37,1,6.366724491119385
1636,multi,38,1,6.447880029678345
1637,multi,39,1,6.446680784225464
1638,multi,40,-1,6.3646180629730225
1639,multi,41,-1,6.106188535690308
1640,multi,42,-1,6.324012279510498
1641,multi,43,1,6.270945072174072
1642,multi,44,1,6.7427356243133545
1643,multi,45,1,6.412879943847656
1644,multi,46,-1,6.5006797313690186
1645,multi,47,1,6.150017499923706
1646,multi,48,1,6.528072834014893
1647,multi,49,1,6.085001468658447
1648,multi,50,1,6.624318361282349
1649,multi,51,1,6.7552056312561035
1650,multi,52,-1,6.560284852981567
1651,multi,53,1,6.082638502120972
1652,multi,54,1,6.235219955444336
1653,multi,55,1,7.061069011688232
1654,multi,56,-1,6.281045913696289
1655,multi,57,-1,6.3581702709198
1656,multi,58,-1,6.185712099075317
1657,multi,59,1,6.153142213821411
1658,multi,60,1,6.114048480987549
1659,multi,61,1,6.217187404632568
1660,multi,62,1,6.15205979347229
1661,multi,63,1,6.669231414794922
1662,multi,64,1,6.167407989501953
1663,multi,65,1,6.775408029556274
1664,multi,66,1,6.335752725601196
1665,multi,67,1,6.35993504524231
1666,multi,68,1,6.890463829040527
1667,multi,69,-1,6.205770254135132
1668,multi,70,-1,6.38075852394104
1669,multi,71,-1,6.568644762039185
1670,multi,72,-1,6.716683387756348
1671,multi,73,1,6.721326112747192
1672,multi,74,1,6.7446067333221436
1673,multi,75,-1,6.407203435897827
1674,multi,76,1,6.44684624671936
1675,multi,77,1,6.137882471084595
1676,multi,78,1,6.017564535140991
1677,multi,79,-1,6.369996786117554
1678,multi,80,1,6.608140468597412
1679,multi,81,1,6.24517035484314
1680,multi,82,1,6.048057317733765
1681,multi,83,1,5.953516721725464
1682,multi,84,1,6.29396390914917
1683,multi,85,1,6.089836359024048
1684,multi,86,-1,6.403507232666016
1685,multi,87,1,6.523519515991211
1686,multi,88,1,6.1975178718566895
1687,multi,89,1,6.4845311641693115
1688,multi,90,1,6.487550973892212
1689,multi,91,-1,6.629556655883789
1690,multi,92,1,6.563576698303223
1691,multi,93,1,6.145535469055176
1692,multi,94,1,6.274256467819214
1693,multi,95,1,6.450912952423096
1694,multi,96,1,6.162455320358276
1695,multi,97,-1,6.417168378829956
1696,multi,98,1,6.678626298904419
1697,multi,99,1,6.053169250488281
1698,multi,100,1,6.376231670379639
1699,multi,101,-1,6.2906365394592285
1700,multi,102,1,6.010767459869385
1701,multi,103,-1,6.244901180267334
1702,multi,104,1,6.485678434371948
1703,multi,105,1,6.319904565811157
1704,multi,106,-1,6.187466621398926
1705,multi,107,1,6.464087724685669
1706,multi,108,1,6.184856414794922
1707,multi,109,1,5.975986957550049
1708,multi,110,1,6.047717332839966
1709,multi,111,-1,6.651364803314209
1710,multi,112,-1,7.399005889892578
1711,multi,113,-1,6.625238656997681
1712,multi,114,-1,6.442400932312012
1713,multi,115,1,6.525775194168091
1714,multi,116,1,6.751564264297485
1715,multi,117,1,6.344891309738159
1716,multi,118,1,6.147284746170044
1717,multi,119,1,6.288134574890137
1718,multi,120,1,6.465412855148315
1719,multi,121,-1,6.270824432373047
1720,multi,122,1,6.145240545272827
1721,multi,123,1,5.976410865783691
1722,multi,124,1,6.2196128368377686
1723,multi,125,-1,6.316746950149536
1724,multi,126,-1,6.615704774856567
1725,multi,127,-1,6.590505599975586
1726,multi,128,1,6.432360887527466
1727,multi,129,1,6.277177810668945
1728,multi,130,1,6.289871692657471
1729,multi,131,-1,6.642574071884155
1730,multi,132,1,6.469671010971069
1731,multi,133,1,6.251899242401123
1732,multi,134,1,6.460057735443115
1733,multi,135,1,6.5110087394714355
1734,multi,136,1,6.222566366195679
1735,multi,137,1,5.994517803192139
1736,multi,138,1,6.4551308155059814
1737,multi,139,-1,6.3692731857299805
1738,multi,140,1,6.825747489929199
1739,multi,141,-1,6.800520420074463
1740,multi,142,1,6.6572980880737305
1741,multi,143,1,6.715484142303467
1742,multi,144,-1,6.621762037277222
1743,multi,145,1,6.37482213973999
1744,multi,146,1,6.85588526725769
1745,multi,147,1,6.451009511947632
1746,multi,148,1,7.122636556625366
1747,multi,149,1,6.414831638336182
1748,multi,150,-1,6.201169013977051
1749,multi,151,-1,6.649839401245117
1750,multi,152,1,6.333251476287842
1751,multi,153,1,6.666038513183594
1752,multi,154,1,6.2258241176605225
1753,multi,155,1,6.254183292388916
1754,multi,156,1,6.327744245529175
1755,multi,157,1,6.228867292404175
1756,multi,158,-1,6.5145485401153564
1757,multi,159,1,6.588595151901245
1758,multi,160,-1,6.86225700378418
1759,multi,161,1,6.439115762710571
1760,multi,162,1,6.459258794784546
1761,multi,163,1,6.409898996353149
1762,multi,164,-1,6.4897706508636475
1763,multi,165,-1,6.246166706085205
1764,multi,166,1,6.989211797714233
1765,multi,167,1,6.615564823150635
1766,multi,168,1,6.060436725616455
1767,multi,169,1,6.293352842330933
1768,multi,170,1,6.497885465621948
1769,multi,171,-1,7.0614845752716064
1770,multi,172,1,6.7891504764556885
1771,multi,173,1,6.513698577880859
1772,multi,174,-1,6.358659029006958
1773,multi,175,1,6.330147981643677
1774,multi,176,1,6.787070035934448
1775,multi,177,1,6.553095817565918
1776,multi,178,1,6.19801139831543
1777,multi,179,1,6.486774921417236
1778,multi,180,1,6.486423969268799
1779,multi,181,1,6.393475532531738
1780,multi,182,1,6.240210056304932
1781,multi,183,1,6.321760654449463
1782,multi,184,-1,6.02020001411438
1783,multi,185,1,6.642590761184692
1784,multi,186,1,6.58334755897522
1785,multi,187,-1,7.477358341217041
1786,multi,188,1,6.376605987548828
1787,multi,189,1,6.436946630477905
1788,multi,190,1,6.211675405502319
1789,multi,191,1,6.421471834182739
1790,multi,192,1,6.631560802459717
1791,multi,193,1,6.366369724273682
1792,multi,194,-1,6.816865682601929
1793,multi,195,-1,6.88615083694458
1794,multi,196,1,6.461554527282715
1795,multi,197,1,6.547950029373169
1796,multi,198,1,6.4787983894348145
1797,multi,199,1,6.401268005371094
1798,multi,200,1,6.305830240249634
1799,multi,201,1,6.186929702758789
1800,multi,202,1,6.681644678115845
1801,multi,203,-1,6.160658836364746
1802,multi,204,1,6.356219530105591
1803,multi,205,-1,6.556454658508301
1804,multi,206,1,6.819279432296753
1805,multi,207,1,6.044639587402344
1806,multi,208,1,6.19863748550415
1807,multi,209,1,6.207561492919922
1808,multi,210,1,6.574414491653442
1809,multi,211,1,6.074484825134277
1810,multi,212,1,6.526698350906372
1811,multi,213,1,6.266008138656616
1812,multi,214,1,6.501144886016846
1813,multi,215,1,6.380556344985962
1814,multi,216,1,6.361591577529907
1815,multi,217,1,6.405339479446411
1816,multi,218,1,6.420752763748169
1817,multi,219,1,6.814976215362549
1818,multi,220,1,6.4405951499938965
1819,multi,221,1,6.9394145011901855
1820,multi,222,1,6.284612655639648
1821,multi,223,1,6.0968029499053955
1822,multi,224,1,6.269292593002319
1823,multi,225,1,6.355015993118286
1824,multi,226,1,6.506629943847656
1825,multi,227,1,6.397864103317261
1826,multi,228,1,6.34022331237793
1827,multi,229,1,6.41615104675293
1828,multi,230,1,6.786562919616699
1829,multi,231,1,6.449351787567139
1830,multi,232,1,6.369769096374512
1831,multi,233,1,6.508342504501343
1832,multi,234,1,6.842674493789673
1833,multi,235,1,6.472002267837524
1834,multi,236,1,6.466083765029907
1835,multi,237,1,6.870987415313721
1836,multi,238,1,6.419982671737671
1837,multi,239,1,6.428143501281738
1838,multi,240,1,6.436884164810181
1839,multi,241,-1,6.631382942199707
1840,multi,242,1,6.372725486755371
1841,multi,243,-1,6.549978494644165
1842,multi,244,1,6.5979859828948975
1843,multi,245,1,6.3781561851501465
1844,multi,246,1,6.695795774459839
1845,multi,247,-1,6.369338274002075
1846,multi,248,1,6.546098470687866
1847,multi,249,1,6.750812768936157
1848,multi,250,1,6.557024240493774
1849,multi,251,-1,6.153245449066162
1850,multi,252,1,6.481760025024414
1851,multi,253,1,6.216948747634888
1852,multi,254,1,6.899410963058472
1853,multi,255,1,6.5721824169158936
1854,multi,256,-1,6.171191215515137
1855,multi,257,1,6.646963119506836
1856,multi,258,1,6.569731950759888
1857,multi,259,1,7.019392251968384
1858,multi,260,1,6.929924249649048
1859,multi,261,1,6.534093856811523
1860,multi,262,1,6.89544677734375
1861,multi,263,1,6.341974258422852
1862,multi,264,1,6.645728349685669
1863,multi,265,-1,6.254478693008423
1864,multi,266,1,6.6674582958221436
1865,multi,267,1,6.285181045532227
1866,multi,268,1,6.715020418167114
1867,multi,269,-1,6.67668890953064
1868,multi,270,-1,6.230572462081909
1869,multi,271,1,6.499024391174316
1870,multi,272,-1,6.7260706424713135
1871,multi,273,1,6.398022890090942
1872,multi,274,1,6.5739054679870605
1873,multi,275,-1,6.5062644481658936
1874,multi,276,1,6.459934949874878
1875,multi,277,1,6.246776342391968
1876,multi,278,1,6.5629026889801025
1877,multi,279,1,6.30410361289978
1878,multi,280,1,6.398156642913818
1879,multi,281,-1,6.231604337692261
1880,multi,282,1,6.722484588623047
1881,multi,283,1,7.083634614944458
1882,multi,284,1,6.283914804458618
1883,multi,285,1,6.593932628631592
1884,multi,286,-1,6.330607891082764
1885,multi,287,1,6.556059122085571
1886,multi,288,1,6.2905433177948
1887,multi,289,1,6.540599346160889
1888,multi,290,1,6.737857818603516
1889,multi,291,1,6.604660511016846
1890,multi,292,1,6.3804309368133545
1891,multi,293,1,6.35610556602478
1892,multi,294,1,6.791285753250122
1893,multi,295,1,6.3655846118927
1894,multi,296,1,6.427048206329346
1895,multi,297,-1,6.717702865600586
1896,multi,298,1,6.476530075073242
1897,multi,299,1,6.415220022201538
1898,multi,300,1,6.106236696243286
1899,d4s1,1,-1,6.316250562667847
1900,d4s1,2,-1,5.481780290603638
1901,d4s1,3,1,5.249813556671143
1902,d4s1,4,-1,5.348450183868408
1903,d4s1,5,1,5.803518056869507
1904,d4s1,6,-1,5.252769947052002
1905,d4s1,7,-1,5.067474603652954
1906,d4s1,8,-1,5.2237231731414795
1907,d4s1,9,-1,5.2257304191589355
1908,d4s1,10,-1,5.804858207702637
1909,d4s1,11,-1,5.378427982330322
1910,d4s1,12,-1,6.350713014602661
1911,d4s1,13,1,5.4286277294158936
1912,d4s1,14,-1,5.410680055618286
1913,d4s1,15,1,6.348315477371216
1914,d4s1,16,1,5.479131460189819
1915,d4s1,17,-1,5.299043655395508
1916,d4s1,18,-1,5.634674549102783
1917,d4s1,19,1,5.252526521682739
1918,d4s1,20,-1,5.370249509811401
1919,d4s1,21,1,5.525928258895874
1920,d4s1,22,1,5.22666072845459
1921,d4s1,23,1,5.860126972198486
1922,d4s1,24,1,5.270479917526245
1923,d4s2a,1,-1,5.986908197402954
1924,d4s2a,2,-1,5.529402256011963
1925,d4s2a,3,-1,5.309211254119873
1926,d4s2a,4,-1,5.67207145690918
1927,d4s2a,5,1,5.755189657211304
1928,d4s2a,6,1,5.2486889362335205
1929,d4s2a,7,-1,5.7855823040008545
1930,d4s2a,8,-1,5.794613838195801
1931,d4s2a,9,1,5.238786935806274
1932,d4s2a,10,1,5.8611061573028564
1933,d4s2a,11,1,5.398236513137817
1934,d4s2a,12,1,5.47562050819397
1935,d4s2a,13,1,5.364375829696655
1936,d4s2a,14,1,5.228065252304077
1937,d4s2a,15,-1,5.360199928283691
1938,d4s2a,16,1,5.547117471694946
1939,d4s2a,17,1,5.567940950393677
1940,d4s2a,18,1,5.52630615234375
1941,d4s2a,19,1,5.796184778213501
1942,d4s2a,20,1,5.5194714069366455
1943,d4s2a,21,1,5.177295923233032
1944,d4s2a,22,1,5.973712205886841
1945,d4s2a,23,1,5.162580966949463
1946,d4s2a,24,1,5.515822887420654
1947,d4s2a,25,1,5.3980443477630615
1948,d4s2a,26,1,5.319835424423218
1949,d4s2a,27,1,5.731668710708618
1950,d4s2a,28,1,5.601462125778198
1951,d4s2a,29,1,5.735655784606934
1952,d4s2a,30,1,5.821100473403931
1953,d4s2a,31,1,5.753628253936768
1954,d4s2a,32,1,5.316292762756348
1955,d4s2a,33,1,6.341264724731445
1956,d4s2a,34,1,5.098132848739624
1957,d4s2a,35,-1,5.086046457290649
1958,d4s2a,36,1,5.460122585296631
1959,d4s2a,37,-1,6.4384095668792725
1960,d4s2a,38,1,5.438673257827759
1961,d4s2a,39,1,6.438486576080322
1962,d4s2a,40,1,5.403649806976318
1963,d4s2a,41,1,5.674489498138428
1964,d4s2a,42,1,5.3695080280303955
1965,d4s2a,43,1,5.524933815002441
1966,d4s2a,44,1,5.381100177764893
1967,d4s2a,45,1,5.522022008895874
1968,d4s2a,46,1,5.508516311645508
1969,d4s2a,47,-1,6.204911231994629
1970,d4s2a,48,-1,6.088948965072632
1971,d4s2a,49,-1,5.62762451171875
1972,d4s2a,50,-1,5.521355867385864
1973,d4s2a,51,1,5.544384717941284
1974,d4s2a,52,1,5.141388416290283
1975,d4s2a,53,1,6.276907205581665
1976,d4s2a,54,-1,5.462806940078735
1977,d4s2a,55,1,6.606978178024292
1978,d4s2a,56,1,5.562042713165283
1979,d4s2a,57,-1,5.277385711669922
1980,d4s2a,58,-1,5.341268301010132
1981,d4s2a,59,-1,5.2930214405059814
1982,d4s2a,60,1,5.282607316970825
1983,d4s2a,61,1,5.67366886138916
1984,d4s2a,62,1,5.472981929779053
1985,d4s2a,63,1,5.119369268417358
1986,d4s2a,64,1,5.979325532913208
1987,d4s2a,65,-1,5.114573240280151
1988,d4s2a,66,1,4.878603219985962
1989,d4s2a,67,1,5.809980630874634
1990,d4s2a,68,-1,5.335771799087524
1991,d4s2a,69,1,5.445873498916626
1992,d4s2a,70,1,5.85800576210022
1993,d4s2a,71,1,5.516303062438965
1994,d4s2a,72,-1,5.499877452850342
1995,d4s2a,73,-1,5.311979532241821
1996,d4s2a,74,1,5.359687805175781
1997,d4s2a,75,-1,5.5436859130859375
1998,d4s2a,76,-1,4.753179550170898
1999,d4s2a,77,1,5.795639753341675
2000,d4s2a,78,1,5.525298357009888
2001,d4s2a,79,1,5.264883518218994
2002,d4s2a,80,1,5.243771314620972
2003,d4s2a,81,-1,5.4153735637664795
2004,d4s2a,82,1,5.332622766494751
2005,d4s2a,83,1,5.302725076675415
2006,d4s2a,84,1,5.939059019088745
2007,d4s2a,85,-1,5.5635106563568115
2008,d4s2a,86,-1,5.439738750457764
2009,d4s2a,87,-1,5.8384318351745605
2010,d4s2a,88,-1,5.367366313934326
2011,d4s2a,89,-1,5.564276695251465
2012,d4s2a,90,-1,5.525535345077515
2013,d4s2a,91,-1,5.220194578170776
2014,d4s2a,92,-1,5.21088171005249
2015,d4s2a,93,1,5.569512844085693
2016,d4s2a,94,-1,5.897063493728638
2017,d4s2a,95,1,5.80959939956665
2018,d4s2a,96,-1,5.247234344482422
2019,d4s2a,97,-1,5.637193918228149
2020,d4s2a,98,1,6.5513975620269775
2021,d4s2a,99,-1,5.62615966796875
2022,d4s2a,100,1,5.589182138442993
2023,d4s2a,101,1,5.5318849086761475
2024,d4s2a,102,-1,5.397216081619263
2025,d4s2a,103,1,5.347536087036133
2026,d4s2a,104,1,5.89903998374939
2027,d4s2a,105,-1,5.453388214111328
2028,d4s2a,106,-1,5.50948691368103
2029,d4s2a,107,-1,5.904506683349609
2030,d4s2a,108,1,5.220956563949585
2031,d4s2a,109,-1,5.504453659057617
2032,d4s2a,110,-1,5.651070833206177
2033,d4s2a,111,-1,5.721843004226685
2034,d4s2a,112,-1,5.418399810791016
2035,d4s2a,113,-1,5.4391772747039795
2036,d4s2a,114,1,5.333716630935669
2037,d4s2a,115,1,5.58327841758728
2038,d4s2a,116,1,6.281713247299194
2039,d4s2a,117,1,5.193705797195435
2040,d4s2a,118,1,5.392799139022827
2041,d4s2a,119,1,5.511229753494263
2042,d4s2a,120,1,6.117932558059692
2043,d4s2a,121,-1,5.1335060596466064
2044,d4s2a,122,-1,5.4277565479278564
2045,d4s2a,123,-1,5.375198602676392
2046,d4s2a,124,-1,5.366107225418091
2047,d4s2a,125,1,5.309095144271851
2048,d4s2a,126,1,5.756040573120117
2049,d4s2a,127,1,5.539198160171509
2050,d4s2a,128,-1,5.171309232711792
2051,d4s2a,129,1,5.941053867340088
2052,d4s2a,130,-1,6.323862314224243
2053,d4s2a,131,1,5.497912168502808
2054,d4s2a,132,1,5.597445249557495
2055,d4s2a,133,1,5.391222715377808
2056,d4s2a,134,1,5.751341342926025
2057,d4s2a,135,-1,5.594408273696899
2058,d4s2a,136,1,5.363525152206421
2059,d4s2a,137,1,5.875795364379883
2060,d4s2a,138,-1,5.992503643035889
2061,d4s2a,139,1,5.37818455696106
2062,d4s2a,140,1,5.546237230300903
2063,d4s2a,141,1,5.574699401855469
2064,d4s2a,142,1,5.246704578399658
2065,d4s2a,143,1,5.697967290878296
2066,d4s2a,144,1,5.502747058868408
2067,d4s2a,145,-1,5.460198879241943
2068,d4s2a,146,-1,5.988038539886475
2069,d4s2a,147,-1,5.908245325088501
2070,d4s2a,148,-1,5.260358572006226
2071,d4s2a,149,1,5.477640151977539
2072,d4s2a,150,1,6.103978872299194
2073,d4s2a,151,1,5.935467720031738
2074,d4s2a,152,1,5.705435276031494
2075,d4s2a,153,-1,5.391388416290283
2076,d4s2a,154,-1,5.201555252075195
2077,d4s2a,155,1,5.233129978179932
2078,d4s2a,156,1,5.625380754470825
2079,d4s2a,157,1,5.666049003601074
2080,d4s2a,158,1,5.4822776317596436
2081,d4s2a,159,1,5.767858266830444
2082,d4s2a,160,1,5.350478887557983
2083,d4s2a,161,-1,5.607464551925659
2084,d4s2a,162,-1,5.728950500488281
2085,d4s2a,163,-1,5.682506561279297
2086,d4s2a,164,1,5.581944227218628
2087,d4s2a,165,-1,5.721250772476196
2088,d4s2a,166,-1,5.726500034332275
2089,d4s2a,167,-1,5.528801441192627
2090,d4s2a,168,-1,6.058735370635986
2091,d4s2a,169,-1,6.308582305908203
2092,d4s2a,170,-1,5.897996664047241
2093,d4s2a,171,-1,5.813338994979858
2094,d4s2a,172,-1,5.529924631118774
2095,d4s2a,173,-1,5.354658603668213
2096,d4s2a,174,-1,5.532756805419922
2097,d4s2a,175,-1,5.359158992767334
2098,d4s2a,176,-1,5.322559595108032
2099,d4s2a,177,-1,6.5822343826293945
2100,d4s2a,178,-1,5.225171327590942
2101,d4s2a,179,-1,5.620692491531372
2102,d4s2a,180,1,6.297076225280762
2103,d4s2a,181,-1,5.9626240730285645
2104,d4s2a,182,-1,6.060238361358643
2105,d4s2a,183,-1,5.664680004119873
2106,d4s2a,184,-1,5.218587398529053
2107,d4s2a,185,1,5.664436101913452
2108,d4s2a,186,1,5.707371950149536
2109,d4s2a,187,-1,5.398407459259033
2110,d4s2a,188,-1,5.3043084144592285
2111,d4s2a,189,-1,5.497413635253906
2112,d4s2a,190,-1,5.522258758544922
2113,d4s2a,191,-1,5.8966569900512695
2114,d4s2a,192,-1,5.6718316078186035
2115,d4s2a,193,-1,5.697019338607788
2116,d4s2a,194,-1,5.191844463348389
2117,d4s2a,195,1,5.4221014976501465
2118,d4s2a,196,1,5.96144700050354
2119,d4s2a,197,1,6.38618278503418
2120,d4s2a,198,1,5.678144931793213
2121,d4s2a,199,1,5.6180219650268555
2122,d4s2a,200,1,6.331047296524048
2123,d4s2a,201,-1,5.715185642242432
2124,d4s2a,202,-1,5.579479694366455
2125,d4s2a,203,-1,5.6009392738342285
2126,d4s2a,204,-1,5.676815748214722
2127,d4s2a,205,-1,5.895572900772095
2128,d4s2a,206,-1,5.666986703872681
2129,d4s2a,207,1,5.16649055480957
2130,d4s2a,208,-1,5.815889596939087
2131,d4s2a,209,1,5.570192098617554
2132,d4s2a,210,1,5.557669639587402
2133,d4s2a,211,-1,5.794245481491089
2134,d4s2a,212,-1,5.156408786773682
2135,d4s2a,213,1,5.2688281536102295
2136,d4s2a,214,1,5.313705682754517
2137,d4s2a,215,1,5.502992391586304
2138,d4s2a,216,1,5.765791893005371
2139,d4s2a,217,-1,5.363945722579956
2140,d4s2a,218,-1,5.437147378921509
2141,d4s2a,219,1,5.579952955245972
2142,d4s2a,220,1,5.0388524532318115
2143,d4s2a,221,1,5.863169193267822
2144,d4s2a,222,1,5.4168524742126465
2145,d4s2a,223,-1,5.703830242156982
2146,d4s2a,224,1,5.804527997970581
2147,d4s2a,225,1,5.508987903594971
2148,d4s2a,226,-1,5.709688663482666
2149,d4s2a,227,-1,5.839169025421143
2150,d4s2a,228,1,5.542326211929321
2151,d4s2a,229,1,5.466132879257202
2152,d4s2a,230,1,5.58125638961792
2153,d4s2a,231,1,5.560795545578003
2154,d4s2a,232,1,5.333549737930298
2155,d4s2a,233,1,5.303551197052002
2156,d4s2a,234,1,6.275277137756348
2157,d4s2a,235,-1,5.264099359512329
2158,d4s2a,236,-1,5.885621070861816
2159,d4s2a,237,1,6.068140029907227
2160,d4s2a,238,1,5.573864459991455
2161,d4s2a,239,-1,6.073174476623535
2162,d4s2a,240,-1,5.765709400177002
2163,d4s2a,241,-1,5.442626237869263
2164,d4s2a,242,1,5.867813587188721
2165,d4s2a,243,-1,5.760335445404053
2166,d4s2a,244,-1,5.4197211265563965
2167,d4s2a,245,1,5.4008705615997314
2168,d4s2a,246,1,5.509523868560791
2169,d4s2a,247,-1,5.417712450027466
2170,d4s2a,248,-1,5.621251821517944
2171,d4s2a,249,-1,5.593907356262207
2172,d4s2a,250,-1,5.902336359024048
2173,d4s2a,251,1,6.019866704940796
2174,d4s2a,252,1,5.5002007484436035
2175,d4s2a,253,-1,5.162139654159546
2176,d4s2a,254,-1,5.426425457000732
2177,d4s2a,255,-1,5.46288537979126
2178,d4s2a,256,1,5.453230381011963
2179,d4s2a,257,-1,6.079807281494141
2180,d4s2a,258,-1,5.366030216217041
2181,d4s2a,259,-1,5.228332757949829
2182,d4s2a,260,-1,5.448567628860474
2183,d4s2a,261,1,5.295071840286255
2184,d4s2a,262,1,5.560535430908203
2185,d4s2a,263,-1,5.344327449798584
2186,d4s2a,264,-1,5.499061346054077
2187,d4s2a,265,1,5.331307888031006
2188,d4s2a,266,1,5.609835386276245
2189,d4s2a,267,1,5.167666673660278
2190,d4s2a,268,1,5.253906965255737
2191,d4s2a,269,1,5.4481823444366455
2192,d4s2a,270,1,5.694420099258423
2193,d4s2a,271,1,6.102126121520996
2194,d4s2a,272,-1,5.692101716995239
2195,d4s2a,273,-1,5.472513675689697
2196,d4s2a,274,-1,5.98016095161438
2197,d4s2a,275,-1,5.272146224975586
2198,d4s2a,276,-1,5.369420289993286
2199,d4s2a,277,1,5.905477046966553
2200,d4s2a,278,1,5.700375556945801
2201,d4s2a,279,1,5.503584384918213
2202,d4s2a,280,-1,5.61922550201416
2203,d4s2a,281,-1,5.540588140487671
2204,d4s2a,282,-1,5.381854057312012
2205,d4s2a,283,-1,5.575692892074585
2206,d4s2a,284,-1,5.523176431655884
2207,d4s2a,285,1,5.164296865463257
2208,d4s2a,286,1,5.240758895874023
2209,d4s2a,287,1,5.714200019836426
2210,d4s2a,288,1,5.539417743682861
2211,d4s2a,289,-1,5.435049057006836
2212,d4s2a,290,1,5.553369045257568
2213,d4s2a,291,1,5.375286817550659
2214,d4s2a,292,-1,5.538245916366577
2215,d4s2a,293,-1,5.271910905838013
2216,d4s2a,294,1,6.2624671459198
2217,d4s2a,295,1,5.584046363830566
2218,d4s2a,296,1,5.91141939163208
2219,d4s2a,297,1,5.898001432418823
2220,d4s2a,298,-1,5.458004713058472
2221,d4s2a,299,1,5.752086877822876
2222,d4s2a,300,1,5.367899179458618
2223,d4s2a,301,-1,5.208926200866699
2224,d4s2a,302,-1,5.3225812911987305
2225,d4s2a,303,1,6.281509876251221
2226,d4s2a,304,1,5.6107800006866455
2227,d4s2a,305,-1,5.676724672317505
2228,d4s2a,306,-1,5.369735240936279
2229,d4s2a,307,-1,5.864054441452026
2230,d4s2a,308,-1,5.480559825897217
2231,d4s2a,309,1,6.3332555294036865
2232,d4s2a,310,-1,5.830348491668701
2233,d4s2a,311,1,5.3561692237854
2234,d4s2a,312,-1,5.719202041625977
2235,d4s2a,313,-1,5.169043064117432
2236,d4s2a,314,-1,5.361620664596558
2237,d4s2a,315,-1,5.58566951751709
2238,d4s2a,316,-1,6.4057276248931885
2239,d4s2a,317,-1,5.347093820571899
2240,d4s2a,318,1,5.652538537979126
2241,d4s2a,319,-1,5.479315996170044
2242,d4s2a,320,-1,5.025909900665283
2243,d4s2a,321,1,6.565654277801514
2244,d4s2a,322,1,5.966409206390381
2245,d4s2a,323,1,5.356047868728638
2246,d4s2a,324,1,6.469787359237671
2247,d4s2a,325,1,5.451801538467407
2248,d4s2a,326,1,5.6146767139434814
2249,d4s2a,327,-1,5.399653434753418
2250,d4s2a,328,1,5.297700643539429
2251,d4s2a,329,1,5.4436235427856445
2252,d4s2a,330,1,5.545948505401611
2253,d4s2a,331,-1,5.130046129226685
2254,d4s2a,332,-1,5.406160831451416
2255,d4s2a,333,1,5.433993577957153
2256,d4s2a,334,1,5.564174175262451
2257,d4s2a,335,-1,5.422358751296997
2258,d4s2a,336,1,6.007896661758423
2259,d4s2a,337,1,5.25537896156311
2260,d4s2a,338,1,5.539654493331909
2261,d4s2a,339,-1,5.470682144165039
2262,d4s2a,340,-1,5.231271743774414
2263,d4s2a,341,-1,5.438394546508789
2264,d4s2a,342,1,5.630862474441528
2265,d4s2a,343,1,5.925044059753418
2266,d4s2a,344,1,5.74090313911438
2267,d4s2a,345,1,5.9004693031311035
2268,d4s2a,346,1,5.381246089935303
2269,d4s2a,347,-1,5.4524924755096436
2270,d4s2a,348,1,5.559574127197266
2271,d4s2a,349,1,5.51081657409668
2272,d4s2a,350,1,6.168422698974609
2273,d4s2a,351,1,5.8509814739227295
2274,d4s2a,352,1,5.7715370655059814
2275,d4s2b,1,-1,5.5692784786224365
2276,d4s2b,2,1,5.91420841217041
2277,d4s2b,3,1,5.5665388107299805
2278,d4s2b,4,-1,5.991168260574341
2279,d4s2b,5,1,6.434934616088867
2280,d4s2b,6,1,5.903368711471558
2281,d4s2b,7,1,6.099651336669922
2282,d4s2b,8,1,6.0405988693237305
2283,d4s2b,9,1,5.754905462265015
2284,d4s2b,10,-1,5.548706293106079
2285,d4s2b,11,-1,5.539653062820435
2286,d4s2b,12,-1,5.558841705322266
2287,d4s2b,13,1,5.448059558868408
2288,d4s2b,14,1,5.41398549079895
2289,d4s2b,15,-1,5.307825088500977
2290,d4s2b,16,1,6.036011695861816
2291,d4s2b,17,-1,6.0303778648376465
2292,d4s2b,18,-1,5.119375944137573
2293,d4s2b,19,-1,6.397619962692261
2294,d4s2b,20,1,6.285062551498413
2295,d4s2b,21,1,5.34455943107605
2296,d4s2b,22,1,6.356178522109985
2297,d4s2b,23,1,5.262193918228149
2298,d4s2b,24,1,5.1408445835113525
2299,d4s2b,25,1,5.540764570236206
2300,d4s2b,26,1,5.242932081222534
2301,d4s2b,27,-1,5.372087478637695
2302,d4s2b,28,-1,5.2475807666778564
2303,d4s2b,29,1,5.356639385223389
2304,d4s2b,30,-1,5.311433792114258
2305,d4s2b,31,-1,5.453488826751709
2306,d4s2b,32,-1,5.713253736495972
2307,d4s2b,33,-1,5.283318519592285
2308,d4s2b,34,-1,5.426822185516357
2309,d4s2b,35,-1,5.7082860469818115
2310,d4s2b,36,1,5.191763877868652
2311,d4s2b,37,-1,5.6032068729400635
2312,d4s2b,38,-1,5.51849889755249
2313,d4s2b,39,-1,5.7603700160980225
2314,d4s2b,40,-1,6.262166500091553
2315,d4s2b,41,-1,5.397307634353638
2316,d4s2b,42,-1,6.036625623703003
2317,d4s2b,43,-1,6.382774114608765
2318,d4s2b,44,-1,5.634590148925781
2319,d4s2b,45,1,5.684053897857666
2320,d4s2b,46,1,5.63846230506897
2321,d4s2b,47,-1,5.4402971267700195
2322,d4s2b,48,-1,5.397606372833252
2323,d4s2b,49,-1,5.261595964431763
2324,d4s2b,50,-1,6.143147230148315
2325,d4s2b,51,-1,5.437760591506958
2326,d4s2b,52,-1,5.348564147949219
2327,d4s2b,53,-1,5.954192399978638
2328,d4s2b,54,-1,5.413015842437744
2329,d4s2b,55,-1,6.009649276733398
2330,d4s2b,56,-1,5.327960252761841
2331,d4s2b,57,-1,5.506502866744995
2332,d4s2b,58,-1,6.2615180015563965
2333,d4s2b,59,1,6.054135084152222
2334,d4s2b,60,1,5.671705961227417
2335,d4s2b,61,-1,5.224302530288696
2336,d4s2b,62,-1,5.5628345012664795
2337,d4s2b,63,-1,5.907352924346924
2338,d4s2b,64,-1,5.437345743179321
2339,d4s2b,65,1,5.605289459228516
2340,d4s2b,66,1,5.994361639022827
2341,d4s2b,67,-1,5.284245491027832
2342,d4s2b,68,-1,5.5582170486450195
2343,d4s2b,69,-1,5.682839393615723
2344,d4s2b,70,-1,5.522615432739258
2345,d4s2b,71,-1,5.680522203445435
2346,d4s2b,72,-1,5.331213712692261
2347,d4s2b,73,1,5.440759897232056
2348,d4s2b,74,1,5.319527626037598
2349,d4s2b,75,-1,5.226536989212036
2350,d4s2b,76,-1,5.469177484512329
2351,d4s2b,77,-1,5.260443925857544
2352,d4s2b,78,-1,6.387409687042236
2353,d4s2b,79,-1,5.576981067657471
2354,d4s2b,80,-1,5.870445489883423
2355,d4s2b,81,-1,5.797053575515747
2356,d4s2b,82,-1,5.712260723114014
2357,d4s2b,83,-1,5.51879096031189
2358,d4s2b,84,-1,5.731517314910889
2359,d4s2b,85,-1,5.365721225738525
2360,d4s2b,86,-1,5.433915138244629
2361,d4s2b,87,-1,5.731033086776733
2362,d4s2b,88,-1,5.155586004257202
2363,d4s2b,89,1,6.209043741226196
2364,d4s2b,90,-1,5.199270248413086
2365,d4s2b,91,1,5.883302450180054
2366,d4s2b,92,-1,5.506816864013672
2367,d4s2b,93,-1,5.783534288406372
2368,d4s2b,94,-1,5.463446855545044
2369,d4s2b,95,-1,5.4433746337890625
2370,d4s2b,96,-1,5.781805038452148
2371,d4s2b,97,-1,5.561559677124023
2372,d4s2b,98,1,5.689424991607666
2373,d4s2b,99,-1,5.468908786773682
2374,d4s2b,100,-1,5.735400915145874
2375,d4s2b,101,-1,5.545773267745972
2376,d4s2b,102,-1,5.396934270858765
2377,d4s2b,103,-1,5.6796815395355225
2378,d4s2b,104,-1,5.6191725730896
2379,d4s2b,105,-1,5.83819580078125
2380,d4s2b,106,-1,5.724284410476685
2381,d4s2b,107,1,5.51230001449585
2382,d4s2b,108,1,5.747650384902954
2383,d4s2b,109,-1,5.6525187492370605
2384,d4s2b,110,-1,6.317173004150391
2385,d4s2b,111,-1,5.433584451675415
2386,d4s2b,112,-1,5.551709890365601
2387,d4s2b,113,-1,5.71677303314209
2388,d4s2b,114,-1,6.406214475631714
2389,d4s2b,115,1,5.562946796417236
2390,d4s2b,116,-1,5.855084419250488
2391,d4s2b,117,1,5.518261432647705
2392,d4s2b,118,1,5.479346990585327
2393,d4s2b,119,1,5.4114179611206055
2394,d4s2b,120,1,5.618913173675537
2395,d4s2b,121,1,6.587804555892944
2396,d4s2b,122,1,5.3982834815979
2397,d4s2b,123,1,5.328488111495972
2398,d4s2b,124,1,5.379613637924194
2399,d4s2b,125,-1,5.269411563873291
2400,d4s2b,126,-1,5.642188787460327
2401,d4s2b,127,1,5.592231035232544
2402,d4s2b,128,1,5.3355536460876465
2403,d4s2b,129,-1,5.552190542221069
2404,d4s2b,130,1,6.100226640701294
2405,d4s2b,131,1,5.318132400512695
2406,d4s2b,132,1,5.374756336212158
2407,d4s2b,133,1,5.66543436050415
2408,d4s2b,134,1,5.736223220825195
2409,d4s2b,135,-1,5.533945798873901
2410,d4s2b,136,-1,5.540052890777588
2411,d4s2b,137,1,5.411482572555542
2412,d4s2b,138,-1,5.86344051361084
2413,d4s2b,139,-1,5.958290338516235
2414,d4s2b,140,1,5.341100692749023
2415,d4s2b,141,1,4.93789529800415
2416,d4s2b,142,1,5.415666341781616
2417,d4s2b,143,1,5.3563392162323
2418,d4s2b,144,1,5.239399194717407
2419,d4s2b,145,1,5.378823757171631
2420,d4s2b,146,1,5.191634178161621
2421,d4s2b,147,1,5.473682641983032
2422,d4s2b,148,1,6.0877299308776855
2423,d4s2b,149,1,5.516675233840942
2424,d4s2b,150,1,5.2891411781311035
2425,d4s2b,151,1,5.545459508895874
2426,d4s2b,152,1,5.2235026359558105
2427,d4s2b,153,-1,5.200026988983154
2428,d4s2b,154,-1,5.591819763183594
2429,d4s2b,155,1,5.543041467666626
2430,d4s2b,156,1,5.253687620162964
2431,d4s2b,157,-1,5.454934358596802
2432,d4s2b,158,-1,5.488525867462158
2433,d4s2b,159,1,5.740255832672119
2434,d4s2b,160,1,5.517492055892944
2435,d4s2b,161,-1,5.355852365493774
2436,d4s2b,162,-1,5.112118482589722
2437,d4s2b,163,1,5.1740171909332275
2438,d4s2b,164,1,5.0485875606536865
2439,d4s2b,165,1,5.437102794647217
2440,d4s2b,166,1,6.133241891860962
2441,d4s2b,167,-1,5.490806818008423
2442,d4s2b,168,-1,5.5435404777526855
2443,d4s2b,169,1,6.235556125640869
2444,d4s2b,170,1,5.8282036781311035
2445,d4s2b,171,1,5.810455322265625
2446,d4s2b,172,1,5.412205696105957
2447,d4s2b,173,1,5.444951295852661
2448,d4s2b,174,1,5.344740629196167
2449,d4s2b,175,1,5.722928285598755
2450,d4s2b,176,-1,5.538378000259399
2451,d4s2b,177,-1,5.613220691680908
2452,d4s2b,178,1,5.9414284229278564
2453,d4s2b,179,-1,5.2465057373046875
2454,d4s2b,180,1,5.663202285766602
2455,d4s2b,181,1,5.996677398681641
2456,d4s2b,182,1,5.660716533660889
2457,d4s2b,183,1,5.443100929260254
2458,d4s2b,184,1,5.803654909133911
2459,d4s2b,185,1,5.803753852844238
2460,d4s2b,186,1,5.635842561721802
2461,d4s2b,187,1,5.357959032058716
2462,d4s2b,188,1,5.413333892822266
2463,d4s2b,189,1,5.5275983810424805
2464,d4s2b,190,1,5.622807025909424
2465,d4s2b,191,1,5.955800533294678
2466,d4s2b,192,1,5.3675148487091064
2467,d4s2b,193,1,5.3416125774383545
2468,d4s2b,194,-1,5.61137318611145
2469,d4s2b,195,1,5.603139162063599
2470,d4s2b,196,1,5.480133533477783
2471,d4s2b,197,-1,5.335312604904175
2472,d4s2b,198,1,5.8689680099487305
2473,d4s2b,199,-1,5.758777379989624
2474,d4s2b,200,-1,6.836873292922974
2475,d4s2b,201,1,5.400735139846802
2476,d4s2b,202,1,5.6877171993255615
2477,d4s2b,203,-1,5.7983620166778564
2478,d4s2b,204,-1,5.727922677993774
2479,d4s2b,205,1,5.549897909164429
2480,d4s2b,206,-1,5.274872303009033
2481,d4s2b,207,-1,5.750828504562378
2482,d4s2b,208,-1,5.25789213180542
2483,d4s2b,209,-1,6.4995949268341064
2484,d4s2b,210,1,5.338205575942993
2485,d4s2b,211,1,5.527769088745117
2486,d4s2b,212,1,5.590510606765747
2487,d4s2b,213,1,5.226095199584961
2488,d4s2b,214,1,5.300884962081909
2489,d4s2b,215,-1,5.502338171005249
2490,d4s2b,216,-1,5.403548002243042
2491,d4s2b,217,-1,6.176238059997559
2492,d4s2b,218,-1,5.643294811248779
2493,d4s2b,219,-1,5.104565382003784
2494,d4s2b,220,-1,5.422958135604858
2495,d4s2b,221,-1,5.1636316776275635
2496,d4s2b,222,-1,5.6132612228393555
2497,d4s2b,223,1,5.836719989776611
2498,d4s2b,224,-1,5.71857213973999
2499,d4s2b,225,-1,5.225339412689209
2500,d4s2b,226,-1,5.635224342346191
2501,d4s2b,227,-1,5.801568031311035
2502,d4s2b,228,-1,5.9514710903167725
2503,d4s2b,229,1,5.034374713897705
2504,d4s2b,230,1,5.36299204826355
2505,d4s2b,231,-1,5.206505537033081
2506,d4s2b,232,1,5.037135601043701
2507,d4s2b,233,-1,5.909721851348877
2508,d4s2b,234,-1,5.655320167541504
2509,d4s2b,235,1,5.414489984512329
2510,d4s2b,236,1,5.282387971878052
2511,d4s2b,237,-1,5.386558771133423
2512,d4s2b,238,-1,5.265125274658203
2513,d4s2b,239,-1,6.705703020095825
2514,d4s2b,240,-1,5.6518590450286865
2515,d4s2b,241,1,5.532273530960083
2516,d4s2b,242,1,5.3708436489105225
2517,d4s2b,243,1,5.451186180114746
2518,d4s2b,244,1,5.878547191619873
2519,d4s2b,245,-1,5.51806902885437
2520,d4s2b,246,-1,6.018589019775391
2521,d4s2b,247,-1,5.374720573425293
2522,d4s2b,248,-1,5.114293575286865
2523,d4s2b,249,1,5.212400436401367
2524,d4s2b,250,1,5.391631126403809
2525,d4s2b,251,-1,5.826857328414917
2526,d4s2b,252,-1,5.545473575592041
2527,d4s2b,253,-1,5.390850067138672
2528,d4s2b,254,-1,5.641876697540283
2529,d4s2b,255,-1,5.251787424087524
2530,d4s2b,256,-1,5.49247145652771
2531,d4s2b,257,1,5.669053316116333
2532,d4s2b,258,1,5.59160304069519
2533,d4s2b,259,1,5.656086444854736
2534,d4s2b,260,1,6.630816459655762
2535,d4s2b,261,1,5.61941933631897
2536,d4s2b,262,1,6.638995409011841
2537,d4s2b,263,-1,5.755312204360962
2538,d4s2b,264,1,6.038131952285767
2539,d4s2b,265,1,5.668945074081421
2540,d4s2b,266,1,6.013309717178345
2541,d4s2b,267,1,5.339932918548584
2542,d4s2b,268,1,5.353050708770752
2543,d4s2b,269,1,5.336057662963867
2544,d4s2b,270,1,6.0005481243133545
2545,d4s2b,271,-1,5.394094944000244
2546,d4s2b,272,-1,5.691060304641724
2547,d4s2b,273,1,5.3737406730651855
2548,d4s2b,274,1,5.395341396331787
2549,d4s2b,275,1,5.722820043563843
2550,d4s2b,276,1,5.355047702789307
2551,d4s2b,277,1,5.950160264968872
2552,d4s2b,278,1,5.746016025543213
2553,d4s2b,279,-1,5.509362459182739
2554,d4s2b,280,-1,5.092099905014038
2555,d4s2b,281,1,5.654316186904907
2556,d4s2b,282,-1,5.996636152267456
2557,d4s2b,283,1,5.682369709014893
2558,d4s2b,284,1,5.635119676589966
2559,d4s2b,285,1,5.1407153606414795
2560,d4s2b,286,-1,5.141352415084839
2561,d4s2b,287,-1,5.363509893417358
2562,d4s2b,288,1,5.3921332359313965
2563,d4s2b,289,-1,5.257939577102661
2564,d4s2b,290,1,5.999731063842773
2565,d4s2b,291,1,5.728506565093994
2566,d4s2b,292,1,5.488706827163696
2567,d4s2b,293,-1,5.921552419662476
2568,d4s2b,294,-1,5.702139616012573
2569,d4s2b,295,-1,5.449863910675049
2570,d4s2b,296,1,5.667382717132568
2571,d4s2b,297,1,5.293400049209595
2572,d4s2b,298,1,5.427073955535889
2573,d4s2b,299,1,5.679197788238525
2574,d4s2b,300,1,5.371421813964844
2575,d4s2b,301,-1,5.3920252323150635
2576,d4s2b,302,-1,5.3076558113098145
2577,d4s2b,303,1,5.586686611175537
2578,d4s2b,304,1,5.591087341308594
2579,d4s2b,305,1,6.147122621536255
2580,d4s2b,306,1,5.8459930419921875
2581,d4s2b,307,-1,5.387009859085083
2582,d4s2b,308,-1,5.579270601272583
2583,d4s2b,309,1,5.456403970718384
2584,d4s2b,310,1,5.0818352699279785
2585,d4s2b,311,1,5.393094539642334
2586,d4s2b,312,1,6.115433216094971
2587,d4s2b,313,-1,5.433671712875366
2588,d4s2b,314,-1,5.614685297012329
2589,d4s2b,315,-1,6.427616596221924
2590,d4s2b,316,-1,5.870965242385864
2591,d4s2b,317,-1,5.726655006408691
2592,d4s2b,318,1,5.828701734542847
2593,d4s2b,319,1,5.4927978515625
2594,d4s2b,320,1,5.627537488937378
2595,d4s2b,321,1,6.246116876602173
2596,d4s2b,322,1,5.278505563735962
2597,d4s2b,323,-1,5.903965473175049
2598,d4s2b,324,-1,5.486473083496094
2599,d4s2b,325,-1,5.570557594299316
2600,d4s2b,326,-1,5.205507278442383
2601,d4s2b,327,1,5.611731052398682
2602,d4s2b,328,1,5.522921562194824
2603,d4s2b,329,1,5.723358392715454
2604,d4s2b,330,1,5.340309381484985
2605,d4s2b,331,1,5.43130898475647
2606,d4s2b,332,1,5.569218635559082
2607,d4s2b,333,-1,5.763392925262451
2608,d4s2b,334,-1,5.659552097320557
2609,d4s2b,335,1,5.638278007507324
2610,d4s2b,336,1,5.709062099456787
2611,d4s2b,337,1,5.654887676239014
2612,d4s2b,338,1,5.422294616699219
2613,d4s2b,339,1,5.4027159214019775
2614,d4s2b,340,1,5.587412118911743
2615,d4s2b,341,1,6.010256767272949
2616,d4s2b,342,1,5.567707300186157
2617,d4s2b,343,1,6.166272878646851
2618,d4s2b,344,-1,5.634418487548828
2619,d4s2b,345,-1,5.319138050079346
2620,d4s2b,346,1,5.770171880722046
2621,d4s2b,347,1,5.464722633361816
2622,d4s2b,348,1,5.818564414978027
2623,d4s2b,349,1,5.984930038452148
2624,d4s2b,350,-1,5.704421281814575
2625,d4s2b,351,1,5.360222339630127
2626,d4s2b,352,1,5.459175109863281
2627,d4s2b,353,-1,5.2777488231658936
2628,d4s2b,354,1,5.142323017120361
2629,d4s2b,355,1,5.472042560577393
2630,d4s2b,356,1,5.711683034896851
2631,d4s2b,357,-1,5.592014312744141
2632,d4s2b,358,-1,5.668973684310913
2633,d4s2b,359,1,5.709343671798706
2634,d4s2b,360,1,5.919270992279053
2635,d4s2b,361,1,5.351513862609863
2636,d4s2b,362,1,5.35564112663269
2637,d4s2b,363,-1,5.944112777709961
2638,d4s2b,364,-1,5.633410930633545
2639,d4s2b,365,-1,5.72235631942749
2640,d4s2b,366,-1,5.683564901351929
2641,d4s2b,367,1,6.458033323287964
2642,d4s2b,368,1,5.62238073348999
2643,d4s2b,369,1,5.665368318557739
2644,d4s2b,370,1,5.499060392379761
2645,d4s2b,371,-1,5.2883312702178955
2646,d4s2b,372,-1,5.7307000160217285
2647,d4s2b,373,1,5.736755132675171
2648,d4s2b,374,-1,5.5635271072387695
2649,d4s2b,375,1,5.4473114013671875
2650,d4s2b,376,1,5.420415163040161
2651,d4s2b,377,1,5.157662868499756
2652,d4s2b,378,-1,4.980836391448975
2653,d4s2b,379,1,5.347038507461548
2654,d4s2b,380,1,5.3634021282196045
2655,d4s2b,381,1,5.368353843688965
2656,d4s2b,382,1,5.742946147918701
2657,d4s2b,383,-1,5.7781171798706055
2658,d4s2b,384,-1,5.335453748703003
2659,d4s2b,385,-1,5.674419641494751
2660,d4s2b,386,-1,5.559056758880615
2661,d4s2b,387,1,5.256323575973511
2662,d4s2b,388,1,5.525080680847168
2663,d4s2b,389,1,5.5672314167022705
2664,d4s2b,390,-1,5.418992042541504
2665,d4s2b,391,-1,5.321041584014893
2666,d4s2b,392,1,5.382505416870117
2667,d4s2b,393,-1,5.3216540813446045
2668,d4s2b,394,1,5.620996713638306
2669,d4s2b,395,-1,5.448786973953247
2670,d4s2b,396,1,6.205142498016357
2671,d4s2b,397,1,6.266633749008179
2672,d4s2b,398,1,5.491497755050659
2673,d4s2b,399,1,5.440683841705322
2674,d4s2b,400,-1,5.326022386550903
2675,d4s2b,401,-1,5.069463491439819
2676,d4s2b,402,-1,5.114104270935059
2677,d4s2b,403,1,5.452127695083618
2678,d4s2b,404,1,5.2874109745025635
2679,d4s2b,405,1,5.4471657276153564
2680,d4s2b,406,1,5.656634330749512
2681,d4s2b,407,1,5.616862058639526
2682,d4s2b,408,1,5.233426094055176
2683,d4s2b,409,-1,5.267452239990234
2684,d4s2b,410,-1,5.486180543899536
2685,d4s2b,411,1,5.679830074310303
2686,d4s2b,412,1,5.206053972244263
2687,d4s2b,413,1,5.3315534591674805
2688,d4s2b,414,1,5.39544415473938
2689,d4s2b,415,1,5.6345374584198
2690,d4s2b,416,-1,5.310094594955444
2691,d4s2b,417,1,6.076645135879517
2692,d4s2b,418,-1,6.006528854370117
2693,d4s2b,419,1,5.356706857681274
2694,d4s2b,420,1,5.464109420776367
2695,d4s2b,421,-1,5.666857719421387
2696,d4s2b,422,1,5.8330957889556885
2697,d4s2b,423,1,5.413734197616577
2698,d4s2b,424,-1,5.173243284225464
2699,d4s2b,425,1,5.95050835609436
2700,d4s2b,426,1,5.527015209197998
2701,d4s2b,427,1,5.3486328125
2702,d4s2b,428,1,5.45894980430603
2703,d4s2b,429,1,5.386698484420776
2704,d4s2b,430,1,5.413681983947754
2705,d4s2b,431,1,5.415116310119629
2706,d4s2b,432,1,5.391357898712158
2707,d4s2b,433,1,5.48914909362793
2708,d4s2b,434,1,5.510198354721069
2709,d4s2b,435,-1,5.5615599155426025
2710,d4s2b,436,1,5.448596477508545
2711,d4s2b,437,1,5.450313091278076
2712,d4s2b,438,1,5.26151180267334
2713,d4s2b,439,-1,5.395763397216797
2714,d4s2b,440,-1,6.420741558074951
2715,d4s2b,441,1,5.7816321849823
2716,d4s2b,442,1,5.591331720352173
2717,d4s2b,443,1,5.26139235496521
2718,d4s2b,444,1,5.40752649307251
2719,d4s2b,445,-1,5.246825695037842
2720,d4s2b,446,1,5.812211990356445
2721,d4s2b,447,-1,5.218027353286743
2722,d4s2b,448,-1,5.314571857452393
2723,d4s2b,449,-1,5.631291627883911
2724,d4s2b,450,-1,5.381325721740723
2725,d4s2b,451,-1,5.486742973327637
2726,d4s2b,452,1,6.332245111465454
2727,d4s2b,453,1,5.624128580093384
2728,d4s2b,454,-1,5.408763885498047
2729,d4s2b,455,1,5.088183641433716
2730,d4s2b,456,-1,6.072641134262085
2731,d4s2b,457,1,5.366563081741333
2732,d4s2b,458,-1,6.047537803649902
2733,d4s2b,459,-1,5.504170894622803
2734,d4s2b,460,-1,5.32459282875061
2735,d4s2b,461,-1,5.522921562194824
2736,d4s2b,462,-1,5.689336776733398
2737,d4s2b,463,1,5.548932075500488
2738,d4s2b,464,1,5.346924781799316
2739,d4s2b,465,1,5.485008001327515
2740,d4s2b,466,1,5.456047773361206
2741,d4s2b,467,1,6.185357332229614
2742,d4s2b,468,1,5.468574285507202
2743,d4s2b,469,1,5.619848728179932
2744,d4s2b,470,1,5.971190452575684
2745,d4s2b,471,1,5.558598041534424
2746,d4s2b,472,-1,5.308838605880737
2747,d4s2b,473,-1,5.294065713882446
2748,d4s2b,474,-1,5.69027304649353
2749,d4s2b,475,1,5.359560489654541
2750,d4s2b,476,1,5.270083904266357
2751,d4s2b,477,1,5.654569149017334
2752,d4s2b,478,1,5.399917840957642
2753,d4s2b,479,-1,5.183746099472046
2754,d4s2b,480,-1,5.503855228424072
2755,d4s2b,481,-1,5.465466260910034
2756,d4s2b,482,-1,5.815411329269409
2757,d4s2b,483,-1,5.369519948959351
2758,d4s2b,484,-1,5.3232927322387695
2759,d4s2b,485,-1,5.555052757263184
2760,d4s2b,486,-1,5.32784628868103
2761,d4s2b,487,-1,5.408355474472046
2762,d4s2b,488,1,5.385682106018066
2763,d4s2b,489,1,5.318460941314697
2764,d4s2b,490,-1,5.461278438568115
2765,d4s2b,491,1,5.747338771820068
2766,d4s2b,492,1,5.350533485412598
2767,d4s2b,493,1,5.4853737354278564
2768,d4s2b,494,1,5.455216407775879
2769,d4s2b,495,1,5.473893642425537
2770,d4s2b,496,1,6.223019361495972
2771,d4s2b,497,-1,5.475680589675903
2772,d4s2b,498,1,5.384788990020752
2773,d4s2c,1,1,5.450994491577148
2774,d4s2c,2,1,5.448901653289795
2775,d4s2c,3,1,5.719527721405029
2776,d4s2c,4,1,5.202024698257446
2777,d4s2c,5,1,5.669386625289917
2778,d4s2c,6,1,5.6452414989471436
2779,d4s2c,7,1,5.598348617553711
2780,d4s2c,8,1,5.472265958786011
2781,d4s2c,9,-1,5.604842662811279
2782,d4s2c,10,-1,5.3339080810546875
2783,d4s2c,11,1,5.366712808609009
2784,d4s2c,12,-1,5.547982454299927
2785,d4s2c,13,-1,5.470039129257202
2786,d4s2c,14,-1,5.7406325340271
2787,d4s2c,15,-1,5.753117322921753
2788,d4s2c,16,1,5.280123949050903
2789,d4s2c,17,1,5.366140127182007
2790,d4s2c,18,1,5.277390718460083
2791,d4s2c,19,1,5.357361316680908
2792,d4s2c,20,1,5.5988664627075195
2793,d4s2c,21,-1,5.526658296585083
2794,d4s2c,22,-1,5.650681734085083
2795,d4s2c,23,-1,6.283966779708862
2796,d4s2c,24,-1,5.385842561721802
2797,d4s2c,25,1,5.255351305007935
2798,d4s2c,26,1,5.439002752304077
2799,d4s2c,27,-1,5.4893739223480225
2800,d4s2c,28,-1,5.327403783798218
2801,d4s2c,29,-1,5.57840633392334
2802,d4s2c,30,-1,5.433859586715698
2803,d4s2c,31,1,5.630287170410156
2804,d4s2c,32,1,5.998844385147095
2805,d4s2c,33,1,5.192850112915039
2806,d4s2c,34,1,5.377331018447876
2807,d4s2c,35,-1,5.577613830566406
2808,d4s2c,36,-1,5.7813403606414795
2809,d4s2c,37,-1,5.499041557312012
2810,d4s2c,38,-1,5.17634654045105
2811,d4s2c,39,-1,5.694748878479004
2812,d4s2c,40,-1,5.5368969440460205
2813,d4s2c,41,1,5.417315483093262
2814,d4s2c,42,1,5.745187759399414
2815,d4s2c,43,-1,5.1840667724609375
2816,d4s2c,44,-1,5.418114185333252
2817,d4s2c,45,-1,5.192793130874634
2818,d4s2c,46,-1,5.653134822845459
2819,d4s2c,47,1,5.179466009140015
2820,d4s2c,48,1,5.495080232620239
2821,d4s2c,49,1,5.396141052246094
2822,d4s2c,50,1,5.3949668407440186
2823,d4s2c,51,-1,6.507429838180542
2824,d4s2c,52,-1,5.622872352600098
2825,d4s2c,53,-1,5.280898332595825
2826,d4s2c,54,1,5.426649332046509
2827,d4s2c,55,-1,6.100070238113403
2828,d4s2c,56,-1,5.717665672302246
2829,d4s2c,57,-1,6.306359767913818
2830,d4s2c,58,-1,5.56937313079834
2831,d4s2c,59,-1,5.352976322174072
2832,d4s2c,60,-1,5.69423508644104
2833,d4s2c,61,-1,5.418510437011719
2834,d4s2c,62,-1,5.284327030181885
2835,d4s2c,63,1,5.28151798248291
2836,d4s2c,64,1,5.2886364459991455
2837,d4s2c,65,-1,5.576467514038086
2838,d4s2c,66,1,5.2735466957092285
2839,d4s2c,67,1,5.486139535903931
2840,d4s2c,68,1,5.788554906845093
2841,d4s2c,69,-1,5.378482103347778
2842,d4s2c,70,-1,5.558160305023193
2843,d4s2c,71,-1,5.398045301437378
2844,d4s2c,72,-1,6.269675254821777
2845,d4s2c,73,1,5.522134780883789
2846,d4s2c,74,1,5.875638008117676
2847,d4s2c,75,-1,5.447813034057617
2848,d4s2c,76,-1,5.29930305480957
2849,d4s2c,77,1,5.415950536727905
2850,d4s2c,78,-1,5.775139570236206
2851,d4s2c,79,1,5.436424732208252
2852,d4s2c,80,1,5.390244722366333
2853,d4s2c,81,-1,5.843195915222168
2854,d4s2c,82,1,5.561633825302124
2855,d4s2c,83,1,5.358743667602539
2856,d4s2c,84,-1,5.783729553222656
2857,d4s2c,85,1,5.684272766113281
2858,d4s2c,86,1,5.257026195526123
2859,d4s2c,87,1,5.233875274658203
2860,d4s2c,88,1,5.578522682189941
2861,d4s2c,89,1,5.625720024108887
2862,d4s2c,90,1,5.3784096240997314
2863,d4s2c,91,-1,5.700677871704102
2864,d4s2c,92,-1,5.241360664367676
2865,d4s2c,93,-1,5.713445663452148
2866,d4s2c,94,-1,5.579887390136719
2867,d4s2c,95,-1,5.80120325088501
2868,d4s2c,96,-1,5.542794227600098
2869,d4s2c,97,-1,5.7375404834747314
2870,d4s2c,98,1,5.85161566734314
2871,d4s2c,99,-1,5.450534343719482
2872,d4s2c,100,-1,5.923224210739136
2873,d4s2c,101,-1,5.680326223373413
2874,d4s2c,102,1,5.0685341358184814
2875,d4s2c,103,-1,5.402752161026001
2876,d4s2c,104,-1,5.540391683578491
2877,d4s2c,105,-1,5.351354598999023
2878,d4s2c,106,-1,5.567434072494507
2879,d4s2c,107,1,5.1444737911224365
2880,d4s2c,108,1,5.2824835777282715
2881,d4s2c,109,1,5.313954830169678
2882,d4s2c,110,1,5.79206109046936
2883,d4s2c,111,-1,5.7801673412323
2884,d4s2c,112,-1,5.7581627368927
2885,d4s2c,113,-1,5.534847974777222
2886,d4s2c,114,-1,5.231855630874634
2887,d4s2c,115,1,5.575697183609009
2888,d4s2c,116,1,6.285505056381226
2889,d4s2c,117,1,5.386403322219849
2890,d4s2c,118,1,5.76277756690979
2891,d4s2c,119,1,5.519367694854736
2892,d4s2c,120,1,5.6947407722473145
2893,d4s2c,121,1,5.247217893600464
2894,d4s2c,122,1,5.5571465492248535
2895,d4s2c,123,-1,5.518056154251099
2896,d4s2c,124,-1,5.296041965484619
2897,d4s2c,125,-1,5.800837755203247
2898,d4s2c,126,-1,5.7950439453125
2899,d4s2c,127,-1,5.233736276626587
2900,d4s2c,128,1,5.401595830917358
2901,d4s2c,129,1,5.530853271484375
2902,d4s2c,130,1,5.576310157775879
2903,d4s2c,131,-1,5.412179231643677
2904,d4s2c,132,1,5.963536262512207
2905,d4s2c,133,1,5.2873711585998535
2906,d4s2c,134,1,5.961328744888306
2907,d4s2c,135,1,5.303949594497681
2908,d4s2c,136,1,5.681562900543213
2909,d4s2c,137,1,5.34371280670166
2910,d4s2c,138,1,5.519250154495239
2911,d4s2c,139,1,5.37501335144043
2912,d4s2c,140,1,5.776305913925171
2913,d4s2c,141,1,5.440481662750244
2914,d4s2c,142,1,5.351219654083252
2915,d4s2c,143,1,5.8904194831848145
2916,d4s2c,144,-1,5.540076494216919
2917,d4s2c,145,1,5.295392990112305
2918,d4s2c,146,1,5.320377826690674
2919,d4s2c,147,-1,6.44546103477478
2920,d4s2c,148,1,5.711181163787842
2921,d4s2c,149,-1,5.596987962722778
2922,d4s2c,150,-1,5.3834381103515625
2923,d4s2c,151,1,5.8667893409729
2924,d4s2c,152,1,5.4758851528167725
2925,d4s2c,153,-1,5.593880653381348
2926,d4s2c,154,-1,5.544992923736572
2927,d4s2c,155,1,5.286831617355347
2928,d4s2c,156,-1,5.717431545257568
2929,d4s2c,157,-1,5.319825649261475
2930,d4s2c,158,-1,5.501420736312866
2931,d4s2c,159,-1,5.259206533432007
2932,d4s2c,160,-1,5.5472235679626465
2933,d4s2c,161,-1,5.603217840194702
2934,d4s2c,162,-1,5.26102089881897
2935,d4s2c,163,-1,5.459681272506714
2936,d4s2c,164,-1,5.590999126434326
2937,d4s2c,165,1,5.535454750061035
2938,d4s2c,166,1,5.287063121795654
2939,d4s2c,167,1,5.270566463470459
2940,d4s2c,168,1,5.358521938323975
2941,d4s2c,169,-1,6.426926136016846
2942,d4s2c,170,1,5.476025104522705
2943,d4s2c,171,-1,5.324325084686279
2944,d4s2c,172,-1,5.769798278808594
2945,d4s2c,173,-1,5.811554193496704
2946,d4s2c,174,-1,5.666810035705566
2947,d4s2c,175,-1,5.094074487686157
2948,d4s2c,176,1,5.868043422698975
2949,d4s2c,177,-1,5.634423494338989
2950,d4s2c,178,-1,5.301863193511963
2951,d4s2c,179,-1,5.436567068099976
2952,d4s2c,180,1,5.415171384811401
2953,d4s2c,181,-1,5.164357662200928
2954,d4s2c,182,-1,5.608194589614868
2955,d4s2c,183,-1,5.448794603347778
2956,d4s2c,184,-1,5.403951644897461
2957,d4s2c,185,-1,5.300119400024414
2958,d4s2c,186,-1,5.421813249588013
2959,d4s2c,187,1,5.4410951137542725
2960,d4s2c,188,-1,5.374608516693115
2961,d4s2c,189,1,5.565906763076782
2962,d4s2c,190,1,5.202318429946899
2963,d4s2c,191,-1,5.6088128089904785
2964,d4s2c,192,-1,6.6188952922821045
2965,d4s2c,193,-1,5.443936109542847
2966,d4s2c,194,-1,5.288433313369751
2967,d4s2c,195,-1,5.465871095657349
2968,d4s2c,196,-1,5.87490177154541
2969,d4s2c,197,-1,5.299368858337402
2970,d4s2c,198,-1,5.314135313034058
2971,d4s2c,199,1,5.222216367721558
2972,d4s2c,200,1,5.321451187133789
2973,d4s2c,201,-1,5.810875654220581
2974,d4s2c,202,1,5.7742249965667725
2975,d4s2c,203,1,5.547872304916382
2976,d4s2c,204,1,5.487702369689941
2977,d4s2c,205,-1,5.336177349090576
2978,d4s2c,206,-1,5.353294134140015
2979,d4s2c,207,1,5.732212066650391
2980,d4s2c,208,1,5.091467380523682
2981,d4s2c,209,1,5.178756952285767
2982,d4s2c,210,-1,5.4727301597595215
2983,d4s2c,211,1,5.448455810546875
2984,d4s2c,212,1,5.388120889663696
2985,d4s2c,213,1,5.76911473274231
2986,d4s2c,214,1,5.828012466430664
2987,d4s2c,215,-1,5.483929634094238
2988,d4s2c,216,-1,5.783595323562622
2989,d4s2c,217,-1,5.652738094329834
2990,d4s2c,218,-1,5.575214147567749
2991,d4s2c,219,-1,5.558247327804565
2992,d4s2c,220,-1,5.6234211921691895
2993,d4s2c,221,-1,5.447942018508911
2994,d4s2c,222,-1,5.875834941864014
2995,d4s2c,223,1,5.377768278121948
2996,d4s2c,224,1,5.6542932987213135
2997,d4s2c,225,-1,5.729075193405151
2998,d4s2c,226,-1,6.0153892040252686
2999,d4s2c,227,1,5.541539192199707
3000,d4s2c,228,1,5.628360271453857
3001,d4s2c,229,1,5.821329116821289
3002,d4s2c,230,-1,5.882864236831665
3003,d4s2c,231,-1,6.103728294372559
3004,d4s2c,232,1,5.804714679718018
3005,d4s2c,233,-1,6.395280361175537
3006,d4s2c,234,1,5.3401782512664795
3007,d4s2c,235,1,6.0383570194244385
3008,d4s2c,236,1,5.614435195922852
3009,d4s2c,237,-1,5.382748126983643
3010,d4s2c,238,-1,5.424671173095703
3011,d4s2c,239,1,5.677175998687744
3012,d4s2c,240,1,5.612702131271362
3013,d4s2c,241,1,5.3565967082977295
3014,d4s2c,242,1,5.674412488937378
3015,d4s2c,243,1,5.56900691986084
3016,d4s2c,244,1,5.317945241928101
3017,d4s2c,245,1,5.524309396743774
3018,d4s2c,246,1,6.359846591949463
3019,d4s2c,247,1,5.408934831619263
3020,d4s2c,248,-1,5.343993902206421
3021,d4s2c,249,-1,5.41385555267334
3022,d4s2c,250,1,5.3999223709106445
3023,d4s2c,251,1,5.580992221832275
3024,d4s2c,252,1,5.378595590591431
3025,d4s2c,253,-1,5.546813011169434
3026,d4s2c,254,-1,4.9522435665130615
3027,d4s2c,255,-1,5.76959228515625
3028,d4s2c,256,-1,5.191449165344238
3029,d4s2c,257,-1,5.2370030879974365
3030,d4s2c,258,-1,5.289573669433594
3031,d4s2c,259,1,5.604409456253052
3032,d4s2c,260,1,5.613286972045898
3033,d4s2c,261,-1,5.608835697174072
3034,d4s2c,262,-1,5.933547019958496
3035,d4s2c,263,1,5.288751125335693
3036,d4s2c,264,1,5.733992338180542
3037,d4s2c,265,-1,5.4812822341918945
3038,d4s2c,266,-1,5.533833980560303
3039,d4s2c,267,1,5.241487503051758
3040,d4s2c,268,1,6.004157304763794
3041,d4s2c,269,1,5.839695453643799
3042,d4s2c,270,1,5.231261968612671
3043,d4s2c,271,1,5.331398963928223
3044,d4s2c,272,1,5.6553356647491455
3045,d4s2c,273,1,5.922425746917725
3046,d4s2c,274,1,5.594926357269287
3047,d4s2c,275,1,6.6964027881622314
3048,d4s2c,276,1,5.474952459335327
3049,d4s2c,277,-1,5.234720230102539
3050,d4s2c,278,1,5.706890344619751
3051,d4s2c,279,1,5.182436466217041
3052,d4s2c,280,-1,5.642263412475586
3053,d4s2c,281,-1,5.551442623138428
3054,d4s2c,282,-1,5.809072494506836
3055,d4s2c,283,-1,5.050235033035278
3056,d4s2c,284,-1,5.2717061042785645
3057,d4s2c,285,-1,5.380515098571777
3058,d4s2c,286,-1,5.569086313247681
3059,d4s2c,287,1,5.587140798568726
3060,d4s2c,288,-1,5.324204444885254
3061,d4s2c,289,1,5.919493913650513
3062,d4s2c,290,-1,5.283710479736328
3063,d4s2c,291,1,5.553288698196411
3064,d4s2c,292,1,5.702520847320557
3065,d4s2c,293,1,5.400509595870972
3066,d4s2c,294,1,5.333065986633301
3067,d4s2c,295,-1,5.147043466567993
3068,d4s2c,296,-1,5.601171016693115
3069,d4s2c,297,1,6.03167724609375
3070,d4s2c,298,1,6.159512996673584
3071,d4s2c,299,1,5.962604284286499
3072,d4s2c,300,1,5.808265209197998
3073,d4s2c,301,-1,5.321680068969727
3074,d4s2c,302,-1,5.404763460159302
3075,d4s2c,303,-1,5.232038259506226
3076,d4s2c,304,-1,5.48306941986084
3077,d4s2c,305,1,5.7094151973724365
3078,d4s2c,306,1,5.417365312576294
3079,d4s2c,307,1,5.96004581451416
3080,d4s2c,308,1,5.958115339279175
3081,d4s2c,309,-1,5.368855953216553
3082,d4s2c,310,1,5.467607021331787
3083,d4s2c,311,1,5.756641864776611
3084,d4s2c,312,1,5.210103988647461
3085,d4s2c,313,1,5.696595191955566
3086,d4s2c,314,1,5.550029993057251
3087,d4s2c,315,1,5.927480697631836
3088,d4s2c,316,1,5.477115154266357
3089,d4s2c,317,1,4.973092317581177
3090,d4s2c,318,-1,5.258841037750244
3091,d4s2c,319,1,5.259042978286743
3092,d4s2c,320,1,5.806675910949707
3093,d4s2c,321,-1,5.441398620605469
3094,d4s2c,322,-1,5.317705392837524
3095,d4s2c,323,-1,5.4472715854644775
3096,d4s2c,324,1,5.16671347618103
3097,d4s2c,325,1,5.304588079452515
3098,d4s2c,326,1,5.396558523178101
3099,d4s2c,327,-1,5.559535980224609
3100,d4s2c,328,-1,5.888713836669922
3101,d4s2c,329,1,5.112433195114136
3102,d4s2c,330,1,5.895957708358765
3103,d4s2c,331,-1,5.297345399856567
3104,d4s2c,332,-1,5.783122301101685
3105,d4s2c,333,1,5.718688726425171
3106,d4s2c,334,1,5.260251760482788
3107,d4s2c,335,-1,5.704223871231079
3108,d4s2c,336,-1,5.978400707244873
3109,d4s2c,337,-1,5.356189727783203
3110,d4s2c,338,-1,5.424051523208618
3111,d4s2c,339,1,5.321890354156494
3112,d4s2c,340,1,4.933462142944336
3113,d4s2c,341,-1,5.581370115280151
3114,d4s2c,342,-1,5.663266897201538
3115,d4s2c,343,1,5.665360927581787
3116,d4s2c,344,1,5.747083425521851
3117,d4s2c,345,-1,5.452488422393799
3118,d4s2c,346,-1,5.484975337982178
3119,d4s2c,347,-1,5.556477069854736
3120,d4s2c,348,-1,5.343174695968628
3121,d4s2c,349,1,5.654181241989136
3122,d4s2c,350,1,5.9155097007751465
3123,d4s2c,351,1,5.352459192276001
3124,d4s2c,352,1,6.115368604660034
3125,d4s2c,353,-1,5.597779273986816
3126,d4s2c,354,1,5.577805042266846
3127,d4s2c,355,-1,6.056783199310303
3128,d4s2c,356,-1,5.967625856399536
3129,d4s2c,357,-1,6.03963828086853
3130,d4s2c,358,-1,5.897604942321777
3131,d4s2c,359,1,5.3352954387664795
3132,d4s2c,360,1,5.2971837520599365
3133,d4s2c,361,1,5.253462791442871
3134,d4s2c,362,1,6.237170219421387
3135,d4s2c,363,1,6.1585564613342285
3136,d4s2c,364,1,5.5579259395599365
3137,d4s2c,365,1,5.514925003051758
3138,d4s2c,366,1,5.797919750213623
3139,d4s2c,367,-1,5.295315265655518
3140,d4s2c,368,-1,5.581178665161133
3141,d4s2c,369,-1,5.866815567016602
3142,d4s2c,370,-1,5.5452961921691895
3143,d4s2c,371,-1,5.580812931060791
3144,d4s2c,372,-1,5.790333986282349
3145,d4s2c,373,1,5.656605005264282
3146,d4s2c,374,1,5.170064926147461
3147,d4s2c,375,-1,5.24247145652771
3148,d4s2c,376,-1,5.7302162647247314
3149,d4s2c,377,1,5.78383469581604
3150,d4s2c,378,1,6.175207614898682
3151,d4s2c,379,1,5.427210330963135
3152,d4s2c,380,-1,5.481404781341553
3153,d4s2c,381,1,5.493706464767456
3154,d4s2c,382,1,5.539534568786621
3155,d4s2c,383,1,6.065250635147095
3156,d4s2c,384,1,5.618067741394043
3157,d4s2c,385,1,6.320115327835083
3158,d4s2c,386,1,5.442323684692383
3159,per,1,1,7.212758302688599
3160,per,2,1,7.066916227340698
3161,per,3,1,7.124755620956421
3162,per,4,1,7.14117956161499
3163,per,5,1,7.265570878982544
3164,per,6,1,7.177127838134766
3165,per,7,1,7.034787654876709
3166,per,8,1,7.040647506713867
3167,per,9,1,7.04094672203064
3168,per,10,1,7.104542255401611
3169,per,11,1,7.0920140743255615
3170,per,12,1,7.085492849349976
3171,per,13,1,7.299744606018066
3172,per,14,1,7.165043830871582
3173,per,15,1,7.1077282428741455
3174,per,16,1,7.0765862464904785
3175,per,17,1,7.154065847396851
3176,per,18,1,7.069242238998413
3177,per,19,1,6.9614715576171875
3178,per,20,1,6.998034238815308
3179,per,21,1,7.324725389480591
3180,per,22,1,7.196190595626831
3181,per,23,1,6.999287366867065
3182,per,24,1,6.878598213195801
3183,per,25,1,7.0229151248931885
3184,per,26,1,7.006077527999878
3185,per,27,1,7.287049770355225
3186,per,28,1,7.134486436843872
3187,per,29,1,7.30010461807251
3188,per,30,1,7.028669595718384
3189,per,31,1,7.24453592300415
3190,per,32,1,7.106538534164429
3191,per,33,1,7.1907031536102295
3192,per,34,1,6.969994783401489
3193,per,35,1,7.127965211868286
3194,per,36,1,7.09390115737915
3195,per,37,1,7.198872804641724
3196,per,38,1,7.102530241012573
3197,per,39,1,7.021502733230591
3198,per,40,1,7.161549806594849
3199,per,41,1,7.270894289016724
3200,per,42,1,6.971429109573364
3201,per,43,1,7.411461114883423
3202,per,44,1,7.273770332336426
3203,per,45,1,7.188644886016846
3204,per,46,1,7.287699937820435
3205,per,47,1,7.251985311508179
3206,per,48,1,7.3063037395477295
3207,per,49,1,7.417752027511597
3208,per,50,1,7.48338508605957
3209,per,51,1,7.525121212005615
3210,per,52,1,7.245172023773193
3211,per,53,1,7.393239974975586
3212,per,54,1,7.184773921966553
3213,per,55,1,7.183299541473389
3214,per,56,1,7.152339696884155
3215,per,57,1,7.15369176864624
3216,per,58,1,7.130945682525635
3217,per,59,1,7.125588655471802
3218,per,60,1,7.162055969238281
3219,per,61,1,7.202102422714233
3220,per,62,1,7.4429872035980225
3221,per,63,1,7.101000785827637
3222,per,64,1,7.210858345031738
3223,per,65,1,7.1921796798706055
3224,per,66,1,7.11893105506897
3225,per,67,1,7.298326730728149
3226,per,68,1,7.137798547744751
3227,per,69,1,6.953552722930908
3228,per,70,1,7.1775689125061035
3229,per,71,1,7.39277720451355
3230,per,72,1,7.3780152797698975
3231,per,73,1,7.056149482727051
3232,per,74,1,7.293771266937256
3233,per,75,1,7.0679967403411865
3234,per,76,1,7.377748250961304
3235,per,77,1,7.125744342803955
3236,per,78,1,7.110861778259277
3237,per,79,1,7.0125813484191895
3238,per,80,1,7.074455499649048
3239,per,81,1,6.851181983947754
3240,per,82,1,7.365338087081909
3241,per,83,1,7.15351676940918
3242,per,84,1,7.05617618560791
3243,per,85,1,7.068867444992065
3244,per,86,1,7.133089542388916
3245,per,87,1,7.227290630340576
3246,per,88,1,7.23886513710022
3247,per,89,1,7.005937576293945
3248,per,90,1,7.146203279495239
3249,per,91,1,7.130385398864746
3250,per,92,1,6.986867427825928
3251,per,93,1,7.0362653732299805
3252,per,94,1,7.289566278457642
3253,per,95,1,7.085467100143433
3254,per,96,1,7.1857194900512695
3255,per,97,1,7.018951654434204
3256,per,98,1,7.16083025932312
3257,per,99,1,7.137012958526611
3258,per,100,1,7.23131251335144
3259,sig,1,1,7.184473276138306
3260,sig,2,1,7.022308111190796
3261,sig,3,1,7.343051195144653
3262,sig,4,1,7.061956167221069
3263,sig,5,1,7.135153293609619
3264,sig,6,1,7.024461269378662
3265,sig,7,1,6.895436525344849
3266,sig,8,1,7.0485453605651855
3267,sig,9,1,7.034936904907227
3268,sig,10,1,6.933124542236328
3269,sig,11,1,7.18598198890686
3270,sig,12,1,7.3220930099487305
3271,sig,13,1,6.924869775772095
3272,sig,14,1,7.222743988037109
3273,sig,15,1,7.030144453048706
3274,sig,16,1,7.13497519493103
3275,sig,17,1,7.0265607833862305
3276,sig,18,1,7.043647289276123
3277,sig,19,1,7.0759217739105225
3278,sig,20,1,6.998144149780273
3279,sig,21,1,7.031838893890381
3280,sig,22,1,7.185816764831543
3281,sig,23,1,7.11033821105957
3282,sig,24,1,6.927934646606445
3283,sig,25,1,7.057363510131836
3284,sig,26,1,7.148885726928711
3285,sig,27,-1,7.026559114456177
3286,sig,28,-1,7.237680435180664
3287,sig,29,1,7.2701735496521
3288,sig,30,-1,7.194450855255127
3289,sig,31,1,7.306910991668701
3290,sig,32,1,7.0924036502838135
3291,sig,33,1,6.77474570274353
3292,sig,34,1,7.165476083755493
3293,sig,35,1,7.099905967712402
3294,sig,36,1,7.243113279342651
3295,sig,37,1,7.147855043411255
3296,sig,38,1,6.940156936645508
3297,sig,39,1,7.145553827285767
3298,sig,40,1,7.305574655532837
3299,sig,41,1,6.93364953994751
3300,sig,42,1,6.913672208786011
3301,sig,43,1,6.963806629180908
3302,sig,44,1,7.2976438999176025
3303,sig,45,1,7.021031618118286
3304,sig,46,1,7.035406589508057
3305,sig,47,1,7.296063423156738
3306,sig,48,1,7.160088539123535
3307,sig,49,1,7.177772045135498
3308,sig,50,1,7.185562372207642
3309,sig,51,1,7.125149726867676
3310,sig,52,1,6.923181056976318
3311,sig,53,1,7.171605110168457
3312,sig,54,1,6.801043510437012
3313,sig,55,1,7.041057348251343
3314,sig,56,1,7.227454900741577
3315,sig,57,1,7.006969213485718
3316,sig,58,1,7.154283761978149
3317,sig,59,1,7.0638134479522705
3318,sig,60,-1,7.111415386199951
3319,sig,61,1,7.099013566970825
3320,sig,62,1,7.029940605163574
3321,sig,63,1,6.992908239364624
3322,sig,64,1,7.064666509628296
3323,sig,65,-1,6.992412328720093
3324,sig,66,1,6.916866302490234
3325,sig,67,1,7.132800102233887
3326,sig,68,1,7.252435684204102
3327,sig,69,1,6.947490692138672
3328,sig,70,1,7.199690103530884
3329,sig,71,1,7.0353710651397705
3330,sig,72,1,7.081213474273682
3331,sig,73,1,7.176091432571411
3332,sig,74,1,7.3245933055877686
3333,sig,75,1,7.277803659439087
3334,sig,76,1,6.946820259094238
3335,sig,77,1,6.980774164199829
3336,sig,78,1,7.12969970703125
3337,sig,79,1,7.204914569854736
3338,sig,80,1,7.198686599731445
3339,sig,81,1,7.121037006378174
3340,sig,82,1,7.072354793548584
3341,sig,83,1,7.249032974243164
3342,sig,84,1,7.079166889190674
3343,sig,85,-1,7.161144733428955
3344,sig,86,1,7.007901668548584
3345,sig,87,1,7.021998882293701
3346,sig,88,-1,7.354820728302002
3347,sig,89,1,7.101477384567261
3348,sig,90,1,7.031625509262085
3349,sig,91,1,7.125088691711426
3350,sig,92,1,7.0135157108306885
3351,sig,93,1,7.095381498336792
3352,sig,94,1,7.0029754638671875
3353,sig,95,1,7.183183431625366
3354,sig,96,1,7.186484336853027
3355,sig,97,1,7.221142053604126
3356,sig,98,1,6.959614276885986
3357,sig,99,1,6.8833324909210205
3358,sig,100,1,6.834123849868774
3359,vex,1,1,7.280849456787109
3360,vex,2,1,7.135177850723267
3361,vex,3,1,7.305642604827881
3362,vex,4,1,7.060662508010864
3363,vex,5,1,6.979292154312134
3364,vex,6,1,6.89945650100708
3365,vex,7,1,6.876677513122559
3366,vex,8,1,7.146082878112793
3367,vex,9,1,6.95140814781189
3368,vex,10,1,6.856159448623657
3369,vex,11,1,7.044760227203369
3370,vex,12,1,7.199422359466553
3371,vex,13,1,7.114532232284546
3372,vex,14,1,6.924699068069458
3373,vex,15,1,7.361374855041504
3374,vex,16,1,7.167704820632935
3375,vex,17,1,7.034927845001221
3376,vex,18,1,7.079873561859131
3377,vex,19,1,7.088547706604004
3378,vex,20,1,6.829397916793823
3379,vex,21,1,6.925674676895142
3380,vex,22,1,7.116496801376343
3381,vex,23,1,7.0832977294921875
3382,vex,24,1,7.283935070037842
3383,vex,25,1,7.2725911140441895
3384,vex,26,1,7.0194244384765625
3385,vex,27,1,7.119722366333008
3386,vex,28,-1,7.313068151473999
3387,vex,29,1,7.006231784820557
3388,vex,30,1,7.084481716156006
3389,vex,31,1,7.1578264236450195
3390,vex,32,1,7.106768369674683
3391,vex,33,1,7.234177350997925
3392,vex,34,1,7.05640435218811
3393,vex,35,1,7.18658185005188
3394,vex,36,1,7.128412961959839
3395,vex,37,1,7.0287017822265625
3396,vex,38,1,6.687355995178223
3397,vex,39,1,7.205226421356201
3398,vex,40,1,7.311443328857422
3399,vex,41,1,7.136034250259399
3400,vex,42,1,7.194502592086792
3401,vex,43,1,7.154176712036133
3402,vex,44,1,7.388318777084351
3403,vex,45,1,7.298649787902832
3404,vex,46,1,7.046754598617554
3405,vex,47,1,7.106282949447632
3406,vex,48,1,7.039541244506836
3407,vex,49,1,7.074930667877197
3408,vex,50,1,7.2021565437316895
3409,vex,51,1,6.952603340148926
3410,vex,52,1,7.015983581542969
3411,vex,53,1,7.017798662185669
3412,vex,54,1,7.115511417388916
3413,vex,55,-1,7.302433490753174
3414,vex,56,1,6.978547811508179
3415,vex,57,1,7.051409959793091
3416,vex,58,1,7.083250045776367
3417,vex,59,-1,7.171776056289673
3418,vex,60,1,7.116516351699829
3419,vex,61,1,6.95003604888916
3420,vex,62,1,7.08915114402771
3421,vex,63,1,7.159050226211548
3422,vex,64,1,6.807117938995361
3423,vex,65,1,7.121312618255615
3424,vex,66,1,7.326051235198975
3425,vex,67,1,7.17623496055603
3426,vex,68,1,6.9728124141693115
3427,vex,69,1,7.08069109916687
3428,vex,70,1,7.198714971542358
3429,vex,71,1,7.144304990768433
3430,vex,72,1,6.913537502288818
3431,vex,73,1,7.054103374481201
3432,vex,74,1,7.2393293380737305
3433,vex,75,1,7.093127250671387
3434,vex,76,1,6.8578407764434814
3435,vex,77,1,7.169504404067993
3436,vex,78,1,7.1386635303497314
3437,vex,79,1,7.1233742237091064
3438,vex,80,1,7.257408857345581
3439,vex,81,1,6.825456380844116
3440,vex,82,1,6.942566871643066
3441,vex,83,1,6.83704948425293
3442,vex,84,1,7.000333547592163
3443,vex,85,1,6.920471429824829
3444,vex,86,1,6.933058261871338
3445,vex,87,1,6.961436033248901
3446,vex,88,1,7.431595087051392
3447,vex,89,1,7.0987560749053955
3448,vex,90,1,7.027099847793579
3449,vex,91,1,7.189859867095947
3450,vex,92,1,7.110692977905273
3451,vex,93,1,6.89417028427124
3452,vex,94,1,6.950032472610474
3453,vex,95,1,7.228786945343018
3454,vex,96,1,6.939937591552734
3455,vex,97,1,7.119536876678467
3456,vex,98,1,6.995284080505371
3457,vex,99,1,7.303246259689331
3458,vex,100,1,7.134161472320557
3459,qdv,1,1,5.87681770324707
3460,qdv,2,-1,5.758460283279419
3461,qdv,3,1,5.689967393875122
3462,qdv,4,1,6.293102025985718
3463,qdv,5,1,5.965012550354004
3464,qdv,6,1,5.9043354988098145
3465,qdv,7,1,5.808471202850342
3466,qdv,8,-1,6.151761770248413
3467,qdv,9,1,5.773888111114502
3468,qdv,10,1,6.1028828620910645
3469,qdv,11,1,6.070785999298096
3470,qdv,12,1,5.616369009017944
3471,qdv,13,1,5.550821304321289
3472,qdv,14,1,5.838713884353638
3473,qdv,15,1,5.68867564201355
3474,qdv,16,1,6.015469074249268
3475,qdv,17,1,6.007490634918213
3476,qdv,18,1,6.289151430130005
3477,qdv,19,1,5.695485830307007
3478,qdv,20,1,5.844815492630005
3479,qdv,21,1,5.725357532501221
3480,qdv,22,1,5.602758884429932
3481,qdv,23,1,5.580673933029175
3482,qdv,24,1,6.369369268417358
3483,qdv,25,1,5.167482852935791
3484,qdv,26,1,5.9255921840667725
3485,qdv,27,1,5.8217549324035645
3486,qdv,28,1,5.539775133132935
3487,qdv,29,1,5.461416959762573
3488,qdv,30,1,5.729795932769775
3489,qdv,31,1,5.946279525756836
3490,qdv,32,1,5.585706472396851
3491,qdv,33,1,5.692419767379761
3492,qdv,34,1,5.723505735397339
3493,qdv,35,1,6.055722951889038
3494,qdv,36,-1,5.614139556884766
3495,qdv,37,1,6.027674198150635
3496,qdv,38,1,5.862924814224243
3497,qdv,39,-1,6.1562559604644775
3498,qdv,40,1,5.63185715675354
3499,qdv,41,1,5.808257818222046
3500,qdv,42,1,5.706833600997925
3501,qdv,43,1,5.778667449951172
3502,qdv,44,-1,6.145392656326294
3503,qdv,45,1,6.032024621963501
3504,qdv,46,-1,6.2117085456848145
3505,qdv,47,1,5.7469494342803955
3506,qdv,48,-1,6.0680646896362305
3507,qdv,49,1,6.162921905517578
3508,qdv,50,1,5.6099395751953125
3509,qdv,51,1,5.608379125595093
3510,qdv,52,1,6.310807228088379
3511,qdv,53,1,6.00832200050354
3512,qdv,54,-1,5.979252099990845
3513,qdv,55,1,6.474884033203125
3514,qdv,56,-1,5.861453533172607
3515,qdv,57,1,5.458136558532715
3516,qdv,58,1,5.597930669784546
3517,qdv,59,1,5.961357355117798
3518,qdv,60,1,6.488875865936279
3519,qdv,61,1,6.307456016540527
3520,qdv,62,1,5.82804274559021
3521,qdv,63,-1,5.719390392303467
3522,qdv,64,1,5.584153175354004
3523,qdv,65,1,5.441987991333008
3524,qdv,66,1,5.892398118972778
3525,qdv,67,-1,5.948615550994873
3526,qdv,68,1,5.688695907592773
3527,qdv,69,1,5.780343294143677
3528,qdv,70,1,5.864141941070557
3529,qdv,71,1,5.535629034042358
3530,qdv,72,1,5.553154945373535
3531,qdv,73,-1,6.876258134841919
3532,qdv,74,1,6.259964227676392
3533,qdv,75,1,6.193994998931885
3534,qdv,76,1,5.420153379440308
3535,qdv,77,1,5.63226580619812
3536,qdv,78,1,6.539332628250122
3537,qdv,79,1,6.193447828292847
3538,qdv,80,-1,5.7243547439575195
3539,qdv,81,1,5.74433970451355
3540,qdv,82,-1,5.647639751434326
3541,qdv,83,1,5.812038421630859
3542,qdv,84,1,5.863876104354858
3543,qdv,85,1,5.8106043338775635
3544,qdv,86,1,5.994050025939941
3545,qdv,87,1,6.617066860198975
3546,qdv,88,1,6.209860324859619
3547,qdv,89,1,6.250527620315552
3548,qdv,90,1,5.558172941207886
3549,qdv,91,1,6.02344536781311
3550,qdv,92,1,6.301883935928345
3551,qdv,93,1,5.733917713165283
3552,qdv,94,1,6.033667325973511
3553,qdv,95,1,6.702169895172119
3554,qdv,96,1,5.683688640594482
3555,qdv,97,1,5.785321235656738
3556,qdv,98,1,6.426945447921753
3557,qdv,99,1,5.53280234336853
3558,qdv,100,1,6.538811683654785
3559,sigv,1,-1,5.472885370254517
3560,sigv,2,-1,5.943389892578125
3561,sigv,3,-1,6.148467302322388
3562,sigv,4,1,6.19514012336731
3563,sigv,5,1,5.7076122760772705
3564,sigv,6,1,5.786006927490234
3565,sigv,7,1,5.528960466384888
3566,sigv,8,-1,6.266743898391724
3567,sigv,9,1,5.974254846572876
3568,sigv,10,-1,5.636219263076782
3569,sigv,11,1,6.292016267776489
3570,sigv,12,1,6.021803617477417
3571,sigv,13,1,6.058895111083984
3572,sigv,14,1,5.9735002517700195
3573,sigv,15,1,5.701932191848755
3574,sigv,16,-1,5.521976470947266
3575,sigv,17,1,5.848738431930542
3576,sigv,18,1,6.10467791557312
3577,sigv,19,1,6.486282110214233
3578,sigv,20,1,5.7961390018463135
3579,sigv,21,1,6.400118350982666
3580,sigv,22,1,5.7771382331848145
3581,sigv,23,1,5.979517221450806
3582,sigv,24,1,5.825543642044067
3583,sigv,25,1,6.46674108505249
3584,sigv,26,1,6.222307205200195
3585,sigv,27,-1,6.205734968185425
3586,sigv,28,1,5.878779172897339
3587,sigv,29,-1,6.003834247589111
3588,sigv,30,1,5.839901685714722
3589,sigv,31,1,5.835984468460083
3590,sigv,32,1,5.899013519287109
3591,sigv,33,1,5.801290988922119
3592,sigv,34,1,5.910855054855347
3593,sigv,35,1,5.888404846191406
3594,sigv,36,1,5.393302917480469
3595,sigv,37,1,5.505150318145752
3596,sigv,38,-1,5.672131776809692
3597,sigv,39,-1,5.843208074569702
3598,sigv,40,1,5.871096849441528
3599,sigv,41,1,5.6488037109375
3600,sigv,42,1,5.426463842391968
3601,sigv,43,1,5.678661108016968
3602,sigv,44,1,6.148390531539917
3603,sigv,45,1,6.080425977706909
3604,sigv,46,1,5.899267673492432
3605,sigv,47,-1,5.884066104888916
3606,sigv,48,-1,5.983525037765503
3607,sigv,49,-1,6.107399225234985
3608,sigv,50,1,5.7153167724609375
3609,sigv,51,-1,5.989167213439941
3610,sigv,52,1,5.925207138061523
3611,sigv,53,1,5.954740047454834
3612,sigv,54,-1,5.5582497119903564
3613,sigv,55,1,6.175017833709717
3614,sigv,56,1,6.1212499141693115
3615,sigv,57,1,5.938313722610474
3616,sigv,58,1,6.325226783752441
3617,sigv,59,1,5.500771999359131
3618,sigv,60,1,5.871849298477173
3619,sigv,61,1,5.7912304401397705
3620,sigv,62,1,5.711193084716797
3621,sigv,63,1,5.629040241241455
3622,sigv,64,1,5.925059080123901
3623,sigv,65,1,6.51958441734314
3624,sigv,66,1,5.8440680503845215
3625,sigv,67,1,6.143635988235474
3626,sigv,68,1,6.022265672683716
3627,sigv,69,1,5.7263476848602295
3628,sigv,70,1,5.822790145874023
3629,sigv,71,1,5.712965726852417
3630,sigv,72,1,6.056978940963745
3631,sigv,73,1,6.7491302490234375
3632,sigv,74,-1,5.8369526863098145
3633,sigv,75,1,5.997442722320557
3634,sigv,76,-1,6.624048233032227
3635,sigv,77,1,5.965031385421753
3636,sigv,78,1,5.625101804733276
3637,sigv,79,1,6.5223517417907715
3638,sigv,80,-1,5.992299556732178
3639,sigv,81,1,5.501519441604614
3640,sigv,82,1,6.691789627075195
3641,sigv,83,1,5.7610414028167725
3642,sigv,84,1,5.917562961578369
3643,sigv,85,1,6.1002278327941895
3644,sigv,86,1,6.045508146286011
3645,sigv,87,1,6.22705602645874
3646,sigv,88,1,6.150247812271118
3647,sigv,89,1,6.323249816894531
3648,sigv,90,1,5.771961450576782
3649,sigv,91,1,5.9029221534729
3650,sigv,92,-1,5.594835042953491
3651,sigv,93,1,6.235237121582031
3652,sigv,94,1,5.48296046257019
3653,sigv,95,1,5.968987703323364
3654,sigv,96,1,6.043712854385376
3655,sigv,97,1,5.793856143951416
3656,sigv,98,1,5.6236772537231445
3657,sigv,99,1,6.150855779647827
3658,sigv,100,-1,6.18483829498291
3659,rbfv,1,1,5.772980451583862
3660,rbfv,2,1,5.863777160644531
3661,rbfv,3,1,5.5279741287231445
3662,rbfv,4,1,6.125968933105469
3663,rbfv,5,1,5.453562021255493
3664,rbfv,6,1,6.069528341293335
3665,rbfv,7,1,5.562094449996948
3666,rbfv,8,1,5.797246932983398
3667,rbfv,9,1,6.280975580215454
3668,rbfv,10,1,5.309172868728638
3669,rbfv,11,1,6.265629529953003
3670,rbfv,12,1,5.566039800643921
3671,rbfv,13,1,6.2765421867370605
3672,rbfv,14,1,5.8167150020599365
3673,rbfv,15,1,5.817669630050659
3674,rbfv,16,1,5.466443777084351
3675,rbfv,17,-1,5.9611194133758545
3676,rbfv,18,1,5.8592634201049805
3677,rbfv,19,1,5.992624282836914
3678,rbfv,20,1,8.581427335739136
3679,rbfv,21,1,6.784882545471191
3680,rbfv,22,-1,5.641752004623413
3681,rbfv,23,-1,7.585903167724609
3682,rbfv,24,1,8.174821615219116
3683,rbfv,25,1,8.305076599121094
3684,rbfv,26,1,9.161463975906372
3685,rbfv,27,1,8.555779933929443
3686,rbfv,28,1,6.998669862747192
3687,rbfv,29,1,5.348779201507568
3688,rbfv,30,1,6.834846019744873
3689,rbfv,31,-1,7.268195867538452
3690,rbfv,32,1,5.910112380981445
3691,rbfv,33,1,7.738240480422974
3692,rbfv,34,1,7.149661302566528
3693,rbfv,35,1,7.6754539012908936
3694,rbfv,36,1,9.061930656433105
3695,rbfv,37,1,9.192728042602539
3696,rbfv,38,1,8.894392251968384
3697,rbfv,39,1,8.663413763046265
3698,rbfv,40,1,8.539803266525269
3699,rbfv,41,1,8.506179332733154
3700,rbfv,42,-1,8.338886022567749
3701,rbfv,43,1,8.250141620635986
3702,rbfv,44,1,8.514279127120972
3703,rbfv,45,1,8.371825695037842
3704,rbfv,46,1,7.650226593017578
3705,rbfv,47,1,8.484032154083252
3706,rbfv,48,1,8.357977628707886
3707,rbfv,49,1,8.23814344406128
3708,rbfv,50,1,8.641560316085815
3709,rbfv,51,-1,7.856292724609375
3710,rbfv,52,1,6.6914660930633545
3711,rbfv,53,1,8.821742296218872
3712,rbfv,54,1,8.795037269592285
3713,rbfv,55,1,8.614309072494507
3714,rbfv,56,1,8.53940486907959
3715,rbfv,57,1,7.452486991882324
3716,rbfv,58,1,8.901193857192993
3717,rbfv,59,-1,7.060384750366211
3718,rbfv,60,1,9.354601860046387
3719,rbfv,61,1,8.703195810317993
3720,rbfv,62,1,8.975152254104614
3721,rbfv,63,1,7.660791635513306
3722,rbfv,64,1,8.584457874298096
3723,rbfv,65,1,8.681753873825073
3724,rbfv,66,1,8.51925253868103
3725,rbfv,67,-1,7.811101913452148
3726,rbfv,68,-1,6.7953455448150635
3727,rbfv,69,1,5.340277910232544
3728,rbfv,70,1,6.851982831954956
3729,rbfv,71,1,6.843147039413452
3730,rbfv,72,1,6.772192478179932
3731,rbfv,73,-1,5.053816795349121
3732,rbfv,74,1,6.99395227432251
3733,rbfv,75,1,8.118757486343384
3734,rbfv,76,1,8.85105013847351
3735,rbfv,77,1,8.84653091430664
3736,rbfv,78,-1,8.838887929916382
3737,rbfv,79,-1,8.766843557357788
3738,rbfv,80,1,8.8200364112854
3739,rbfv,81,1,8.240837574005127
3740,rbfv,82,1,8.001176834106445
3741,rbfv,83,-1,8.962082386016846
3742,rbfv,84,1,8.334501504898071
3743,rbfv,85,-1,8.899768352508545
3744,rbfv,86,1,8.04724383354187
3745,rbfv,87,1,8.866978168487549
3746,rbfv,88,1,7.970277786254883
3747,rbfv,89,1,5.257592439651489
3748,rbfv,90,1,8.165506601333618
3749,rbfv,91,1,7.725790977478027
3750,rbfv,92,1,7.610363006591797
3751,rbfv,93,1,7.775390148162842
3752,rbfv,94,1,8.566591739654541
3753,rbfv,95,1,7.182310581207275
3754,rbfv,96,-1,8.907333374023438
3755,rbfv,97,1,7.9708092212677
3756,rbfv,98,-1,8.455057621002197
3757,rbfv,99,1,8.728438377380371
3758,rbfv,100,1,8.386282920837402
3759,nnv,1,1,8.645716428756714
3760,nnv,2,1,7.5064685344696045
3761,nnv,3,1,7.514927864074707
3762,nnv,4,1,7.903812885284424
3763,nnv,5,1,5.159191370010376
3764,nnv,6,1,7.55378270149231
3765,nnv,7,1,7.123316049575806
3766,nnv,8,1,7.469480991363525
3767,nnv,9,-1,7.984225034713745
3768,nnv,10,1,7.59421443939209
3769,nnv,11,1,6.594009876251221
3770,nnv,12,-1,5.415331840515137
3771,nnv,13,1,5.228939771652222
3772,nnv,14,1,5.302696943283081
3773,nnv,15,-1,5.287096977233887
3774,nnv,16,-1,6.631415605545044
3775,nnv,17,1,6.084890604019165
3776,nnv,18,-1,6.291813135147095
3777,nnv,19,1,7.40584921836853
3778,nnv,20,1,8.32953429222107
3779,nnv,21,1,9.05574917793274
3780,nnv,22,1,5.175914525985718
3781,nnv,23,1,6.420781850814819
3782,nnv,24,1,8.186917304992676
3783,nnv,25,-1,5.157605409622192
3784,nnv,26,1,5.016959190368652
3785,nnv,27,1,7.763935565948486
3786,nnv,28,1,6.413211822509766
3787,nnv,29,1,6.3682005405426025
3788,nnv,30,1,7.285149097442627
3789,nnv,31,1,7.012048244476318
3790,nnv,32,1,5.3259193897247314
3791,nnv,33,1,7.646235942840576
3792,nnv,34,1,5.983069181442261
3793,nnv,35,1,5.104272127151489
3794,nnv,36,1,5.012944936752319
3795,nnv,37,-1,5.125922203063965
3796,nnv,38,1,8.487051725387573
3797,nnv,39,-1,8.26395058631897
3798,nnv,40,1,8.692851781845093
3799,nnv,41,1,8.245255708694458
3800,nnv,42,1,8.71563172340393
3801,nnv,43,1,8.812952756881714
3802,nnv,44,1,8.576636791229248
3803,nnv,45,1,7.512704849243164
3804,nnv,46,1,8.588083267211914
3805,nnv,47,1,8.377389669418335
3806,nnv,48,1,6.271205425262451
3807,nnv,49,-1,5.71890664100647
3808,nnv,50,1,8.547319650650024
3809,nnv,51,1,8.591065883636475
3810,nnv,52,-1,5.927809238433838
3811,nnv,53,1,5.161977529525757
3812,nnv,54,1,7.212900876998901
3813,nnv,55,1,9.356302499771118
3814,nnv,56,1,9.266841411590576
3815,nnv,57,-1,8.84477686882019
3816,nnv,58,1,6.7900776863098145
3817,nnv,59,1,7.05607271194458
3818,nnv,60,1,9.286001682281494
3819,nnv,61,1,8.865329265594482
3820,nnv,62,1,9.076536655426025
3821,nnv,63,-1,7.9959328174591064
3822,nnv,64,1,8.95372486114502
3823,nnv,65,1,7.511703252792358
3824,nnv,66,1,8.413164138793945
3825,nnv,67,1,8.382896423339844
3826,nnv,68,1,8.754254817962646
3827,nnv,69,1,5.19713020324707
3828,nnv,70,1,5.114377498626709
3829,nnv,71,1,5.090768575668335
3830,nnv,72,1,5.554603815078735
3831,nnv,73,1,8.234778642654419
3832,nnv,74,1,8.77393126487732
3833,nnv,75,1,8.19501519203186
3834,nnv,76,1,8.609818458557129
3835,nnv,77,1,8.064298629760742
3836,nnv,78,1,8.472416400909424
3837,nnv,79,1,8.661784410476685
3838,nnv,80,1,8.481890439987183
3839,nnv,81,1,6.800767421722412
3840,nnv,82,1,5.131666660308838
3841,nnv,83,1,8.925896406173706
3842,nnv,84,1,7.503600358963013
3843,nnv,85,1,8.550435781478882
3844,nnv,86,-1,7.479665040969849
3845,nnv,87,1,6.914430141448975
3846,nnv,88,1,7.707226037979126
3847,nnv,89,1,5.139249801635742
3848,nnv,90,1,5.180659055709839
3849,nnv,91,1,5.2347564697265625
3850,nnv,92,1,5.180113077163696
3851,nnv,93,1,5.225860595703125
3852,nnv,94,1,5.317927837371826
3853,nnv,95,1,7.707319974899292
3854,nnv,96,1,7.608834981918335
3855,nnv,97,1,8.359862565994263
3856,nnv,98,1,8.962812423706055
3857,nnv,99,1,7.179092645645142
3858,nnv,100,1,7.2771759033203125
