,dataset_id,pair_id,direction,delta_time
0,an,1,1,10.285003662109375
1,an,2,1,8.990851402282715
2,an,3,1,9.581423282623291
3,an,4,1,8.775606870651245
4,an,5,1,7.683301687240601
5,an,6,1,9.41461968421936
6,an,7,1,8.465430974960327
7,an,8,1,9.066004514694214
8,an,9,1,5.8013715744018555
9,an,10,1,5.9159345626831055
10,an,11,1,6.80093240737915
11,an,12,1,9.380294561386108
12,an,13,1,8.72822093963623
13,an,14,1,8.772409677505493
14,an,15,1,8.984483003616333
15,an,16,1,8.293538093566895
16,an,17,1,5.829294681549072
17,an,18,-1,5.81070876121521
18,an,19,1,7.028948068618774
19,an,20,1,6.049952745437622
20,an,21,1,6.530108213424683
21,an,22,1,5.798757314682007
22,an,23,1,5.80789589881897
23,an,24,1,5.780524253845215
24,an,25,1,5.785154581069946
25,an,26,1,6.415021181106567
26,an,27,1,5.789008855819702
27,an,28,1,5.8303139209747314
28,an,29,1,5.765232801437378
29,an,30,1,5.760658025741577
30,an,31,1,5.819032430648804
31,an,32,-1,10.425337076187134
32,an,33,1,7.74422025680542
33,an,34,1,10.119408130645752
34,an,35,1,8.85408329963684
35,an,36,1,8.05271291732788
36,an,37,-1,8.687201023101807
37,an,38,-1,8.540436267852783
38,an,39,1,7.167861461639404
39,an,40,1,7.7161195278167725
40,an,41,1,6.805438756942749
41,an,42,1,5.861418962478638
42,an,43,1,5.69796347618103
43,an,44,1,5.715707540512085
44,an,45,1,5.762739658355713
45,an,46,1,5.756760358810425
46,an,47,1,5.70000433921814
47,an,48,1,7.754695653915405
48,an,49,1,9.28270149230957
49,an,50,1,8.525221586227417
50,an,51,1,6.852454662322998
51,an,52,1,5.741880893707275
52,an,53,1,6.025817155838013
53,an,54,1,6.139385938644409
54,an,55,1,5.6382222175598145
55,an,56,1,7.795397520065308
56,an,57,1,7.200100421905518
57,an,58,1,5.443125009536743
58,an,59,1,7.7704222202301025
59,an,60,1,5.526388883590698
60,an,61,1,5.52977442741394
61,an,62,1,5.550135850906372
62,an,63,1,5.516139268875122
63,an,64,1,5.522552728652954
64,an,65,1,5.548444986343384
65,an,66,1,7.009026050567627
66,an,67,1,5.623179197311401
67,an,68,1,5.511554479598999
68,an,69,1,5.552612781524658
69,an,70,1,5.4862141609191895
70,an,71,1,5.9126129150390625
71,an,72,1,7.757910490036011
72,an,73,1,7.469626426696777
73,an,74,1,9.42971158027649
74,an,75,1,9.036041498184204
75,an,76,-1,9.421769380569458
76,an,77,1,8.725959539413452
77,an,78,1,9.08839726448059
78,an,79,1,9.277461051940918
79,an,80,1,8.370364904403687
80,an,81,1,8.944679975509644
81,an,82,1,8.614760160446167
82,an,83,1,6.22056245803833
83,an,84,1,6.4580237865448
84,an,85,1,5.648870229721069
85,an,86,1,5.681992769241333
86,an,87,-1,5.64498496055603
87,an,88,1,8.481838703155518
88,an,89,1,6.533382415771484
89,an,90,1,9.280330657958984
90,an,91,1,9.005616426467896
91,an,92,1,8.974025249481201
92,an,93,1,9.34410309791565
93,an,94,1,7.584843397140503
94,an,95,1,7.12339448928833
95,an,96,1,9.48771357536316
96,an,97,1,8.648136138916016
97,an,98,1,5.596831321716309
98,an,99,1,5.625036239624023
99,an,100,1,5.6782310009002686
100,ans,1,1,7.946005344390869
101,ans,2,-1,9.39211130142212
102,ans,3,1,8.760114431381226
103,ans,4,-1,7.728740692138672
104,ans,5,1,8.5570969581604
105,ans,6,1,7.685310363769531
106,ans,7,1,8.282200813293457
107,ans,8,1,9.379104852676392
108,ans,9,-1,9.286738634109497
109,ans,10,1,8.975709438323975
110,ans,11,1,8.773606300354004
111,ans,12,1,9.287330865859985
112,ans,13,1,8.53022813796997
113,ans,14,1,7.734477281570435
114,ans,15,1,5.498705863952637
115,ans,16,1,5.56415867805481
116,ans,17,1,5.348473310470581
117,ans,18,1,5.502477169036865
118,ans,19,-1,7.6542041301727295
119,ans,20,1,5.476091146469116
120,ans,21,1,6.8176281452178955
121,ans,22,1,6.527893543243408
122,ans,23,1,6.346512794494629
123,ans,24,1,7.911638975143433
124,ans,25,1,6.124545574188232
125,ans,26,1,6.3650689125061035
126,ans,27,1,8.208756923675537
127,ans,28,1,8.34335708618164
128,ans,29,1,8.94683289527893
129,ans,30,1,8.133471727371216
130,ans,31,1,9.17036485671997
131,ans,32,1,9.301022291183472
132,ans,33,-1,8.277630090713501
133,ans,34,1,8.935091972351074
134,ans,35,1,7.633163213729858
135,ans,36,-1,6.625535011291504
136,ans,37,-1,9.177555084228516
137,ans,38,1,6.994534254074097
138,ans,39,1,9.261971950531006
139,ans,40,-1,7.827681541442871
140,ans,41,1,7.335041046142578
141,ans,42,1,8.842956304550171
142,ans,43,-1,8.652623176574707
143,ans,44,1,8.68688702583313
144,ans,45,1,7.136742830276489
145,ans,46,1,7.6046013832092285
146,ans,47,1,6.892150640487671
147,ans,48,1,6.402052879333496
148,ans,49,1,6.35477089881897
149,ans,50,-1,9.248080968856812
150,ans,51,1,7.669396162033081
151,ans,52,1,5.528332948684692
152,ans,53,1,6.746187210083008
153,ans,54,-1,5.796194314956665
154,ans,55,-1,5.587701320648193
155,ans,56,1,7.238255262374878
156,ans,57,1,8.442249536514282
157,ans,58,1,8.721301555633545
158,ans,59,-1,9.029633283615112
159,ans,60,-1,9.075878620147705
160,ans,61,1,8.76564884185791
161,ans,62,1,9.893178701400757
162,ans,63,-1,5.988381862640381
163,ans,64,1,5.764648914337158
164,ans,65,1,5.572473526000977
165,ans,66,1,5.483767032623291
166,ans,67,1,5.80953574180603
167,ans,68,1,5.806789398193359
168,ans,69,1,5.788379430770874
169,ans,70,1,5.738114356994629
170,ans,71,1,5.994525671005249
171,ans,72,1,9.858434200286865
172,ans,73,1,8.84829592704773
173,ans,74,1,8.151057004928589
174,ans,75,1,9.218771934509277
175,ans,76,1,9.083317995071411
176,ans,77,1,8.895028591156006
177,ans,78,1,8.828185081481934
178,ans,79,-1,7.176021099090576
179,ans,80,-1,8.619465351104736
180,ans,81,1,8.99329137802124
181,ans,82,1,9.287798881530762
182,ans,83,1,9.460893630981445
183,ans,84,1,8.784191131591797
184,ans,85,1,7.860577821731567
185,ans,86,1,7.703453779220581
186,ans,87,1,8.60871410369873
187,ans,88,1,9.43431806564331
188,ans,89,-1,8.722883224487305
189,ans,90,1,9.671706438064575
190,ans,91,-1,8.094900608062744
191,ans,92,1,8.75044846534729
192,ans,93,-1,9.348552227020264
193,ans,94,1,9.092710018157959
194,ans,95,1,7.387643337249756
195,ans,96,1,7.949083566665649
196,ans,97,-1,8.358742952346802
197,ans,98,1,7.840872764587402
198,ans,99,1,8.793561935424805
199,ans,100,1,8.801959037780762
200,ls,1,-1,5.804259300231934
201,ls,2,1,5.7650651931762695
202,ls,3,1,6.6210081577301025
203,ls,4,1,9.566744565963745
204,ls,5,1,9.41267704963684
205,ls,6,1,10.414259672164917
206,ls,7,-1,5.861762046813965
207,ls,8,1,8.329233169555664
208,ls,9,1,5.751723051071167
209,ls,10,-1,5.691361665725708
210,ls,11,1,5.739934921264648
211,ls,12,-1,7.777388572692871
212,ls,13,-1,6.739046812057495
213,ls,14,1,7.3785693645477295
214,ls,15,1,9.117915153503418
215,ls,16,1,9.0271315574646
216,ls,17,-1,9.32327675819397
217,ls,18,1,9.240324020385742
218,ls,19,1,5.65423583984375
219,ls,20,1,5.977219581604004
220,ls,21,-1,7.115650415420532
221,ls,22,1,8.999802827835083
222,ls,23,1,6.886322021484375
223,ls,24,1,8.843230962753296
224,ls,25,-1,9.009189367294312
225,ls,26,1,6.84946346282959
226,ls,27,1,6.531636476516724
227,ls,28,-1,8.87739896774292
228,ls,29,1,9.624563455581665
229,ls,30,-1,9.494246244430542
230,ls,31,1,9.255693674087524
231,ls,32,-1,8.14265775680542
232,ls,33,1,8.794923782348633
233,ls,34,-1,8.611545085906982
234,ls,35,1,7.882280349731445
235,ls,36,1,9.014134407043457
236,ls,37,1,7.617931127548218
237,ls,38,1,7.973116636276245
238,ls,39,-1,7.30217719078064
239,ls,40,-1,7.2217161655426025
240,ls,41,1,7.051638126373291
241,ls,42,1,8.074705123901367
242,ls,43,1,7.018754720687866
243,ls,44,1,6.4878010749816895
244,ls,45,1,8.81873083114624
245,ls,46,1,7.383769512176514
246,ls,47,-1,7.345141649246216
247,ls,48,-1,9.40769338607788
248,ls,49,-1,8.478579044342041
249,ls,50,1,8.896331548690796
250,ls,51,1,7.070706605911255
251,ls,52,1,6.627776622772217
252,ls,53,1,8.124221801757812
253,ls,54,1,7.9879631996154785
254,ls,55,1,9.012975215911865
255,ls,56,1,8.0825936794281
256,ls,57,-1,7.966677665710449
257,ls,58,1,8.399306774139404
258,ls,59,1,8.39514708518982
259,ls,60,-1,6.9681196212768555
260,ls,61,-1,6.032840728759766
261,ls,62,-1,8.26839303970337
262,ls,63,1,8.651182174682617
263,ls,64,1,7.8861870765686035
264,ls,65,1,5.667591094970703
265,ls,66,1,5.7176878452301025
266,ls,67,1,5.739360332489014
267,ls,68,1,5.79127311706543
268,ls,69,1,7.94654655456543
269,ls,70,1,5.7143378257751465
270,ls,71,1,5.64953351020813
271,ls,72,-1,7.86031699180603
272,ls,73,-1,6.107799530029297
273,ls,74,-1,8.60516619682312
274,ls,75,1,9.663062810897827
275,ls,76,1,7.1711344718933105
276,ls,77,-1,7.38250732421875
277,ls,78,1,8.846908330917358
278,ls,79,1,6.654531478881836
279,ls,80,1,5.674389600753784
280,ls,81,1,5.717389822006226
281,ls,82,1,5.666100025177002
282,ls,83,-1,5.681030511856079
283,ls,84,1,5.806239604949951
284,ls,85,1,5.700119972229004
285,ls,86,1,5.815173149108887
286,ls,87,1,6.913151979446411
287,ls,88,1,7.2347731590271
288,ls,89,1,5.895577669143677
289,ls,90,1,7.974066257476807
290,ls,91,1,10.185505867004395
291,ls,92,1,9.251187801361084
292,ls,93,-1,5.737623453140259
293,ls,94,1,5.831808805465698
294,ls,95,1,5.726378440856934
295,ls,96,-1,5.651819944381714
296,ls,97,1,6.433270692825317
297,ls,98,-1,8.850402355194092
298,ls,99,-1,8.788857460021973
299,ls,100,-1,8.553921937942505
300,lss,1,1,6.269426584243774
301,lss,2,1,8.327731370925903
302,lss,3,1,8.858786582946777
303,lss,4,1,9.183220386505127
304,lss,5,1,8.849851608276367
305,lss,6,1,9.551525354385376
306,lss,7,1,8.85250473022461
307,lss,8,1,6.278230905532837
308,lss,9,1,5.649156808853149
309,lss,10,-1,5.909598112106323
310,lss,11,1,5.604380369186401
311,lss,12,1,8.367501258850098
312,lss,13,-1,9.039960145950317
313,lss,14,1,8.145391464233398
314,lss,15,1,8.57090950012207
315,lss,16,1,9.677866220474243
316,lss,17,1,9.856040000915527
317,lss,18,1,8.540380001068115
318,lss,19,1,9.663912534713745
319,lss,20,1,8.80537223815918
320,lss,21,1,7.714739084243774
321,lss,22,1,8.28190279006958
322,lss,23,1,8.444808959960938
323,lss,24,1,8.4757821559906
324,lss,25,1,8.68566107749939
325,lss,26,1,8.190805673599243
326,lss,27,1,7.955485105514526
327,lss,28,1,5.776146173477173
328,lss,29,1,7.188660383224487
329,lss,30,-1,7.350204706192017
330,lss,31,1,5.7717790603637695
331,lss,32,1,5.557733535766602
332,lss,33,1,8.29121446609497
333,lss,34,1,5.678667783737183
334,lss,35,-1,5.696644306182861
335,lss,36,1,5.5413336753845215
336,lss,37,1,5.773332834243774
337,lss,38,1,8.723737001419067
338,lss,39,1,8.330051183700562
339,lss,40,1,8.28541350364685
340,lss,41,1,6.673745155334473
341,lss,42,-1,8.598037481307983
342,lss,43,1,7.993081331253052
343,lss,44,1,9.42399287223816
344,lss,45,1,9.454980850219727
345,lss,46,1,5.6188905239105225
346,lss,47,-1,5.673556804656982
347,lss,48,1,5.532251358032227
348,lss,49,1,5.745011329650879
349,lss,50,1,6.392641544342041
350,lss,51,1,8.985395193099976
351,lss,52,1,5.737832069396973
352,lss,53,1,5.97390079498291
353,lss,54,1,6.855823993682861
354,lss,55,1,7.543168067932129
355,lss,56,1,5.977694272994995
356,lss,57,-1,5.634863615036011
357,lss,58,1,5.674909830093384
358,lss,59,-1,5.834822654724121
359,lss,60,1,8.672863483428955
360,lss,61,1,10.181429386138916
361,lss,62,1,5.500243902206421
362,lss,63,1,5.763074636459351
363,lss,64,1,7.142723560333252
364,lss,65,1,9.019047498703003
365,lss,66,-1,6.1135640144348145
366,lss,67,1,7.1643688678741455
367,lss,68,-1,8.389126300811768
368,lss,69,1,9.676047801971436
369,lss,70,1,9.707705736160278
370,lss,71,1,9.260465383529663
371,lss,72,1,9.821215391159058
372,lss,73,1,8.646499395370483
373,lss,74,1,7.03507924079895
374,lss,75,1,6.308396100997925
375,lss,76,1,5.612011909484863
376,lss,77,-1,7.305871963500977
377,lss,78,1,9.239377975463867
378,lss,79,1,9.340633630752563
379,lss,80,1,7.747663259506226
380,lss,81,1,8.278367042541504
381,lss,82,1,8.644442081451416
382,lss,83,1,5.7806925773620605
383,lss,84,-1,8.869859457015991
384,lss,85,1,7.338167905807495
385,lss,86,1,8.450110912322998
386,lss,87,1,6.722877502441406
387,lss,88,1,5.705821514129639
388,lss,89,1,5.67255711555481
389,lss,90,1,7.851861238479614
390,lss,91,1,5.630265474319458
391,lss,92,1,5.603105306625366
392,lss,93,1,5.785887002944946
393,lss,94,-1,5.979933023452759
394,lss,95,1,9.422740697860718
395,lss,96,1,6.900951385498047
396,lss,97,-1,9.186140537261963
397,lss,98,1,9.339167833328247
398,lss,99,1,8.651305437088013
399,lss,100,1,6.750674724578857
400,mnu,1,1,5.842518091201782
401,mnu,2,1,6.259380340576172
402,mnu,3,1,6.461177825927734
403,mnu,4,-1,5.81072998046875
404,mnu,5,1,7.27965235710144
405,mnu,6,-1,8.646801948547363
406,mnu,7,1,8.769154787063599
407,mnu,8,1,8.526670694351196
408,mnu,9,1,8.468513488769531
409,mnu,10,1,7.556223630905151
410,mnu,11,-1,7.5170838832855225
411,mnu,12,1,7.372044801712036
412,mnu,13,-1,7.94028377532959
413,mnu,14,1,7.452096939086914
414,mnu,15,1,9.495246410369873
415,mnu,16,1,8.454988241195679
416,mnu,17,-1,7.736744403839111
417,mnu,18,1,9.40662431716919
418,mnu,19,1,9.083121061325073
419,mnu,20,1,9.364198207855225
420,mnu,21,1,6.774672508239746
421,mnu,22,1,7.473078012466431
422,mnu,23,1,7.5049920082092285
423,mnu,24,1,7.011130094528198
424,mnu,25,1,7.726797103881836
425,mnu,26,-1,8.049684047698975
426,mnu,27,1,9.074676513671875
427,mnu,28,1,8.736991167068481
428,mnu,29,-1,10.063607931137085
429,mnu,30,-1,8.922573566436768
430,mnu,31,1,8.461749792098999
431,mnu,32,-1,5.988375902175903
432,mnu,33,1,6.997526407241821
433,mnu,34,-1,6.686753511428833
434,mnu,35,1,6.619845151901245
435,mnu,36,-1,7.545417785644531
436,mnu,37,1,7.906511068344116
437,mnu,38,1,7.3995490074157715
438,mnu,39,1,9.387648105621338
439,mnu,40,1,9.611273050308228
440,mnu,41,1,9.662328720092773
441,mnu,42,1,6.2570202350616455
442,mnu,43,-1,7.752045392990112
443,mnu,44,-1,7.186802864074707
444,mnu,45,1,9.215047359466553
445,mnu,46,-1,9.050431966781616
446,mnu,47,-1,8.814319372177124
447,mnu,48,1,7.012756586074829
448,mnu,49,-1,8.148501873016357
449,mnu,50,-1,7.499208688735962
450,mnu,51,1,5.563267469406128
451,mnu,52,1,5.5931620597839355
452,mnu,53,1,8.912711381912231
453,mnu,54,1,8.222031831741333
454,mnu,55,1,9.239287853240967
455,mnu,56,1,7.687004327774048
456,mnu,57,1,9.085503339767456
457,mnu,58,-1,8.508076906204224
458,mnu,59,-1,8.867327690124512
459,mnu,60,1,9.155644416809082
460,mnu,61,1,8.370828866958618
461,mnu,62,1,9.053622007369995
462,mnu,63,1,9.080151557922363
463,mnu,64,1,9.225820064544678
464,mnu,65,-1,9.01255464553833
465,mnu,66,1,9.640331268310547
466,mnu,67,1,8.539956331253052
467,mnu,68,1,9.03586745262146
468,mnu,69,1,9.359539031982422
469,mnu,70,1,9.23115873336792
470,mnu,71,-1,8.572807550430298
471,mnu,72,1,7.033750534057617
472,mnu,73,-1,5.712876319885254
473,mnu,74,-1,5.771094083786011
474,mnu,75,1,5.714704990386963
475,mnu,76,1,5.694181203842163
476,mnu,77,1,5.732384920120239
477,mnu,78,1,5.700345277786255
478,mnu,79,1,5.712624788284302
479,mnu,80,1,5.802191495895386
480,mnu,81,1,7.894306182861328
481,mnu,82,-1,7.6548261642456055
482,mnu,83,-1,6.491002559661865
483,mnu,84,1,7.432608127593994
484,mnu,85,-1,7.043672323226929
485,mnu,86,1,6.577792406082153
486,mnu,87,-1,6.4457502365112305
487,mnu,88,1,6.540070295333862
488,mnu,89,1,6.131826162338257
489,mnu,90,1,7.8632426261901855
490,mnu,91,1,7.758554458618164
491,mnu,92,1,7.05738639831543
492,mnu,93,1,6.990216255187988
493,mnu,94,1,7.183197975158691
494,mnu,95,1,8.057463884353638
495,mnu,96,1,8.952290773391724
496,mnu,97,1,8.223664283752441
497,mnu,98,-1,8.356870889663696
498,mnu,99,1,8.915467262268066
499,mnu,100,-1,8.204941272735596
500,sim,1,-1,8.342573165893555
501,sim,2,1,7.8760881423950195
502,sim,3,1,8.425905466079712
503,sim,4,1,7.363466262817383
504,sim,5,1,7.607498645782471
505,sim,6,-1,7.536754608154297
506,sim,7,1,9.548861980438232
507,sim,8,1,8.863769292831421
508,sim,9,-1,8.172587633132935
509,sim,10,1,9.169631481170654
510,sim,11,-1,9.472973823547363
511,sim,12,-1,9.850204944610596
512,sim,13,1,9.247689008712769
513,sim,14,1,7.330207586288452
514,sim,15,1,8.412219762802124
515,sim,16,-1,9.36506962776184
516,sim,17,1,8.89949107170105
517,sim,18,1,8.766908884048462
518,sim,19,1,7.900418758392334
519,sim,20,1,7.367397785186768
520,sim,21,1,7.909251689910889
521,sim,22,-1,8.521301031112671
522,sim,23,1,6.063591957092285
523,sim,24,-1,5.76134467124939
524,sim,25,1,5.786742210388184
525,sim,26,-1,5.952357769012451
526,sim,27,1,5.7403950691223145
527,sim,28,1,5.595914602279663
528,sim,29,1,5.580169439315796
529,sim,30,1,5.6587183475494385
530,sim,31,1,5.2581117153167725
531,sim,32,1,5.895704984664917
532,sim,33,1,5.794527292251587
533,sim,34,-1,5.818561553955078
534,sim,35,1,5.581776142120361
535,sim,36,1,8.113596200942993
536,sim,37,1,7.034059524536133
537,sim,38,1,5.804055213928223
538,sim,39,-1,5.7453696727752686
539,sim,40,1,5.221603870391846
540,sim,41,-1,5.619057655334473
541,sim,42,1,5.8119611740112305
542,sim,43,1,6.972258567810059
543,sim,44,1,5.798301458358765
544,sim,45,1,5.479735851287842
545,sim,46,1,5.802161455154419
546,sim,47,1,5.8125715255737305
547,sim,48,1,5.816709995269775
548,sim,49,1,7.509915113449097
549,sim,50,-1,6.96422004699707
550,sim,51,1,7.7486326694488525
551,sim,52,1,9.882598161697388
552,sim,53,1,8.831684112548828
553,sim,54,-1,5.715485095977783
554,sim,55,1,5.950178623199463
555,sim,56,-1,7.612277269363403
556,sim,57,1,10.072068929672241
557,sim,58,1,5.7663843631744385
558,sim,59,-1,6.314160346984863
559,sim,60,1,6.901281833648682
560,sim,61,1,6.995810508728027
561,sim,62,1,8.549844741821289
562,sim,63,1,9.373410701751709
563,sim,64,1,8.428774118423462
564,sim,65,1,9.44762372970581
565,sim,66,1,7.1894659996032715
566,sim,67,1,5.614763498306274
567,sim,68,1,8.32375693321228
568,sim,69,1,6.74479079246521
569,sim,70,1,7.697311878204346
570,sim,71,1,7.786892652511597
571,sim,72,-1,9.464163303375244
572,sim,73,-1,9.625239610671997
573,sim,74,1,9.149706840515137
574,sim,75,1,8.349732398986816
575,sim,76,1,6.400406360626221
576,sim,77,1,8.821378946304321
577,sim,78,1,7.60127067565918
578,sim,79,1,7.982801675796509
579,sim,80,1,7.256692171096802
580,sim,81,1,7.3440563678741455
581,sim,82,1,6.633343696594238
582,sim,83,1,6.236130714416504
583,sim,84,1,7.233363389968872
584,sim,85,-1,5.884144067764282
585,sim,86,1,8.31814432144165
586,sim,87,1,9.340598106384277
587,sim,88,-1,7.284099817276001
588,sim,89,-1,8.437084197998047
589,sim,90,1,8.726512670516968
590,sim,91,1,8.4580659866333
591,sim,92,1,9.180896759033203
592,sim,93,1,6.997142314910889
593,sim,94,1,7.7273850440979
594,sim,95,1,5.867430210113525
595,sim,96,1,8.452062368392944
596,sim,97,1,10.192658185958862
597,sim,98,1,8.790799617767334
598,sim,99,1,9.29878544807434
599,sim,100,1,5.637251138687134
600,simc,1,1,9.268885374069214
601,simc,2,1,5.925713300704956
602,simc,3,1,5.698155641555786
603,simc,4,1,5.6273322105407715
604,simc,5,1,5.453803539276123
605,simc,6,1,5.629380226135254
606,simc,7,1,5.838635206222534
607,simc,8,1,5.8038623332977295
608,simc,9,1,8.422688484191895
609,simc,10,1,8.95617127418518
610,simc,11,-1,8.714963436126709
611,simc,12,1,5.847276449203491
612,simc,13,-1,5.504667520523071
613,simc,14,-1,7.881005764007568
614,simc,15,1,9.736592769622803
615,simc,16,1,7.0839927196502686
616,simc,17,1,8.984557390213013
617,simc,18,1,8.98860788345337
618,simc,19,1,5.827184438705444
619,simc,20,1,5.407894849777222
620,simc,21,-1,6.817096948623657
621,simc,22,1,8.375236988067627
622,simc,23,1,9.220502376556396
623,simc,24,-1,9.046411037445068
624,simc,25,1,8.322771787643433
625,simc,26,1,8.1952383518219
626,simc,27,1,8.963872194290161
627,simc,28,-1,8.808896780014038
628,simc,29,1,9.36850619316101
629,simc,30,1,7.70626974105835
630,simc,31,1,8.56400179862976
631,simc,32,1,9.298660039901733
632,simc,33,1,8.967838048934937
633,simc,34,1,5.664894342422485
634,simc,35,1,6.75337290763855
635,simc,36,-1,5.76124119758606
636,simc,37,1,5.783818006515503
637,simc,38,-1,8.12427282333374
638,simc,39,-1,5.814800500869751
639,simc,40,-1,5.76712703704834
640,simc,41,-1,6.24010157585144
641,simc,42,1,5.876043796539307
642,simc,43,1,5.569717884063721
643,simc,44,1,5.792548418045044
644,simc,45,1,5.902878761291504
645,simc,46,1,10.15676760673523
646,simc,47,1,10.230804681777954
647,simc,48,1,5.8108811378479
648,simc,49,1,5.9467785358428955
649,simc,50,1,6.41132926940918
650,simc,51,1,5.796808242797852
651,simc,52,1,6.3532395362854
652,simc,53,1,9.412991285324097
653,simc,54,1,6.953343152999878
654,simc,55,1,9.74083924293518
655,simc,56,1,9.352777242660522
656,simc,57,1,8.970577478408813
657,simc,58,1,7.992601156234741
658,simc,59,1,10.20884656906128
659,simc,60,-1,8.086581468582153
660,simc,61,-1,8.320816993713379
661,simc,62,-1,9.46304988861084
662,simc,63,-1,8.39009141921997
663,simc,64,1,9.144835472106934
664,simc,65,1,9.983325481414795
665,simc,66,1,9.464042901992798
666,simc,67,-1,9.08077335357666
667,simc,68,1,9.23185396194458
668,simc,69,1,7.468101739883423
669,simc,70,-1,9.990038394927979
670,simc,71,1,9.698463201522827
671,simc,72,1,9.57551097869873
672,simc,73,-1,6.3949174880981445
673,simc,74,1,5.714510679244995
674,simc,75,1,5.859236478805542
675,simc,76,1,5.785044193267822
676,simc,77,1,5.8951592445373535
677,simc,78,1,5.717290163040161
678,simc,79,1,5.659581899642944
679,simc,80,1,5.624678134918213
680,simc,81,-1,6.5623064041137695
681,simc,82,1,7.3266260623931885
682,simc,83,-1,9.317386150360107
683,simc,84,-1,8.417017936706543
684,simc,85,1,9.947942972183228
685,simc,86,1,8.577756881713867
686,simc,87,1,8.862054347991943
687,simc,88,-1,7.077487230300903
688,simc,89,-1,5.496173143386841
689,simc,90,1,8.78398871421814
690,simc,91,1,7.900777816772461
691,simc,92,1,9.095692157745361
692,simc,93,-1,6.783907651901245
693,simc,94,1,6.433880805969238
694,simc,95,1,7.096238851547241
695,simc,96,1,7.355109214782715
696,simc,97,-1,9.850731134414673
697,simc,98,-1,6.108066558837891
698,simc,99,1,8.339982509613037
699,simc,100,1,7.960667371749878
700,simg,1,1,8.73570442199707
701,simg,2,-1,6.657481908798218
702,simg,3,-1,7.943551063537598
703,simg,4,1,8.58413290977478
704,simg,5,1,9.116122722625732
705,simg,6,1,9.40297245979309
706,simg,7,1,9.227003812789917
707,simg,8,1,7.043234586715698
708,simg,9,-1,5.905349969863892
709,simg,10,-1,8.082399129867554
710,simg,11,1,8.261318683624268
711,simg,12,-1,7.766220808029175
712,simg,13,1,8.659213304519653
713,simg,14,1,7.8039093017578125
714,simg,15,1,9.27296257019043
715,simg,16,1,8.3600914478302
716,simg,17,1,8.081028938293457
717,simg,18,1,9.399359464645386
718,simg,19,1,10.061679363250732
719,simg,20,1,8.315569162368774
720,simg,21,-1,8.811338424682617
721,simg,22,-1,9.205819606781006
722,simg,23,1,8.554779291152954
723,simg,24,-1,7.44687032699585
724,simg,25,1,9.04793381690979
725,simg,26,1,9.028732061386108
726,simg,27,1,8.174536228179932
727,simg,28,-1,8.318687677383423
728,simg,29,1,8.175985097885132
729,simg,30,1,8.93636178970337
730,simg,31,-1,9.132026195526123
731,simg,32,1,6.293370246887207
732,simg,33,1,6.432769775390625
733,simg,34,-1,6.227705717086792
734,simg,35,-1,7.925466299057007
735,simg,36,1,7.841769695281982
736,simg,37,1,9.49795937538147
737,simg,38,1,8.912414312362671
738,simg,39,-1,7.688992500305176
739,simg,40,1,8.835644721984863
740,simg,41,1,9.367769002914429
741,simg,42,1,7.746171712875366
742,simg,43,1,5.462339639663696
743,simg,44,1,7.088011264801025
744,simg,45,1,7.289313077926636
745,simg,46,1,5.774371147155762
746,simg,47,1,7.666443109512329
747,simg,48,-1,6.564157485961914
748,simg,49,1,8.925904989242554
749,simg,50,1,8.927812576293945
750,simg,51,1,8.789188146591187
751,simg,52,1,8.221549034118652
752,simg,53,1,9.375012159347534
753,simg,54,1,7.54369330406189
754,simg,55,1,7.719252347946167
755,simg,56,1,8.023681879043579
756,simg,57,1,7.126875638961792
757,simg,58,1,5.800239324569702
758,simg,59,1,8.914271116256714
759,simg,60,1,6.941104412078857
760,simg,61,1,8.649818658828735
761,simg,62,1,10.653387784957886
762,simg,63,-1,8.915452003479004
763,simg,64,-1,9.63066554069519
764,simg,65,1,8.032109022140503
765,simg,66,1,5.507066011428833
766,simg,67,1,6.436899900436401
767,simg,68,1,7.0154948234558105
768,simg,69,-1,7.449886322021484
769,simg,70,-1,5.080547094345093
770,simg,71,-1,7.659374952316284
771,simg,72,1,7.66572117805481
772,simg,73,-1,8.006739616394043
773,simg,74,1,8.119060754776001
774,simg,75,1,6.92909836769104
775,simg,76,1,6.507275342941284
776,simg,77,1,9.537626028060913
777,simg,78,1,9.508419752120972
778,simg,79,1,8.771677017211914
779,simg,80,1,7.23785138130188
780,simg,81,1,10.396881818771362
781,simg,82,-1,5.900559425354004
782,simg,83,1,7.638280868530273
783,simg,84,1,7.792517185211182
784,simg,85,-1,9.243834972381592
785,simg,86,1,6.907822132110596
786,simg,87,1,7.244463682174683
787,simg,88,1,7.218287229537964
788,simg,89,1,8.058685302734375
789,simg,90,-1,6.953430652618408
790,simg,91,-1,7.110307693481445
791,simg,92,-1,8.047667980194092
792,simg,93,1,9.760960817337036
793,simg,94,-1,5.33151912689209
794,simg,95,1,6.232272148132324
795,simg,96,-1,7.394931793212891
796,simg,97,1,6.07406210899353
797,simg,98,-1,5.715844392776489
798,simg,99,1,6.598427772521973
799,simg,100,-1,7.360724449157715
800,simln,1,1,7.000280380249023
801,simln,2,1,6.982774496078491
802,simln,3,1,6.907428741455078
803,simln,4,1,9.467061519622803
804,simln,5,1,8.88007116317749
805,simln,6,1,8.963409423828125
806,simln,7,-1,9.075276613235474
807,simln,8,1,9.053014516830444
808,simln,9,-1,8.85289192199707
809,simln,10,1,8.24239706993103
810,simln,11,-1,6.3796093463897705
811,simln,12,-1,7.486418962478638
812,simln,13,1,9.1322181224823
813,simln,14,1,7.586365461349487
814,simln,15,-1,7.080915927886963
815,simln,16,1,6.514856815338135
816,simln,17,1,6.7185890674591064
817,simln,18,1,6.471453666687012
818,simln,19,1,6.765432834625244
819,simln,20,1,6.7566046714782715
820,simln,21,1,6.457174062728882
821,simln,22,1,7.2342376708984375
822,simln,23,1,6.415992736816406
823,simln,24,1,5.640165567398071
824,simln,25,1,6.258455276489258
825,simln,26,1,6.037688255310059
826,simln,27,1,5.934041261672974
827,simln,28,1,7.0155110359191895
828,simln,29,1,6.793603897094727
829,simln,30,1,6.067487478256226
830,simln,31,1,6.2643139362335205
831,simln,32,-1,7.065366268157959
832,simln,33,1,5.976827621459961
833,simln,34,-1,5.732495069503784
834,simln,35,1,5.939510345458984
835,simln,36,1,5.886969327926636
836,simln,37,1,5.935009241104126
837,simln,38,1,5.922113418579102
838,simln,39,-1,5.802134037017822
839,simln,40,-1,5.6179358959198
840,simln,41,-1,6.355723857879639
841,simln,42,-1,5.9142234325408936
842,simln,43,1,6.098487138748169
843,simln,44,1,7.380965232849121
844,simln,45,1,6.174083232879639
845,simln,46,1,5.873013019561768
846,simln,47,-1,6.619227409362793
847,simln,48,1,6.290151119232178
848,simln,49,-1,5.908049821853638
849,simln,50,1,6.854600191116333
850,simln,51,1,5.859812259674072
851,simln,52,1,5.747722148895264
852,simln,53,1,7.125826597213745
853,simln,54,1,6.141805171966553
854,simln,55,1,6.002604246139526
855,simln,56,-1,5.804283380508423
856,simln,57,1,6.676462650299072
857,simln,58,1,5.787249326705933
858,simln,59,1,5.584927320480347
859,simln,60,1,6.560185194015503
860,simln,61,1,6.631094217300415
861,simln,62,1,6.566699743270874
862,simln,63,1,5.972347259521484
863,simln,64,1,6.026695966720581
864,simln,65,1,6.02753472328186
865,simln,66,1,5.933896064758301
866,simln,67,1,5.918663501739502
867,simln,68,1,5.832457065582275
868,simln,69,1,6.3719401359558105
869,simln,70,1,6.775874614715576
870,simln,71,1,5.936149597167969
871,simln,72,1,5.8470563888549805
872,simln,73,1,5.893587827682495
873,simln,74,1,6.935045957565308
874,simln,75,1,6.6231091022491455
875,simln,76,1,6.2891762256622314
876,simln,77,1,5.509471893310547
877,simln,78,1,6.502392530441284
878,simln,79,1,6.466821670532227
879,simln,80,1,6.039632320404053
880,simln,81,-1,5.9669365882873535
881,simln,82,1,5.735816478729248
882,simln,83,1,5.968161344528198
883,simln,84,1,6.236393213272095
884,simln,85,-1,5.483458518981934
885,simln,86,1,6.56103253364563
886,simln,87,1,5.8581860065460205
887,simln,88,-1,6.7084057331085205
888,simln,89,1,5.660964012145996
889,simln,90,1,6.361974477767944
890,simln,91,1,6.575287342071533
891,simln,92,1,6.52346396446228
892,simln,93,1,6.3188796043396
893,simln,94,1,6.237614870071411
894,simln,95,-1,6.296758413314819
895,simln,96,1,6.289525747299194
896,simln,97,1,7.323635578155518
897,simln,98,1,6.067312240600586
898,simln,99,1,5.796753406524658
899,simln,100,1,5.980198383331299
900,tue,1,1,5.9038245677948
901,tue,2,-1,6.497538805007935
902,tue,3,1,6.193724870681763
903,tue,4,1,6.167748689651489
904,tue,5,-1,13.763212442398071
905,tue,6,-1,13.390514612197876
906,tue,7,1,13.625478267669678
907,tue,8,-1,13.219823598861694
908,tue,9,1,13.482734680175781
909,tue,10,1,13.301265239715576
910,tue,11,-1,12.789044857025146
911,tue,12,-1,16.630187511444092
912,tue,13,1,6.104443073272705
913,tue,14,-1,6.161043405532837
914,tue,15,1,6.073917388916016
915,tue,16,1,7.650774002075195
916,tue,17,1,15.747309923171997
917,tue,18,1,5.962105751037598
918,tue,19,1,6.052038192749023
919,tue,20,-1,6.212079763412476
920,tue,21,-1,6.972850561141968
921,tue,22,-1,6.081228494644165
922,tue,23,-1,5.998256683349609
923,tue,24,1,6.227045774459839
924,tue,25,-1,6.4771199226379395
925,tue,26,-1,6.289303541183472
926,tue,27,-1,6.352997779846191
927,tue,28,-1,7.063182830810547
928,tue,29,-1,6.042927026748657
929,tue,30,1,6.676389694213867
930,tue,31,-1,6.74429178237915
931,tue,32,-1,6.6587207317352295
932,tue,33,1,6.470581769943237
933,tue,34,-1,6.7256505489349365
934,tue,35,-1,6.717998027801514
935,tue,36,-1,6.1261773109436035
936,tue,37,1,5.8701136112213135
937,tue,38,-1,7.603928565979004
938,tue,39,1,6.277390003204346
939,tue,40,1,6.296786308288574
940,tue,41,-1,6.56997013092041
941,tue,42,1,28.109630584716797
942,tue,43,1,31.85202717781067
943,tue,44,-1,30.71283984184265
944,tue,45,-1,31.204238653182983
945,tue,46,1,31.1124324798584
946,tue,48,-1,6.458804368972778
947,tue,49,-1,6.420508623123169
948,tue,50,-1,5.9536333084106445
949,tue,51,-1,7.397401332855225
950,tue,56,-1,6.1773858070373535
951,tue,57,1,6.712762355804443
952,tue,58,-1,7.632531642913818
953,tue,59,1,6.806559324264526
954,tue,60,1,6.453585147857666
955,tue,61,1,6.7224860191345215
956,tue,62,1,6.830870628356934
957,tue,63,-1,6.296446323394775
958,tue,64,1,6.204720973968506
959,tue,65,1,7.153831243515015
960,tue,66,1,6.87250542640686
961,tue,67,-1,7.788648366928101
962,tue,68,1,6.206847667694092
963,tue,69,1,46.95464468002319
964,tue,72,-1,7.715781927108765
965,tue,73,-1,16.660240650177002
966,tue,74,-1,5.868380784988403
967,tue,75,-1,6.646078586578369
968,tue,76,1,6.309215307235718
969,tue,77,-1,26.039650440216064
970,tue,78,-1,7.084030628204346
971,tue,79,1,6.561428546905518
972,tue,80,-1,6.201556205749512
973,tue,81,-1,5.874428033828735
974,tue,82,-1,6.922842025756836
975,tue,83,1,7.139549255371094
976,tue,84,-1,9.570448875427246
977,tue,85,1,6.830934047698975
978,tue,86,-1,6.29742169380188
979,tue,87,-1,23.500595569610596
980,tue,88,1,5.996524333953857
981,tue,89,-1,5.853917837142944
982,tue,90,-1,6.320465326309204
983,tue,91,1,6.540033578872681
984,tue,92,-1,6.171128988265991
985,tue,93,-1,6.693858861923218
986,tue,94,1,28.99081015586853
987,tue,95,-1,28.800552368164062
988,tue,96,-1,28.761635065078735
989,tue,97,1,6.638270378112793
990,tue,98,1,6.418981552124023
991,tue,99,1,8.044884204864502
992,tue,100,1,6.653445243835449
993,tue,101,-1,7.277415037155151
994,tue,102,1,6.027070045471191
995,tue,103,1,6.349836111068726
996,tue,104,-1,6.091432809829712
997,tue,106,-1,6.256146669387817
998,tue,108,1,6.606510162353516
999,cha,1,-1,7.223229169845581
1000,cha,2,1,7.019899845123291
1001,cha,3,1,6.854102611541748
1002,cha,4,1,6.986452341079712
1003,cha,5,1,7.222376823425293
1004,cha,6,1,7.303382158279419
1005,cha,7,1,6.9207024574279785
1006,cha,8,1,6.874341726303101
1007,cha,9,-1,6.790801286697388
1008,cha,10,1,6.9214301109313965
1009,cha,11,-1,7.045886754989624
1010,cha,12,1,7.242309808731079
1011,cha,13,1,6.740152359008789
1012,cha,14,-1,6.638320446014404
1013,cha,15,1,6.907606363296509
1014,cha,16,1,7.195582628250122
1015,cha,17,1,7.371833801269531
1016,cha,18,-1,5.918743848800659
1017,cha,19,1,6.81523871421814
1018,cha,20,1,6.874759912490845
1019,cha,21,1,7.105032920837402
1020,cha,22,1,7.190535306930542
1021,cha,23,1,7.180942058563232
1022,cha,24,1,7.173694372177124
1023,cha,25,-1,7.109105825424194
1024,cha,26,1,6.248516798019409
1025,cha,27,1,8.034558534622192
1026,cha,28,1,7.253509283065796
1027,cha,29,1,6.827716827392578
1028,cha,30,1,6.55331563949585
1029,cha,31,1,7.530178546905518
1030,cha,32,-1,7.475731134414673
1031,cha,33,1,7.392866373062134
1032,cha,34,1,7.487579345703125
1033,cha,35,1,7.03255558013916
1034,cha,36,1,7.062354564666748
1035,cha,37,1,6.816856145858765
1036,cha,38,-1,6.836337089538574
1037,cha,39,1,7.5995073318481445
1038,cha,40,1,6.9144299030303955
1039,cha,41,1,6.7603230476379395
1040,cha,42,1,7.751291513442993
1041,cha,43,1,7.535155296325684
1042,cha,44,1,7.431060552597046
1043,cha,45,1,7.089511156082153
1044,cha,46,1,7.015606641769409
1045,cha,47,1,7.141624450683594
1046,cha,48,1,7.585497617721558
1047,cha,49,1,7.217395305633545
1048,cha,50,1,6.961079359054565
1049,cha,51,-1,7.196990728378296
1050,cha,52,1,7.427278995513916
1051,cha,53,1,7.077273845672607
1052,cha,54,-1,7.439673185348511
1053,cha,55,-1,7.197261095046997
1054,cha,56,1,7.1669299602508545
1055,cha,57,1,7.209068536758423
1056,cha,58,-1,7.137853622436523
1057,cha,59,1,7.714697599411011
1058,cha,60,1,7.7250823974609375
1059,cha,61,1,6.763406753540039
1060,cha,62,1,7.1667938232421875
1061,cha,63,1,7.520753622055054
1062,cha,64,1,6.839791297912598
1063,cha,65,1,6.876040458679199
1064,cha,66,-1,7.022571563720703
1065,cha,67,1,6.363091230392456
1066,cha,68,-1,7.1328325271606445
1067,cha,69,-1,7.3717591762542725
1068,cha,70,1,6.925190448760986
1069,cha,71,-1,7.563955307006836
1070,cha,72,1,6.928391933441162
1071,cha,73,-1,6.938791513442993
1072,cha,74,-1,6.486721515655518
1073,cha,75,-1,7.684386968612671
1074,cha,76,1,7.0267579555511475
1075,cha,77,1,6.208043575286865
1076,cha,78,-1,6.857389211654663
1077,cha,79,1,6.91569185256958
1078,cha,80,1,6.910084247589111
1079,cha,81,1,7.034195423126221
1080,cha,82,1,6.991201162338257
1081,cha,83,-1,5.867193698883057
1082,cha,84,-1,7.153105735778809
1083,cha,85,-1,6.907649278640747
1084,cha,86,1,7.225485324859619
1085,cha,87,1,7.12134575843811
1086,cha,88,-1,7.23905348777771
1087,cha,89,1,7.5662782192230225
1088,cha,90,1,7.238691091537476
1089,cha,91,1,6.676616430282593
1090,cha,92,-1,8.1259925365448
1091,cha,93,1,6.849297285079956
1092,cha,94,1,6.853212356567383
1093,cha,95,1,6.974770545959473
1094,cha,96,1,7.034365177154541
1095,cha,97,1,7.408539533615112
1096,cha,98,-1,7.07042932510376
1097,cha,99,1,6.984834432601929
1098,cha,100,1,7.6954874992370605
1099,cha,101,1,7.106756210327148
1100,cha,102,-1,7.4713239669799805
1101,cha,103,1,7.45216178894043
1102,cha,104,-1,7.25202202796936
1103,cha,105,1,7.509634017944336
1104,cha,106,1,7.266059637069702
1105,cha,107,1,7.203495740890503
1106,cha,108,1,7.009320497512817
1107,cha,109,1,7.590331077575684
1108,cha,110,1,6.98109769821167
1109,cha,111,1,7.118822336196899
1110,cha,112,1,6.9800190925598145
1111,cha,113,1,6.9584901332855225
1112,cha,114,1,6.4516236782073975
1113,cha,115,1,7.720451831817627
1114,cha,116,1,7.11907958984375
1115,cha,117,1,6.838756561279297
1116,cha,118,1,7.395231246948242
1117,cha,119,1,6.781630754470825
1118,cha,120,-1,6.73212742805481
1119,cha,121,1,6.887807130813599
1120,cha,122,1,6.758329391479492
1121,cha,123,1,7.049527168273926
1122,cha,124,-1,7.707428455352783
1123,cha,125,-1,7.163004398345947
1124,cha,126,1,6.836753606796265
1125,cha,127,1,7.023996829986572
1126,cha,128,1,7.183466911315918
1127,cha,129,-1,7.520689487457275
1128,cha,130,-1,6.6754539012908936
1129,cha,131,-1,7.225116729736328
1130,cha,132,1,7.1877570152282715
1131,cha,133,1,7.173197269439697
1132,cha,134,-1,7.20752215385437
1133,cha,135,1,7.232126474380493
1134,cha,136,-1,7.2330427169799805
1135,cha,137,-1,8.187196493148804
1136,cha,138,1,6.725708484649658
1137,cha,139,1,7.065028429031372
1138,cha,140,-1,7.202443838119507
1139,cha,141,1,7.427525997161865
1140,cha,142,1,7.266820430755615
1141,cha,143,1,7.131044387817383
1142,cha,144,1,6.71348237991333
1143,cha,145,-1,6.745433330535889
1144,cha,146,1,6.9242472648620605
1145,cha,147,1,6.930484294891357
1146,cha,148,-1,6.561027765274048
1147,cha,149,1,7.164294004440308
1148,cha,150,-1,6.45046067237854
1149,cha,151,-1,7.436612367630005
1150,cha,152,1,7.126264572143555
1151,cha,153,-1,7.016555070877075
1152,cha,154,1,7.532404184341431
1153,cha,155,-1,7.294857025146484
1154,cha,156,1,7.019173622131348
1155,cha,157,1,7.381636619567871
1156,cha,158,1,6.893064022064209
1157,cha,159,1,7.256181240081787
1158,cha,160,1,7.417500257492065
1159,cha,161,1,7.667515277862549
1160,cha,162,1,7.11609673500061
1161,cha,163,1,6.647428035736084
1162,cha,164,1,7.068043947219849
1163,cha,165,-1,7.02875018119812
1164,cha,166,-1,6.889183282852173
1165,cha,167,1,6.621853351593018
1166,cha,168,1,7.426921367645264
1167,cha,169,1,7.365064859390259
1168,cha,170,-1,6.937147617340088
1169,cha,171,1,7.03557825088501
1170,cha,172,1,6.977362632751465
1171,cha,173,-1,7.1291680335998535
1172,cha,174,-1,6.515172958374023
1173,cha,175,-1,6.706901788711548
1174,cha,176,1,7.021458387374878
1175,cha,177,-1,7.059478759765625
1176,cha,178,1,6.360970735549927
1177,cha,179,-1,6.924793481826782
1178,cha,180,1,6.769962787628174
1179,cha,181,-1,7.428349256515503
1180,cha,182,1,7.133983373641968
1181,cha,183,1,7.3497045040130615
1182,cha,184,1,6.728010416030884
1183,cha,185,-1,7.230773448944092
1184,cha,186,1,7.40505838394165
1185,cha,187,-1,7.472604274749756
1186,cha,188,1,7.517897129058838
1187,cha,189,1,7.5280444622039795
1188,cha,190,-1,7.460187911987305
1189,cha,191,1,7.24245810508728
1190,cha,192,1,6.183375120162964
1191,cha,193,1,7.536891937255859
1192,cha,194,-1,7.075585126876831
1193,cha,195,1,7.134743690490723
1194,cha,196,1,8.016138553619385
1195,cha,197,-1,6.837937831878662
1196,cha,198,-1,7.795399904251099
1197,cha,199,1,7.419249534606934
1198,cha,200,-1,7.543025732040405
1199,cha,201,1,7.223544597625732
1200,cha,202,1,7.624185085296631
1201,cha,203,1,6.970830917358398
1202,cha,204,1,7.247138738632202
1203,cha,205,1,7.016710519790649
1204,cha,206,1,7.571099042892456
1205,cha,207,1,7.322183609008789
1206,cha,208,-1,7.074310779571533
1207,cha,209,-1,6.83252477645874
1208,cha,210,-1,6.087795972824097
1209,cha,211,-1,6.7717204093933105
1210,cha,212,-1,6.747458219528198
1211,cha,213,1,7.877008438110352
1212,cha,214,1,6.72714376449585
1213,cha,215,1,6.405091047286987
1214,cha,216,1,6.9843316078186035
1215,cha,217,1,7.267254590988159
1216,cha,218,-1,6.957587480545044
1217,cha,219,-1,6.7417311668396
1218,cha,220,1,7.0458664894104
1219,cha,221,1,7.107304811477661
1220,cha,222,1,7.165123224258423
1221,cha,223,1,6.640915155410767
1222,cha,224,1,7.010574579238892
1223,cha,225,-1,7.2160749435424805
1224,cha,226,-1,7.124739408493042
1225,cha,227,1,7.159215450286865
1226,cha,228,1,7.085292100906372
1227,cha,229,1,6.922742128372192
1228,cha,230,-1,7.236801624298096
1229,cha,231,1,7.480446815490723
1230,cha,232,1,7.077180862426758
1231,cha,233,1,7.255794286727905
1232,cha,234,1,6.920701026916504
1233,cha,235,1,6.669710159301758
1234,cha,236,-1,6.856545925140381
1235,cha,237,-1,7.237606048583984
1236,cha,238,-1,7.295870542526245
1237,cha,239,1,6.736073017120361
1238,cha,240,-1,7.178790807723999
1239,cha,241,1,7.056929588317871
1240,cha,242,1,7.687187433242798
1241,cha,243,1,7.318547248840332
1242,cha,244,1,6.443485498428345
1243,cha,245,1,7.54970121383667
1244,cha,246,1,6.762805700302124
1245,cha,247,1,7.183860540390015
1246,cha,248,-1,7.104674816131592
1247,cha,249,1,6.392383098602295
1248,cha,250,1,6.841153860092163
1249,cha,251,-1,6.978264331817627
1250,cha,252,-1,7.491537094116211
1251,cha,253,1,6.589863300323486
1252,cha,254,1,7.2671263217926025
1253,cha,255,-1,7.500428676605225
1254,cha,256,1,6.755669116973877
1255,cha,257,1,7.224950790405273
1256,cha,258,-1,7.414353609085083
1257,cha,259,1,6.742079496383667
1258,cha,260,1,6.456504583358765
1259,cha,261,-1,6.966566801071167
1260,cha,262,-1,6.43018102645874
1261,cha,263,1,6.96911096572876
1262,cha,264,-1,6.722144603729248
1263,cha,265,-1,7.013633489608765
1264,cha,266,1,6.197650671005249
1265,cha,267,-1,7.009889841079712
1266,cha,268,-1,7.178506135940552
1267,cha,269,1,7.0306782722473145
1268,cha,270,1,6.784420490264893
1269,cha,271,-1,7.136899471282959
1270,cha,272,-1,6.87542462348938
1271,cha,273,1,7.354685306549072
1272,cha,274,1,7.352779388427734
1273,cha,275,1,6.916013479232788
1274,cha,276,1,6.859505891799927
1275,cha,277,1,7.2664899826049805
1276,cha,278,-1,6.879515647888184
1277,cha,279,1,7.2675886154174805
1278,cha,280,-1,7.133094072341919
1279,cha,281,-1,6.97390341758728
1280,cha,282,1,6.927983522415161
1281,cha,283,1,6.971772909164429
1282,cha,284,1,7.010012626647949
1283,cha,285,1,7.019219398498535
1284,cha,286,1,7.576146841049194
1285,cha,287,1,7.0139970779418945
1286,cha,288,1,7.012236833572388
1287,cha,289,1,6.941694498062134
1288,cha,290,1,6.833858251571655
1289,cha,291,-1,6.858712673187256
1290,cha,292,1,7.054574012756348
1291,cha,293,1,7.383404493331909
1292,cha,294,1,6.821711301803589
1293,cha,295,-1,7.02963662147522
1294,cha,296,1,7.286919832229614
1295,cha,297,1,6.994876861572266
1296,cha,298,-1,7.0853798389434814
1297,cha,299,1,7.332770109176636
1298,cha,300,-1,6.596362829208374
1299,net,1,1,6.917971611022949
1300,net,2,1,6.762936353683472
1301,net,3,1,7.192687749862671
1302,net,4,1,7.115816593170166
1303,net,5,-1,7.299592733383179
1304,net,6,1,6.923269987106323
1305,net,7,1,6.987342119216919
1306,net,8,1,7.400111436843872
1307,net,9,-1,7.4765849113464355
1308,net,10,1,6.957468271255493
1309,net,11,1,6.927222728729248
1310,net,12,1,7.475353717803955
1311,net,13,-1,7.081198453903198
1312,net,14,1,7.319296598434448
1313,net,15,-1,7.128297805786133
1314,net,16,-1,7.559769630432129
1315,net,17,1,7.385226488113403
1316,net,18,-1,7.335517644882202
1317,net,19,1,7.222651243209839
1318,net,20,1,6.965703248977661
1319,net,21,1,7.0916523933410645
1320,net,22,1,7.247775554656982
1321,net,23,-1,7.204633712768555
1322,net,24,-1,6.971195936203003
1323,net,25,1,7.338996171951294
1324,net,26,1,6.545282363891602
1325,net,27,1,7.229976654052734
1326,net,28,1,7.739604234695435
1327,net,29,1,7.745955467224121
1328,net,30,1,7.291427135467529
1329,net,31,1,6.978560209274292
1330,net,32,-1,6.904146671295166
1331,net,33,1,7.250217914581299
1332,net,34,1,7.26617693901062
1333,net,35,1,7.090949535369873
1334,net,36,1,6.917179107666016
1335,net,37,1,7.1924049854278564
1336,net,38,1,6.739747047424316
1337,net,39,1,7.224618911743164
1338,net,40,1,7.062191486358643
1339,net,41,1,7.240210771560669
1340,net,42,-1,6.936316013336182
1341,net,43,-1,6.73699164390564
1342,net,44,1,7.319183588027954
1343,net,45,1,7.185454368591309
1344,net,46,-1,7.26377272605896
1345,net,47,-1,6.814306735992432
1346,net,48,1,7.30698561668396
1347,net,49,-1,7.379603147506714
1348,net,50,1,7.1180315017700195
1349,net,51,1,7.294038534164429
1350,net,52,1,6.669175624847412
1351,net,53,1,6.8155293464660645
1352,net,54,1,6.808286905288696
1353,net,55,-1,7.1476194858551025
1354,net,56,-1,7.355327606201172
1355,net,57,1,7.00285530090332
1356,net,58,-1,7.4418556690216064
1357,net,59,-1,6.940312623977661
1358,net,60,1,7.2526164054870605
1359,net,61,-1,6.899544954299927
1360,net,62,-1,7.435719966888428
1361,net,63,1,7.501739263534546
1362,net,64,1,7.23353910446167
1363,net,65,1,6.899336576461792
1364,net,66,1,6.625106334686279
1365,net,67,-1,6.6213767528533936
1366,net,68,1,6.793096542358398
1367,net,69,1,7.639772653579712
1368,net,70,-1,6.66345739364624
1369,net,71,1,7.225311040878296
1370,net,72,-1,6.611524820327759
1371,net,73,1,6.755035400390625
1372,net,74,-1,6.6581645011901855
1373,net,75,-1,7.340371608734131
1374,net,76,1,6.9780519008636475
1375,net,77,-1,7.1861913204193115
1376,net,78,1,7.075796365737915
1377,net,79,1,6.985328435897827
1378,net,80,1,7.439748525619507
1379,net,81,1,7.0161073207855225
1380,net,82,-1,7.336288928985596
1381,net,83,1,7.535290002822876
1382,net,84,1,7.388248920440674
1383,net,85,1,7.641770362854004
1384,net,86,1,7.459662675857544
1385,net,87,-1,7.337388277053833
1386,net,88,1,6.99077296257019
1387,net,89,1,7.344488143920898
1388,net,90,1,6.917644023895264
1389,net,91,1,7.230662107467651
1390,net,92,-1,7.635119676589966
1391,net,93,1,6.994800567626953
1392,net,94,1,6.976889371871948
1393,net,95,1,7.4408204555511475
1394,net,96,1,7.6643712520599365
1395,net,97,1,7.413146257400513
1396,net,98,1,7.505480527877808
1397,net,99,1,6.696408987045288
1398,net,100,-1,6.884923219680786
1399,net,101,-1,7.3792500495910645
1400,net,102,-1,6.953583717346191
1401,net,103,1,7.0845115184783936
1402,net,104,1,7.5736308097839355
1403,net,105,-1,7.170973300933838
1404,net,106,1,6.981624364852905
1405,net,107,-1,6.557835340499878
1406,net,108,1,7.012037754058838
1407,net,109,-1,6.870480298995972
1408,net,110,-1,7.586658954620361
1409,net,111,1,7.290315628051758
1410,net,112,1,7.2775352001190186
1411,net,113,-1,7.705608129501343
1412,net,114,1,6.9225358963012695
1413,net,115,1,7.127690315246582
1414,net,116,-1,7.53964638710022
1415,net,117,1,7.19870662689209
1416,net,118,1,7.494043350219727
1417,net,119,-1,7.259559154510498
1418,net,120,1,6.873985052108765
1419,net,121,1,6.820387601852417
1420,net,122,1,6.925308704376221
1421,net,123,-1,7.297482252120972
1422,net,124,1,7.631826877593994
1423,net,125,1,7.25524377822876
1424,net,126,-1,7.012171030044556
1425,net,127,-1,6.995262384414673
1426,net,128,1,7.162093877792358
1427,net,129,1,6.597417593002319
1428,net,130,1,6.964462041854858
1429,net,131,1,7.271010398864746
1430,net,132,1,7.793579578399658
1431,net,133,1,7.289596080780029
1432,net,134,1,6.668581008911133
1433,net,135,-1,6.858821153640747
1434,net,136,1,7.292477607727051
1435,net,137,1,6.308328866958618
1436,net,138,1,7.327454328536987
1437,net,139,1,6.800084114074707
1438,net,140,1,6.852581977844238
1439,net,141,1,7.158632516860962
1440,net,142,1,6.6980249881744385
1441,net,143,-1,7.110174655914307
1442,net,144,-1,7.261820077896118
1443,net,145,-1,7.157533168792725
1444,net,146,-1,7.196271181106567
1445,net,147,1,6.467574119567871
1446,net,148,1,7.218955039978027
1447,net,149,1,7.339869499206543
1448,net,150,1,7.2181618213653564
1449,net,151,-1,6.99915623664856
1450,net,152,-1,7.063693046569824
1451,net,153,1,6.683009624481201
1452,net,154,-1,7.374589204788208
1453,net,155,1,7.313716173171997
1454,net,156,1,6.980560779571533
1455,net,157,-1,7.0305116176605225
1456,net,158,1,7.342022657394409
1457,net,159,1,7.585585832595825
1458,net,160,1,6.879860162734985
1459,net,161,1,7.177792072296143
1460,net,162,-1,7.461775541305542
1461,net,163,1,6.893701791763306
1462,net,164,1,7.496194124221802
1463,net,165,-1,6.899698972702026
1464,net,166,1,6.571650505065918
1465,net,167,1,6.627662420272827
1466,net,168,-1,7.208516836166382
1467,net,169,1,6.09896183013916
1468,net,170,1,6.605316877365112
1469,net,171,1,6.464139223098755
1470,net,172,1,6.991240501403809
1471,net,173,-1,7.766051292419434
1472,net,174,1,7.05046820640564
1473,net,175,1,7.217581748962402
1474,net,176,1,6.92456316947937
1475,net,177,-1,7.14034104347229
1476,net,178,1,6.916961908340454
1477,net,179,-1,6.8491010665893555
1478,net,180,-1,6.869616985321045
1479,net,181,1,6.744318246841431
1480,net,182,1,6.903124570846558
1481,net,183,1,7.048156976699829
1482,net,184,1,6.922436952590942
1483,net,185,1,7.136213779449463
1484,net,186,1,7.216221809387207
1485,net,187,1,6.22420597076416
1486,net,188,-1,6.585665464401245
1487,net,189,1,6.740351676940918
1488,net,190,1,7.507112741470337
1489,net,191,-1,7.518197774887085
1490,net,192,1,7.237163782119751
1491,net,193,1,6.638382911682129
1492,net,194,1,6.889273166656494
1493,net,195,-1,6.8706231117248535
1494,net,196,1,6.51501202583313
1495,net,197,1,6.737666606903076
1496,net,198,1,7.455702304840088
1497,net,199,1,6.893683671951294
1498,net,200,1,6.84398889541626
1499,net,201,1,6.211923122406006
1500,net,202,1,6.511026382446289
1501,net,203,1,6.985353231430054
1502,net,204,-1,7.377110481262207
1503,net,205,1,7.918362855911255
1504,net,206,1,7.4084179401397705
1505,net,207,1,6.938869953155518
1506,net,208,-1,7.319487571716309
1507,net,209,1,7.098156452178955
1508,net,210,1,6.69556999206543
1509,net,211,1,7.1000447273254395
1510,net,212,-1,7.7912437915802
1511,net,213,-1,7.242425203323364
1512,net,214,-1,6.60840630531311
1513,net,215,1,7.886544942855835
1514,net,216,1,7.1269145011901855
1515,net,217,1,7.06702446937561
1516,net,218,-1,6.951076984405518
1517,net,219,1,6.926331520080566
1518,net,220,-1,6.835095643997192
1519,net,221,-1,6.969511032104492
1520,net,222,1,7.178814649581909
1521,net,223,1,6.502069473266602
1522,net,224,1,7.663079023361206
1523,net,225,1,6.824927806854248
1524,net,226,1,6.639127731323242
1525,net,227,1,7.041877508163452
1526,net,228,-1,6.9115095138549805
1527,net,229,-1,7.565192937850952
1528,net,230,1,6.96472954750061
1529,net,231,1,7.099785327911377
1530,net,232,1,6.908841133117676
1531,net,233,1,6.999228000640869
1532,net,234,1,6.826498031616211
1533,net,235,1,6.913873195648193
1534,net,236,1,6.861756324768066
1535,net,237,-1,7.487821578979492
1536,net,238,1,7.4019834995269775
1537,net,239,1,6.873520612716675
1538,net,240,1,6.485082626342773
1539,net,241,-1,7.337041854858398
1540,net,242,1,6.7708961963653564
1541,net,243,1,7.281980276107788
1542,net,244,1,7.343196392059326
1543,net,245,1,7.6876935958862305
1544,net,246,1,6.74584174156189
1545,net,247,1,7.099912881851196
1546,net,248,1,7.069205284118652
1547,net,249,1,7.690767049789429
1548,net,250,1,7.358529090881348
1549,net,251,1,6.988429069519043
1550,net,252,-1,7.272462368011475
1551,net,253,-1,6.830792665481567
1552,net,254,-1,6.949368715286255
1553,net,255,1,7.393864154815674
1554,net,256,1,7.501116037368774
1555,net,257,-1,7.216213226318359
1556,net,258,1,7.677458047866821
1557,net,259,-1,7.567960739135742
1558,net,260,1,7.157952308654785
1559,net,261,1,7.259868860244751
1560,net,262,1,7.079846620559692
1561,net,263,1,7.116748332977295
1562,net,264,-1,7.367227077484131
1563,net,265,-1,6.913807392120361
1564,net,266,-1,6.273361444473267
1565,net,267,1,7.139500856399536
1566,net,268,1,7.4712395668029785
1567,net,269,1,7.191256761550903
1568,net,270,1,7.574456453323364
1569,net,271,1,6.952420234680176
1570,net,272,-1,7.212470293045044
1571,net,273,1,6.9190287590026855
1572,net,274,1,7.842653036117554
1573,net,275,1,7.039885759353638
1574,net,276,1,7.018763065338135
1575,net,277,1,6.880435943603516
1576,net,278,1,7.377791404724121
1577,net,279,1,7.09579610824585
1578,net,280,-1,6.423662185668945
1579,net,281,-1,7.339743137359619
1580,net,282,1,6.81047248840332
1581,net,283,1,6.790954351425171
1582,net,284,1,7.0736424922943115
1583,net,285,1,6.201354742050171
1584,net,286,1,6.909885883331299
1585,net,287,1,7.142226934432983
1586,net,288,1,6.878507852554321
1587,net,289,1,7.020874738693237
1588,net,290,-1,7.706538677215576
1589,net,291,1,7.061922311782837
1590,net,292,-1,6.483637809753418
1591,net,293,1,7.037970066070557
1592,net,294,1,7.428307294845581
1593,net,295,1,6.819806098937988
1594,net,296,1,7.1726861000061035
1595,net,297,1,6.839480876922607
1596,net,298,-1,6.786365509033203
1597,net,299,1,6.903726577758789
1598,net,300,-1,7.060295581817627
1599,multi,1,1,7.054232835769653
1600,multi,2,1,7.276901721954346
1601,multi,3,1,7.588826656341553
1602,multi,4,1,7.339378118515015
1603,multi,5,1,7.194273233413696
1604,multi,6,-1,6.740614891052246
1605,multi,7,1,6.750011682510376
1606,multi,8,1,6.797755241394043
1607,multi,9,1,7.832286596298218
1608,multi,10,1,6.915640592575073
1609,multi,11,1,7.372782945632935
1610,multi,12,1,7.539454221725464
1611,multi,13,1,7.162326335906982
1612,multi,14,1,6.629631042480469
1613,multi,15,1,6.838689088821411
1614,multi,16,1,7.440235614776611
1615,multi,17,-1,7.600910425186157
1616,multi,18,1,7.555367469787598
1617,multi,19,1,6.811915397644043
1618,multi,20,1,7.5424888134002686
1619,multi,21,1,6.939687013626099
1620,multi,22,1,6.850644826889038
1621,multi,23,1,6.743655204772949
1622,multi,24,1,7.629397630691528
1623,multi,25,1,7.737546443939209
1624,multi,26,1,7.410772323608398
1625,multi,27,-1,7.443843126296997
1626,multi,28,1,7.345869779586792
1627,multi,29,1,6.827805995941162
1628,multi,30,1,6.450362682342529
1629,multi,31,-1,6.569221496582031
1630,multi,32,1,7.248652696609497
1631,multi,33,1,7.32293963432312
1632,multi,34,1,6.95451283454895
1633,multi,35,1,7.452713489532471
1634,multi,36,1,6.993500709533691
1635,multi,37,1,6.643201589584351
1636,multi,38,1,7.4875288009643555
1637,multi,39,1,7.8678483963012695
1638,multi,40,1,6.903313636779785
1639,multi,41,-1,7.558513402938843
1640,multi,42,1,6.865675210952759
1641,multi,43,1,6.941211462020874
1642,multi,44,1,7.297796249389648
1643,multi,45,1,7.246880292892456
1644,multi,46,1,7.009328603744507
1645,multi,47,1,7.076965808868408
1646,multi,48,1,7.7692039012908936
1647,multi,49,1,7.843069314956665
1648,multi,50,1,7.849068641662598
1649,multi,51,1,7.074296712875366
1650,multi,52,1,6.945714712142944
1651,multi,53,1,6.31806206703186
1652,multi,54,-1,7.773823499679565
1653,multi,55,1,7.072068214416504
1654,multi,56,-1,6.878972768783569
1655,multi,57,-1,7.441398859024048
1656,multi,58,-1,7.311102390289307
1657,multi,59,1,7.415277004241943
1658,multi,60,-1,7.519176006317139
1659,multi,61,1,7.886614084243774
1660,multi,62,1,7.329912185668945
1661,multi,63,1,7.708885192871094
1662,multi,64,1,7.532948017120361
1663,multi,65,1,7.855705261230469
1664,multi,66,1,6.694256544113159
1665,multi,67,1,7.288221120834351
1666,multi,68,1,6.9601945877075195
1667,multi,69,1,6.976332426071167
1668,multi,70,-1,7.729855298995972
1669,multi,71,1,7.5955095291137695
1670,multi,72,1,6.732886791229248
1671,multi,73,1,7.140413284301758
1672,multi,74,1,7.761976480484009
1673,multi,75,1,6.822238445281982
1674,multi,76,-1,7.555550575256348
1675,multi,77,1,6.891200304031372
1676,multi,78,-1,7.336114168167114
1677,multi,79,1,6.631842374801636
1678,multi,80,1,7.455881118774414
1679,multi,81,1,7.181869268417358
1680,multi,82,1,7.535128355026245
1681,multi,83,1,6.833952188491821
1682,multi,84,1,7.799710035324097
1683,multi,85,1,7.4655022621154785
1684,multi,86,1,7.1242241859436035
1685,multi,87,-1,7.009384632110596
1686,multi,88,1,7.195345640182495
1687,multi,89,-1,6.8257222175598145
1688,multi,90,1,7.13490104675293
1689,multi,91,1,5.91567587852478
1690,multi,92,1,7.570228576660156
1691,multi,93,1,7.289653301239014
1692,multi,94,1,7.299318313598633
1693,multi,95,-1,7.630160570144653
1694,multi,96,1,6.721117258071899
1695,multi,97,1,6.470925569534302
1696,multi,98,-1,6.254554748535156
1697,multi,99,-1,6.791096448898315
1698,multi,100,1,6.918381929397583
1699,multi,101,1,6.895299434661865
1700,multi,102,-1,7.287585020065308
1701,multi,103,1,7.478365421295166
1702,multi,104,1,6.051894187927246
1703,multi,105,1,6.626471042633057
1704,multi,106,-1,7.051055669784546
1705,multi,107,1,6.519532680511475
1706,multi,108,1,7.32686185836792
1707,multi,109,1,6.538633108139038
1708,multi,110,1,7.433044910430908
1709,multi,111,-1,7.697035789489746
1710,multi,112,-1,7.408503293991089
1711,multi,113,-1,7.7541632652282715
1712,multi,114,-1,7.529293060302734
1713,multi,115,1,6.422008514404297
1714,multi,116,-1,7.475978136062622
1715,multi,117,1,7.678837299346924
1716,multi,118,1,6.566246271133423
1717,multi,119,-1,6.6734089851379395
1718,multi,120,-1,6.647555351257324
1719,multi,121,-1,7.132442951202393
1720,multi,122,1,6.905078887939453
1721,multi,123,-1,7.935725212097168
1722,multi,124,1,6.550987482070923
1723,multi,125,-1,6.631826162338257
1724,multi,126,-1,7.099949836730957
1725,multi,127,1,7.7402167320251465
1726,multi,128,1,7.5173914432525635
1727,multi,129,1,7.131188154220581
1728,multi,130,1,7.82172703742981
1729,multi,131,-1,7.353749752044678
1730,multi,132,1,7.122004985809326
1731,multi,133,1,7.3634724617004395
1732,multi,134,1,6.859357118606567
1733,multi,135,1,7.873371362686157
1734,multi,136,1,6.633274793624878
1735,multi,137,1,7.027493000030518
1736,multi,138,1,7.6634681224823
1737,multi,139,1,7.17706561088562
1738,multi,140,1,7.446459531784058
1739,multi,141,1,6.655027627944946
1740,multi,142,1,7.362054824829102
1741,multi,143,1,6.449634790420532
1742,multi,144,1,7.320941686630249
1743,multi,145,1,7.64997410774231
1744,multi,146,1,7.062982082366943
1745,multi,147,1,7.184088945388794
1746,multi,148,1,6.3979151248931885
1747,multi,149,-1,7.83814001083374
1748,multi,150,-1,7.432600736618042
1749,multi,151,-1,6.544873237609863
1750,multi,152,1,6.947657346725464
1751,multi,153,1,7.11695671081543
1752,multi,154,1,7.537678241729736
1753,multi,155,1,7.504900693893433
1754,multi,156,1,7.196832656860352
1755,multi,157,-1,7.223754405975342
1756,multi,158,1,6.632375717163086
1757,multi,159,1,7.247779607772827
1758,multi,160,1,7.4886634349823
1759,multi,161,1,7.33568549156189
1760,multi,162,-1,7.0170533657073975
1761,multi,163,1,7.1793129444122314
1762,multi,164,-1,7.4810051918029785
1763,multi,165,1,7.188483953475952
1764,multi,166,1,6.747366428375244
1765,multi,167,-1,7.415925741195679
1766,multi,168,1,7.271734714508057
1767,multi,169,1,7.391824722290039
1768,multi,170,1,6.934629440307617
1769,multi,171,-1,7.025348663330078
1770,multi,172,-1,7.026350498199463
1771,multi,173,1,6.552517652511597
1772,multi,174,1,7.505315542221069
1773,multi,175,1,7.078275680541992
1774,multi,176,-1,7.227453947067261
1775,multi,177,1,6.781632423400879
1776,multi,178,1,6.8844568729400635
1777,multi,179,1,7.173372745513916
1778,multi,180,-1,7.751000881195068
1779,multi,181,1,6.816007137298584
1780,multi,182,1,6.973243236541748
1781,multi,183,1,7.265528917312622
1782,multi,184,1,6.9811906814575195
1783,multi,185,1,6.623773574829102
1784,multi,186,1,7.203969240188599
1785,multi,187,1,6.958218097686768
1786,multi,188,1,6.757026672363281
1787,multi,189,1,7.743870496749878
1788,multi,190,1,7.172783374786377
1789,multi,191,1,7.315395832061768
1790,multi,192,1,7.4096081256866455
1791,multi,193,1,7.069168567657471
1792,multi,194,1,7.32132625579834
1793,multi,195,1,6.819755554199219
1794,multi,196,-1,7.262150287628174
1795,multi,197,1,7.055609464645386
1796,multi,198,1,7.0512261390686035
1797,multi,199,1,7.44897985458374
1798,multi,200,1,6.988508224487305
1799,multi,201,1,7.321965932846069
1800,multi,202,1,7.061763048171997
1801,multi,203,-1,7.602203369140625
1802,multi,204,-1,7.284400463104248
1803,multi,205,1,7.3983519077301025
1804,multi,206,1,7.332024097442627
1805,multi,207,1,7.377705335617065
1806,multi,208,1,7.298903226852417
1807,multi,209,-1,7.547872304916382
1808,multi,210,1,7.296299934387207
1809,multi,211,1,7.457537412643433
1810,multi,212,1,6.841187953948975
1811,multi,213,1,7.231084585189819
1812,multi,214,1,7.252044916152954
1813,multi,215,1,7.304433345794678
1814,multi,216,1,7.2525200843811035
1815,multi,217,1,7.193930387496948
1816,multi,218,1,7.121081352233887
1817,multi,219,-1,6.786818742752075
1818,multi,220,1,7.216980218887329
1819,multi,221,-1,7.410015344619751
1820,multi,222,-1,7.241851091384888
1821,multi,223,1,7.562058925628662
1822,multi,224,-1,7.387376308441162
1823,multi,225,-1,7.098809003829956
1824,multi,226,1,7.138627529144287
1825,multi,227,1,6.908131837844849
1826,multi,228,1,7.047164440155029
1827,multi,229,1,7.163581848144531
1828,multi,230,1,6.8154377937316895
1829,multi,231,1,7.633221626281738
1830,multi,232,1,7.1963746547698975
1831,multi,233,-1,7.4867262840271
1832,multi,234,1,7.2974865436553955
1833,multi,235,1,6.609085559844971
1834,multi,236,1,7.630954265594482
1835,multi,237,1,7.280719518661499
1836,multi,238,1,7.551096677780151
1837,multi,239,1,7.016448020935059
1838,multi,240,1,6.807165145874023
1839,multi,241,1,7.17270040512085
1840,multi,242,1,6.988432168960571
1841,multi,243,1,7.000030517578125
1842,multi,244,1,7.191287994384766
1843,multi,245,1,7.20034122467041
1844,multi,246,1,6.858143329620361
1845,multi,247,1,7.274021863937378
1846,multi,248,1,7.0965211391448975
1847,multi,249,1,7.56617546081543
1848,multi,250,1,6.9576709270477295
1849,multi,251,-1,7.409019708633423
1850,multi,252,1,7.5558555126190186
1851,multi,253,1,7.504990100860596
1852,multi,254,1,7.127677917480469
1853,multi,255,1,7.528076887130737
1854,multi,256,1,7.145955324172974
1855,multi,257,-1,7.275068759918213
1856,multi,258,-1,7.0765533447265625
1857,multi,259,1,7.130921840667725
1858,multi,260,1,7.154165267944336
1859,multi,261,1,7.040385007858276
1860,multi,262,-1,7.215303897857666
1861,multi,263,1,7.192938804626465
1862,multi,264,1,7.304943084716797
1863,multi,265,-1,7.046597719192505
1864,multi,266,1,6.77577543258667
1865,multi,267,1,7.125115394592285
1866,multi,268,1,7.130573749542236
1867,multi,269,1,7.300332546234131
1868,multi,270,-1,7.070986270904541
1869,multi,271,1,7.013031005859375
1870,multi,272,1,7.3161704540252686
1871,multi,273,-1,7.06250786781311
1872,multi,274,1,7.22113299369812
1873,multi,275,1,6.919715166091919
1874,multi,276,1,7.2408201694488525
1875,multi,277,-1,7.234341859817505
1876,multi,278,1,7.478541135787964
1877,multi,279,1,7.032310485839844
1878,multi,280,1,7.501521110534668
1879,multi,281,1,7.238067150115967
1880,multi,282,1,7.339293003082275
1881,multi,283,1,7.0790627002716064
1882,multi,284,-1,7.4796483516693115
1883,multi,285,1,7.567380666732788
1884,multi,286,-1,7.191620826721191
1885,multi,287,1,7.0162513256073
1886,multi,288,1,7.375065803527832
1887,multi,289,1,7.007758378982544
1888,multi,290,1,7.413365602493286
1889,multi,291,1,7.151224374771118
1890,multi,292,1,7.069697618484497
1891,multi,293,1,6.821398019790649
1892,multi,294,1,7.5350446701049805
1893,multi,295,1,7.31346321105957
1894,multi,296,1,7.601872444152832
1895,multi,297,-1,7.354372978210449
1896,multi,298,1,7.247743129730225
1897,multi,299,1,7.190106391906738
1898,multi,300,-1,7.194911003112793
1899,d4s1,1,-1,6.2945616245269775
1900,d4s1,2,-1,6.452040672302246
1901,d4s1,3,-1,6.563108921051025
1902,d4s1,4,-1,5.899239540100098
1903,d4s1,5,-1,5.947592496871948
1904,d4s1,6,-1,6.320522785186768
1905,d4s1,7,-1,5.9788665771484375
1906,d4s1,8,-1,6.017119646072388
1907,d4s1,9,-1,6.220574855804443
1908,d4s1,10,-1,6.249656915664673
1909,d4s1,11,-1,6.19553804397583
1910,d4s1,12,-1,6.205712080001831
1911,d4s1,13,-1,6.3151679039001465
1912,d4s1,14,-1,6.482135534286499
1913,d4s1,15,-1,6.069295644760132
1914,d4s1,16,1,6.030941724777222
1915,d4s1,17,1,6.653648138046265
1916,d4s1,18,-1,6.5121166706085205
1917,d4s1,19,1,5.9052512645721436
1918,d4s1,20,1,6.329896688461304
1919,d4s1,21,-1,6.227493762969971
1920,d4s1,22,-1,6.3208465576171875
1921,d4s1,23,-1,6.306542873382568
1922,d4s1,24,-1,6.447744369506836
1923,d4s2a,1,-1,6.42672324180603
1924,d4s2a,2,-1,6.419978857040405
1925,d4s2a,3,-1,6.008810758590698
1926,d4s2a,4,-1,6.555054426193237
1927,d4s2a,5,1,5.936280012130737
1928,d4s2a,6,1,6.24942421913147
1929,d4s2a,7,-1,6.442960500717163
1930,d4s2a,8,-1,6.60284423828125
1931,d4s2a,9,1,6.3789403438568115
1932,d4s2a,10,1,6.589571952819824
1933,d4s2a,11,1,6.007109642028809
1934,d4s2a,12,1,6.395155668258667
1935,d4s2a,13,-1,6.459512948989868
1936,d4s2a,14,-1,6.443991422653198
1937,d4s2a,15,-1,6.334850311279297
1938,d4s2a,16,-1,6.269196510314941
1939,d4s2a,17,1,6.5533287525177
1940,d4s2a,18,1,6.3939173221588135
1941,d4s2a,19,1,6.837785005569458
1942,d4s2a,20,1,7.036180257797241
1943,d4s2a,21,-1,6.323755264282227
1944,d4s2a,22,-1,6.247886896133423
1945,d4s2a,23,1,6.0833940505981445
1946,d4s2a,24,-1,6.220190048217773
1947,d4s2a,25,1,6.63959813117981
1948,d4s2a,26,1,6.165567874908447
1949,d4s2a,27,-1,6.535417556762695
1950,d4s2a,28,1,6.356467008590698
1951,d4s2a,29,1,6.700185775756836
1952,d4s2a,30,-1,6.403401613235474
1953,d4s2a,31,1,6.18546724319458
1954,d4s2a,32,1,6.7940192222595215
1955,d4s2a,33,1,5.700598478317261
1956,d4s2a,34,1,7.318938255310059
1957,d4s2a,35,-1,6.392628908157349
1958,d4s2a,36,1,6.255457401275635
1959,d4s2a,37,1,6.805232286453247
1960,d4s2a,38,1,6.9098334312438965
1961,d4s2a,39,-1,6.505131959915161
1962,d4s2a,40,-1,7.443132162094116
1963,d4s2a,41,1,6.571835279464722
1964,d4s2a,42,1,6.338644504547119
1965,d4s2a,43,1,6.1564013957977295
1966,d4s2a,44,1,6.1154465675354
1967,d4s2a,45,1,6.395507574081421
1968,d4s2a,46,1,6.748650074005127
1969,d4s2a,47,-1,6.357663869857788
1970,d4s2a,48,-1,6.893460988998413
1971,d4s2a,49,-1,6.771657228469849
1972,d4s2a,50,-1,6.459752082824707
1973,d4s2a,51,-1,6.6652991771698
1974,d4s2a,52,-1,6.75575852394104
1975,d4s2a,53,-1,6.481539249420166
1976,d4s2a,54,1,6.549542665481567
1977,d4s2a,55,1,6.7922446727752686
1978,d4s2a,56,1,6.134080171585083
1979,d4s2a,57,1,6.412501096725464
1980,d4s2a,58,1,6.3677496910095215
1981,d4s2a,59,-1,6.520379304885864
1982,d4s2a,60,-1,6.7638258934021
1983,d4s2a,61,1,6.299649000167847
1984,d4s2a,62,1,6.979469060897827
1985,d4s2a,63,1,6.426977157592773
1986,d4s2a,64,1,6.250471115112305
1987,d4s2a,65,-1,6.608946800231934
1988,d4s2a,66,-1,5.960361480712891
1989,d4s2a,67,-1,6.403725862503052
1990,d4s2a,68,1,6.587961673736572
1991,d4s2a,69,1,6.548987627029419
1992,d4s2a,70,1,6.605505704879761
1993,d4s2a,71,1,6.402268648147583
1994,d4s2a,72,1,5.72161078453064
1995,d4s2a,73,-1,6.423810005187988
1996,d4s2a,74,-1,6.350390911102295
1997,d4s2a,75,-1,6.3579230308532715
1998,d4s2a,76,-1,6.633138656616211
1999,d4s2a,77,1,6.298889875411987
2000,d4s2a,78,-1,6.401806354522705
2001,d4s2a,79,1,6.416149616241455
2002,d4s2a,80,1,6.111438751220703
2003,d4s2a,81,1,6.508236408233643
2004,d4s2a,82,1,6.553953647613525
2005,d4s2a,83,1,7.43895959854126
2006,d4s2a,84,-1,6.579178333282471
2007,d4s2a,85,-1,6.252348899841309
2008,d4s2a,86,-1,6.419398784637451
2009,d4s2a,87,-1,6.53912615776062
2010,d4s2a,88,-1,6.097254037857056
2011,d4s2a,89,1,6.271182537078857
2012,d4s2a,90,-1,6.341524124145508
2013,d4s2a,91,-1,5.959805488586426
2014,d4s2a,92,1,6.456671476364136
2015,d4s2a,93,1,6.13361382484436
2016,d4s2a,94,-1,6.380776882171631
2017,d4s2a,95,1,6.3045220375061035
2018,d4s2a,96,-1,6.428396701812744
2019,d4s2a,97,-1,6.613417625427246
2020,d4s2a,98,-1,6.529244422912598
2021,d4s2a,99,1,6.299452543258667
2022,d4s2a,100,1,6.573691368103027
2023,d4s2a,101,-1,6.229598760604858
2024,d4s2a,102,-1,6.0548083782196045
2025,d4s2a,103,1,7.122745513916016
2026,d4s2a,104,1,6.1484715938568115
2027,d4s2a,105,-1,6.541546106338501
2028,d4s2a,106,-1,6.608980894088745
2029,d4s2a,107,-1,6.24035120010376
2030,d4s2a,108,-1,6.441020727157593
2031,d4s2a,109,-1,6.396158456802368
2032,d4s2a,110,-1,6.277021646499634
2033,d4s2a,111,1,6.820500373840332
2034,d4s2a,112,1,6.111085414886475
2035,d4s2a,113,-1,6.330773115158081
2036,d4s2a,114,1,6.436560153961182
2037,d4s2a,115,1,6.252771615982056
2038,d4s2a,116,1,6.209000587463379
2039,d4s2a,117,1,6.355737686157227
2040,d4s2a,118,1,6.327380180358887
2041,d4s2a,119,-1,6.223944425582886
2042,d4s2a,120,-1,6.0830748081207275
2043,d4s2a,121,-1,6.116013288497925
2044,d4s2a,122,-1,6.947855710983276
2045,d4s2a,123,1,6.40680456161499
2046,d4s2a,124,1,6.0931291580200195
2047,d4s2a,125,1,6.640023469924927
2048,d4s2a,126,-1,6.1170973777771
2049,d4s2a,127,-1,6.466209411621094
2050,d4s2a,128,-1,5.753097772598267
2051,d4s2a,129,1,5.979868412017822
2052,d4s2a,130,1,6.269573926925659
2053,d4s2a,131,1,6.37365198135376
2054,d4s2a,132,1,6.520912408828735
2055,d4s2a,133,-1,6.102640390396118
2056,d4s2a,134,-1,6.3341875076293945
2057,d4s2a,135,1,6.139286756515503
2058,d4s2a,136,1,6.04530143737793
2059,d4s2a,137,1,6.075685501098633
2060,d4s2a,138,1,6.319808006286621
2061,d4s2a,139,1,5.893969297409058
2062,d4s2a,140,1,5.918565988540649
2063,d4s2a,141,1,6.204744100570679
2064,d4s2a,142,-1,6.687313795089722
2065,d4s2a,143,1,6.0007805824279785
2066,d4s2a,144,1,6.1743011474609375
2067,d4s2a,145,-1,6.323464870452881
2068,d4s2a,146,-1,6.009210109710693
2069,d4s2a,147,-1,6.591901063919067
2070,d4s2a,148,-1,5.890042781829834
2071,d4s2a,149,-1,6.084012508392334
2072,d4s2a,150,-1,6.178686618804932
2073,d4s2a,151,1,7.677632093429565
2074,d4s2a,152,1,6.20542049407959
2075,d4s2a,153,-1,6.058813095092773
2076,d4s2a,154,-1,6.340068817138672
2077,d4s2a,155,1,6.212067365646362
2078,d4s2a,156,1,6.238262891769409
2079,d4s2a,157,-1,6.565296411514282
2080,d4s2a,158,1,6.153637647628784
2081,d4s2a,159,1,6.6225502490997314
2082,d4s2a,160,1,6.799866437911987
2083,d4s2a,161,-1,6.194653749465942
2084,d4s2a,162,-1,6.350066661834717
2085,d4s2a,163,1,6.8888936042785645
2086,d4s2a,164,1,6.365171432495117
2087,d4s2a,165,-1,6.30440354347229
2088,d4s2a,166,-1,6.529548645019531
2089,d4s2a,167,1,5.968408584594727
2090,d4s2a,168,1,6.659511089324951
2091,d4s2a,169,-1,6.019198656082153
2092,d4s2a,170,-1,6.130354166030884
2093,d4s2a,171,-1,6.488123893737793
2094,d4s2a,172,-1,6.053077697753906
2095,d4s2a,173,-1,5.848559141159058
2096,d4s2a,174,-1,6.097571134567261
2097,d4s2a,175,1,6.430807828903198
2098,d4s2a,176,1,6.0973052978515625
2099,d4s2a,177,1,6.462066650390625
2100,d4s2a,178,-1,6.334362983703613
2101,d4s2a,179,1,6.296065807342529
2102,d4s2a,180,-1,6.08981728553772
2103,d4s2a,181,1,6.771027088165283
2104,d4s2a,182,-1,6.633042335510254
2105,d4s2a,183,-1,6.286201000213623
2106,d4s2a,184,-1,6.2639265060424805
2107,d4s2a,185,1,6.196134567260742
2108,d4s2a,186,-1,6.679356575012207
2109,d4s2a,187,-1,6.574065208435059
2110,d4s2a,188,-1,6.270082712173462
2111,d4s2a,189,-1,6.1223509311676025
2112,d4s2a,190,-1,6.54664945602417
2113,d4s2a,191,-1,6.126495122909546
2114,d4s2a,192,-1,7.138613700866699
2115,d4s2a,193,-1,6.225362300872803
2116,d4s2a,194,1,6.142597198486328
2117,d4s2a,195,1,6.316636562347412
2118,d4s2a,196,1,6.410966634750366
2119,d4s2a,197,-1,6.4440717697143555
2120,d4s2a,198,-1,6.334519863128662
2121,d4s2a,199,1,6.271822929382324
2122,d4s2a,200,1,6.2797465324401855
2123,d4s2a,201,1,6.664069414138794
2124,d4s2a,202,-1,6.550002336502075
2125,d4s2a,203,-1,6.764653921127319
2126,d4s2a,204,-1,7.182525396347046
2127,d4s2a,205,-1,6.193288803100586
2128,d4s2a,206,-1,6.095730543136597
2129,d4s2a,207,-1,6.2447004318237305
2130,d4s2a,208,1,6.215768575668335
2131,d4s2a,209,-1,6.377998113632202
2132,d4s2a,210,1,6.376106023788452
2133,d4s2a,211,-1,6.492634296417236
2134,d4s2a,212,-1,6.044725179672241
2135,d4s2a,213,-1,5.858172178268433
2136,d4s2a,214,1,6.070334434509277
2137,d4s2a,215,1,6.2702271938323975
2138,d4s2a,216,1,6.033217906951904
2139,d4s2a,217,-1,5.885679483413696
2140,d4s2a,218,1,6.387262582778931
2141,d4s2a,219,1,6.4100494384765625
2142,d4s2a,220,1,6.184415578842163
2143,d4s2a,221,1,6.9715211391448975
2144,d4s2a,222,1,6.441466569900513
2145,d4s2a,223,-1,6.643848419189453
2146,d4s2a,224,-1,6.439512252807617
2147,d4s2a,225,1,6.205102443695068
2148,d4s2a,226,-1,6.6110522747039795
2149,d4s2a,227,1,6.524143218994141
2150,d4s2a,228,-1,6.364828109741211
2151,d4s2a,229,1,6.243925333023071
2152,d4s2a,230,1,6.229218482971191
2153,d4s2a,231,1,6.267388343811035
2154,d4s2a,232,1,6.529529571533203
2155,d4s2a,233,-1,6.155463218688965
2156,d4s2a,234,-1,6.054368495941162
2157,d4s2a,235,-1,6.182035207748413
2158,d4s2a,236,-1,6.05200982093811
2159,d4s2a,237,1,6.5375447273254395
2160,d4s2a,238,1,6.2252984046936035
2161,d4s2a,239,1,6.0608649253845215
2162,d4s2a,240,-1,6.176139831542969
2163,d4s2a,241,-1,6.58851432800293
2164,d4s2a,242,1,6.172350645065308
2165,d4s2a,243,-1,6.0451500415802
2166,d4s2a,244,-1,6.166896343231201
2167,d4s2a,245,1,6.269457578659058
2168,d4s2a,246,1,6.474869728088379
2169,d4s2a,247,-1,6.592882394790649
2170,d4s2a,248,1,6.142678737640381
2171,d4s2a,249,1,6.61974835395813
2172,d4s2a,250,-1,6.1557393074035645
2173,d4s2a,251,1,6.851484060287476
2174,d4s2a,252,1,6.4839324951171875
2175,d4s2a,253,-1,6.322851896286011
2176,d4s2a,254,-1,6.5415544509887695
2177,d4s2a,255,1,6.86530327796936
2178,d4s2a,256,1,6.504502058029175
2179,d4s2a,257,-1,5.942753076553345
2180,d4s2a,258,-1,6.103930473327637
2181,d4s2a,259,-1,6.1918556690216064
2182,d4s2a,260,-1,6.0684661865234375
2183,d4s2a,261,1,6.466412305831909
2184,d4s2a,262,-1,6.154845952987671
2185,d4s2a,263,-1,6.897088289260864
2186,d4s2a,264,1,5.834943056106567
2187,d4s2a,265,1,6.296521186828613
2188,d4s2a,266,1,6.6811182498931885
2189,d4s2a,267,1,6.194048643112183
2190,d4s2a,268,1,6.654072523117065
2191,d4s2a,269,1,6.295675277709961
2192,d4s2a,270,1,6.006385803222656
2193,d4s2a,271,-1,6.139389753341675
2194,d4s2a,272,1,5.937666416168213
2195,d4s2a,273,1,6.119189739227295
2196,d4s2a,274,-1,6.100329160690308
2197,d4s2a,275,1,6.8033387660980225
2198,d4s2a,276,1,6.456212043762207
2199,d4s2a,277,1,6.7815632820129395
2200,d4s2a,278,1,6.730731248855591
2201,d4s2a,279,-1,6.582079648971558
2202,d4s2a,280,1,6.0611183643341064
2203,d4s2a,281,-1,6.436536550521851
2204,d4s2a,282,-1,6.552505254745483
2205,d4s2a,283,-1,6.716917991638184
2206,d4s2a,284,-1,6.433783531188965
2207,d4s2a,285,1,5.873812913894653
2208,d4s2a,286,1,6.251248121261597
2209,d4s2a,287,1,6.172335386276245
2210,d4s2a,288,1,6.103314638137817
2211,d4s2a,289,-1,6.407202243804932
2212,d4s2a,290,1,6.484432220458984
2213,d4s2a,291,-1,6.644129514694214
2214,d4s2a,292,-1,6.436235427856445
2215,d4s2a,293,1,5.965886831283569
2216,d4s2a,294,-1,6.519835472106934
2217,d4s2a,295,-1,6.315945148468018
2218,d4s2a,296,-1,5.90274715423584
2219,d4s2a,297,1,6.370804786682129
2220,d4s2a,298,1,6.2445526123046875
2221,d4s2a,299,1,6.080025672912598
2222,d4s2a,300,1,6.689666509628296
2223,d4s2a,301,1,6.18593430519104
2224,d4s2a,302,1,6.08965802192688
2225,d4s2a,303,1,6.473314046859741
2226,d4s2a,304,1,6.744920492172241
2227,d4s2a,305,1,7.221038818359375
2228,d4s2a,306,-1,6.370307445526123
2229,d4s2a,307,1,6.579601764678955
2230,d4s2a,308,-1,6.416950702667236
2231,d4s2a,309,-1,6.45327353477478
2232,d4s2a,310,1,6.227969169616699
2233,d4s2a,311,-1,5.954173564910889
2234,d4s2a,312,1,6.104608535766602
2235,d4s2a,313,1,6.796376705169678
2236,d4s2a,314,1,6.40170431137085
2237,d4s2a,315,1,6.243685245513916
2238,d4s2a,316,1,6.329399347305298
2239,d4s2a,317,1,6.286019325256348
2240,d4s2a,318,-1,6.486847162246704
2241,d4s2a,319,-1,6.369174242019653
2242,d4s2a,320,1,6.001160144805908
2243,d4s2a,321,1,6.404428005218506
2244,d4s2a,322,1,6.205958604812622
2245,d4s2a,323,1,6.4640116691589355
2246,d4s2a,324,-1,5.932023048400879
2247,d4s2a,325,-1,6.457066297531128
2248,d4s2a,326,1,6.614187955856323
2249,d4s2a,327,1,6.538366794586182
2250,d4s2a,328,1,5.910864353179932
2251,d4s2a,329,1,6.074487209320068
2252,d4s2a,330,-1,6.126347780227661
2253,d4s2a,331,-1,6.599658966064453
2254,d4s2a,332,1,6.253546714782715
2255,d4s2a,333,1,6.206553936004639
2256,d4s2a,334,1,6.030428409576416
2257,d4s2a,335,-1,6.177514553070068
2258,d4s2a,336,-1,6.940146207809448
2259,d4s2a,337,1,6.304046392440796
2260,d4s2a,338,1,5.958388090133667
2261,d4s2a,339,-1,5.728259086608887
2262,d4s2a,340,-1,6.494218349456787
2263,d4s2a,341,1,5.993708610534668
2264,d4s2a,342,-1,6.011986494064331
2265,d4s2a,343,1,6.000636577606201
2266,d4s2a,344,1,6.077051639556885
2267,d4s2a,345,1,6.291149139404297
2268,d4s2a,346,-1,6.1424829959869385
2269,d4s2a,347,-1,6.036418199539185
2270,d4s2a,348,-1,6.281060218811035
2271,d4s2a,349,1,6.159543514251709
2272,d4s2a,350,1,6.097247362136841
2273,d4s2a,351,1,6.364238500595093
2274,d4s2a,352,-1,6.442235469818115
2275,d4s2b,1,1,6.392638206481934
2276,d4s2b,2,-1,6.117751836776733
2277,d4s2b,3,-1,6.040918827056885
2278,d4s2b,4,1,5.932355165481567
2279,d4s2b,5,1,6.882062196731567
2280,d4s2b,6,1,6.155719995498657
2281,d4s2b,7,1,6.03521728515625
2282,d4s2b,8,1,6.0536580085754395
2283,d4s2b,9,-1,6.195876359939575
2284,d4s2b,10,-1,6.215082883834839
2285,d4s2b,11,-1,6.295943737030029
2286,d4s2b,12,-1,6.287645578384399
2287,d4s2b,13,1,6.497742414474487
2288,d4s2b,14,1,6.885641098022461
2289,d4s2b,15,1,6.986734390258789
2290,d4s2b,16,1,6.216027498245239
2291,d4s2b,17,-1,5.993032932281494
2292,d4s2b,18,-1,5.93084979057312
2293,d4s2b,19,-1,5.913792610168457
2294,d4s2b,20,-1,6.56411337852478
2295,d4s2b,21,-1,6.360283613204956
2296,d4s2b,22,1,6.609718561172485
2297,d4s2b,23,1,6.216310739517212
2298,d4s2b,24,1,6.048773765563965
2299,d4s2b,25,1,6.004399061203003
2300,d4s2b,26,-1,6.15883207321167
2301,d4s2b,27,1,6.504252672195435
2302,d4s2b,28,-1,5.847379207611084
2303,d4s2b,29,-1,6.07061505317688
2304,d4s2b,30,-1,6.149762392044067
2305,d4s2b,31,-1,6.722182512283325
2306,d4s2b,32,-1,6.280719041824341
2307,d4s2b,33,1,6.625107288360596
2308,d4s2b,34,-1,6.308589458465576
2309,d4s2b,35,-1,6.084067106246948
2310,d4s2b,36,-1,6.067570924758911
2311,d4s2b,37,-1,6.700062036514282
2312,d4s2b,38,-1,6.586553573608398
2313,d4s2b,39,1,6.09362006187439
2314,d4s2b,40,-1,6.0899741649627686
2315,d4s2b,41,1,6.177699327468872
2316,d4s2b,42,-1,5.960492134094238
2317,d4s2b,43,-1,6.709240436553955
2318,d4s2b,44,1,6.1965978145599365
2319,d4s2b,45,-1,6.15888237953186
2320,d4s2b,46,1,6.162879228591919
2321,d4s2b,47,1,6.027267217636108
2322,d4s2b,48,-1,6.2500526905059814
2323,d4s2b,49,-1,6.274145603179932
2324,d4s2b,50,-1,6.0665929317474365
2325,d4s2b,51,-1,6.770543575286865
2326,d4s2b,52,1,6.221627950668335
2327,d4s2b,53,1,6.1896092891693115
2328,d4s2b,54,-1,6.566657066345215
2329,d4s2b,55,1,7.094247817993164
2330,d4s2b,56,-1,5.999264240264893
2331,d4s2b,57,-1,6.111530065536499
2332,d4s2b,58,-1,6.678444147109985
2333,d4s2b,59,-1,6.50216007232666
2334,d4s2b,60,-1,6.410144090652466
2335,d4s2b,61,1,5.978261470794678
2336,d4s2b,62,1,6.058849573135376
2337,d4s2b,63,-1,6.214704275131226
2338,d4s2b,64,-1,5.8735034465789795
2339,d4s2b,65,1,6.287948131561279
2340,d4s2b,66,1,6.273334264755249
2341,d4s2b,67,-1,6.179659366607666
2342,d4s2b,68,-1,6.33577299118042
2343,d4s2b,69,-1,6.3352179527282715
2344,d4s2b,70,-1,6.281144618988037
2345,d4s2b,71,1,5.815943956375122
2346,d4s2b,72,-1,6.066426992416382
2347,d4s2b,73,1,6.015009880065918
2348,d4s2b,74,1,6.066577434539795
2349,d4s2b,75,-1,6.354913711547852
2350,d4s2b,76,-1,6.325668573379517
2351,d4s2b,77,-1,6.666972637176514
2352,d4s2b,78,-1,6.243035316467285
2353,d4s2b,79,-1,6.110353946685791
2354,d4s2b,80,-1,5.982322692871094
2355,d4s2b,81,-1,6.384756565093994
2356,d4s2b,82,-1,6.444794178009033
2357,d4s2b,83,-1,6.098405122756958
2358,d4s2b,84,-1,6.218040704727173
2359,d4s2b,85,-1,6.3541178703308105
2360,d4s2b,86,1,6.2440972328186035
2361,d4s2b,87,1,6.426900863647461
2362,d4s2b,88,1,6.398474931716919
2363,d4s2b,89,-1,6.198364496231079
2364,d4s2b,90,1,5.9489381313323975
2365,d4s2b,91,1,6.537020206451416
2366,d4s2b,92,1,6.068638324737549
2367,d4s2b,93,-1,6.352374315261841
2368,d4s2b,94,-1,6.511497497558594
2369,d4s2b,95,-1,6.498933553695679
2370,d4s2b,96,-1,6.48651385307312
2371,d4s2b,97,1,7.213830471038818
2372,d4s2b,98,1,5.7818443775177
2373,d4s2b,99,-1,6.020689010620117
2374,d4s2b,100,-1,6.45968222618103
2375,d4s2b,101,-1,6.057554721832275
2376,d4s2b,102,-1,6.07218599319458
2377,d4s2b,103,-1,5.896923780441284
2378,d4s2b,104,-1,6.217886209487915
2379,d4s2b,105,1,6.415308952331543
2380,d4s2b,106,-1,6.423817873001099
2381,d4s2b,107,-1,6.223170042037964
2382,d4s2b,108,1,6.2767510414123535
2383,d4s2b,109,-1,6.261031627655029
2384,d4s2b,110,-1,6.4092230796813965
2385,d4s2b,111,-1,7.0566840171813965
2386,d4s2b,112,1,6.801537036895752
2387,d4s2b,113,1,6.360987424850464
2388,d4s2b,114,-1,6.531593084335327
2389,d4s2b,115,-1,7.170892715454102
2390,d4s2b,116,1,6.569573640823364
2391,d4s2b,117,1,6.661707162857056
2392,d4s2b,118,1,6.1380956172943115
2393,d4s2b,119,1,5.8661253452301025
2394,d4s2b,120,-1,6.35907506942749
2395,d4s2b,121,1,6.24375581741333
2396,d4s2b,122,1,6.306698799133301
2397,d4s2b,123,1,6.277491331100464
2398,d4s2b,124,-1,5.960492849349976
2399,d4s2b,125,1,6.023311376571655
2400,d4s2b,126,-1,6.846221446990967
2401,d4s2b,127,1,6.483745098114014
2402,d4s2b,128,1,6.024248838424683
2403,d4s2b,129,-1,6.23334264755249
2404,d4s2b,130,1,5.943890810012817
2405,d4s2b,131,-1,6.1629250049591064
2406,d4s2b,132,1,5.97867751121521
2407,d4s2b,133,-1,6.263525724411011
2408,d4s2b,134,1,6.067217588424683
2409,d4s2b,135,-1,6.690092325210571
2410,d4s2b,136,-1,6.074650287628174
2411,d4s2b,137,-1,6.473441123962402
2412,d4s2b,138,-1,6.204565763473511
2413,d4s2b,139,1,6.367634534835815
2414,d4s2b,140,-1,6.074263334274292
2415,d4s2b,141,1,7.763078927993774
2416,d4s2b,142,1,6.260684013366699
2417,d4s2b,143,1,6.187526226043701
2418,d4s2b,144,1,5.82593035697937
2419,d4s2b,145,1,6.4939634799957275
2420,d4s2b,146,1,6.151424407958984
2421,d4s2b,147,1,6.349703788757324
2422,d4s2b,148,1,5.9965338706970215
2423,d4s2b,149,1,6.117400169372559
2424,d4s2b,150,1,6.5148656368255615
2425,d4s2b,151,1,6.2786030769348145
2426,d4s2b,152,1,6.127288818359375
2427,d4s2b,153,1,5.8902528285980225
2428,d4s2b,154,1,6.093216419219971
2429,d4s2b,155,1,6.468691110610962
2430,d4s2b,156,1,6.254254579544067
2431,d4s2b,157,1,6.140918731689453
2432,d4s2b,158,1,6.065943002700806
2433,d4s2b,159,1,6.089494466781616
2434,d4s2b,160,1,5.964215517044067
2435,d4s2b,161,1,6.078780889511108
2436,d4s2b,162,1,6.5780251026153564
2437,d4s2b,163,1,7.0343194007873535
2438,d4s2b,164,1,6.2027668952941895
2439,d4s2b,165,1,6.342635154724121
2440,d4s2b,166,1,6.345743656158447
2441,d4s2b,167,1,6.105427265167236
2442,d4s2b,168,1,6.643350124359131
2443,d4s2b,169,1,5.830358982086182
2444,d4s2b,170,1,5.931133508682251
2445,d4s2b,171,-1,6.315019130706787
2446,d4s2b,172,1,6.245229959487915
2447,d4s2b,173,1,6.489236116409302
2448,d4s2b,174,1,6.616928815841675
2449,d4s2b,175,1,6.695146083831787
2450,d4s2b,176,1,6.625345468521118
2451,d4s2b,177,1,5.980119228363037
2452,d4s2b,178,1,6.049615859985352
2453,d4s2b,179,-1,5.817139387130737
2454,d4s2b,180,1,6.277786493301392
2455,d4s2b,181,1,6.339448690414429
2456,d4s2b,182,1,6.2322914600372314
2457,d4s2b,183,1,6.055577516555786
2458,d4s2b,184,1,6.165719747543335
2459,d4s2b,185,1,5.840857267379761
2460,d4s2b,186,1,5.9709930419921875
2461,d4s2b,187,1,6.380707263946533
2462,d4s2b,188,1,6.0149827003479
2463,d4s2b,189,1,6.288367748260498
2464,d4s2b,190,1,6.409404039382935
2465,d4s2b,191,1,6.234011650085449
2466,d4s2b,192,1,6.5076916217803955
2467,d4s2b,193,1,6.770672082901001
2468,d4s2b,194,-1,6.133891344070435
2469,d4s2b,195,1,6.401780128479004
2470,d4s2b,196,1,6.265652656555176
2471,d4s2b,197,-1,6.655301094055176
2472,d4s2b,198,-1,6.606977939605713
2473,d4s2b,199,-1,7.244585990905762
2474,d4s2b,200,-1,6.098759412765503
2475,d4s2b,201,1,6.297465562820435
2476,d4s2b,202,1,6.010196924209595
2477,d4s2b,203,1,6.005736589431763
2478,d4s2b,204,-1,6.261528253555298
2479,d4s2b,205,-1,6.021537780761719
2480,d4s2b,206,-1,6.2586705684661865
2481,d4s2b,207,-1,6.49200701713562
2482,d4s2b,208,-1,7.194231033325195
2483,d4s2b,209,-1,6.445481061935425
2484,d4s2b,210,-1,6.347874641418457
2485,d4s2b,211,1,6.285597085952759
2486,d4s2b,212,1,6.371175289154053
2487,d4s2b,213,1,5.935409307479858
2488,d4s2b,214,1,6.337224006652832
2489,d4s2b,215,-1,6.111994743347168
2490,d4s2b,216,-1,6.632052898406982
2491,d4s2b,217,-1,6.308094263076782
2492,d4s2b,218,-1,6.5004167556762695
2493,d4s2b,219,-1,6.390178442001343
2494,d4s2b,220,-1,6.5825865268707275
2495,d4s2b,221,1,6.137092113494873
2496,d4s2b,222,-1,6.2500998973846436
2497,d4s2b,223,1,6.4016499519348145
2498,d4s2b,224,1,5.695265293121338
2499,d4s2b,225,-1,6.3503899574279785
2500,d4s2b,226,-1,6.252596378326416
2501,d4s2b,227,1,6.210900068283081
2502,d4s2b,228,-1,5.961928606033325
2503,d4s2b,229,1,6.255646228790283
2504,d4s2b,230,1,6.0260910987854
2505,d4s2b,231,1,5.75762939453125
2506,d4s2b,232,-1,6.179715394973755
2507,d4s2b,233,-1,6.301724195480347
2508,d4s2b,234,-1,6.104895830154419
2509,d4s2b,235,1,6.4906980991363525
2510,d4s2b,236,1,6.750373363494873
2511,d4s2b,237,-1,6.28684139251709
2512,d4s2b,238,1,6.20179557800293
2513,d4s2b,239,-1,6.1009840965271
2514,d4s2b,240,1,6.117331266403198
2515,d4s2b,241,-1,6.357088565826416
2516,d4s2b,242,-1,6.241705894470215
2517,d4s2b,243,-1,6.393809080123901
2518,d4s2b,244,-1,6.022568702697754
2519,d4s2b,245,-1,6.106340169906616
2520,d4s2b,246,-1,5.847893953323364
2521,d4s2b,247,-1,5.994548320770264
2522,d4s2b,248,1,6.135862827301025
2523,d4s2b,249,-1,6.343024492263794
2524,d4s2b,250,-1,6.07909369468689
2525,d4s2b,251,-1,6.550634860992432
2526,d4s2b,252,-1,5.703310012817383
2527,d4s2b,253,-1,6.15912127494812
2528,d4s2b,254,-1,6.145599126815796
2529,d4s2b,255,-1,6.641701698303223
2530,d4s2b,256,-1,6.240880727767944
2531,d4s2b,257,1,6.550201654434204
2532,d4s2b,258,1,6.468783855438232
2533,d4s2b,259,1,6.140522718429565
2534,d4s2b,260,1,6.173823356628418
2535,d4s2b,261,1,6.202328205108643
2536,d4s2b,262,1,6.589876413345337
2537,d4s2b,263,-1,6.4530322551727295
2538,d4s2b,264,1,6.5756635665893555
2539,d4s2b,265,1,6.254955291748047
2540,d4s2b,266,1,6.057415962219238
2541,d4s2b,267,-1,5.889858961105347
2542,d4s2b,268,-1,5.831869125366211
2543,d4s2b,269,1,6.511157751083374
2544,d4s2b,270,1,5.984286308288574
2545,d4s2b,271,1,6.175866603851318
2546,d4s2b,272,-1,6.115987300872803
2547,d4s2b,273,-1,5.904834747314453
2548,d4s2b,274,1,6.096695184707642
2549,d4s2b,275,-1,6.162946462631226
2550,d4s2b,276,-1,6.200605392456055
2551,d4s2b,277,-1,6.07200813293457
2552,d4s2b,278,1,6.0719521045684814
2553,d4s2b,279,-1,6.741204738616943
2554,d4s2b,280,-1,5.8823747634887695
2555,d4s2b,281,1,6.5204668045043945
2556,d4s2b,282,1,6.359353303909302
2557,d4s2b,283,-1,6.265514135360718
2558,d4s2b,284,-1,6.13613748550415
2559,d4s2b,285,1,6.3298938274383545
2560,d4s2b,286,-1,6.429126024246216
2561,d4s2b,287,-1,5.984886646270752
2562,d4s2b,288,-1,6.064963102340698
2563,d4s2b,289,-1,6.301862001419067
2564,d4s2b,290,1,6.030179977416992
2565,d4s2b,291,1,6.803775787353516
2566,d4s2b,292,1,6.21307110786438
2567,d4s2b,293,-1,6.2419962882995605
2568,d4s2b,294,-1,6.446587562561035
2569,d4s2b,295,-1,6.392627477645874
2570,d4s2b,296,-1,6.304629802703857
2571,d4s2b,297,1,6.2556328773498535
2572,d4s2b,298,1,6.7931482791900635
2573,d4s2b,299,-1,5.988226890563965
2574,d4s2b,300,-1,6.156355619430542
2575,d4s2b,301,-1,5.892282009124756
2576,d4s2b,302,-1,6.170489311218262
2577,d4s2b,303,1,6.3397908210754395
2578,d4s2b,304,1,6.67017936706543
2579,d4s2b,305,1,6.568744897842407
2580,d4s2b,306,1,6.452903747558594
2581,d4s2b,307,-1,5.86100959777832
2582,d4s2b,308,-1,6.511940002441406
2583,d4s2b,309,1,5.966751575469971
2584,d4s2b,310,1,5.978456258773804
2585,d4s2b,311,1,6.119337320327759
2586,d4s2b,312,1,5.764055252075195
2587,d4s2b,313,-1,7.516911029815674
2588,d4s2b,314,-1,6.167330503463745
2589,d4s2b,315,1,6.479219198226929
2590,d4s2b,316,-1,6.0837790966033936
2591,d4s2b,317,-1,6.431498050689697
2592,d4s2b,318,-1,6.814823627471924
2593,d4s2b,319,1,6.29443621635437
2594,d4s2b,320,1,6.259998321533203
2595,d4s2b,321,1,6.710837125778198
2596,d4s2b,322,-1,6.4822893142700195
2597,d4s2b,323,-1,6.317810773849487
2598,d4s2b,324,-1,6.613319158554077
2599,d4s2b,325,-1,6.320902347564697
2600,d4s2b,326,-1,6.346388101577759
2601,d4s2b,327,1,6.265656232833862
2602,d4s2b,328,1,6.116724491119385
2603,d4s2b,329,1,6.370367050170898
2604,d4s2b,330,1,6.344297647476196
2605,d4s2b,331,1,6.263538122177124
2606,d4s2b,332,1,6.715561151504517
2607,d4s2b,333,-1,6.1623148918151855
2608,d4s2b,334,-1,6.033958673477173
2609,d4s2b,335,1,6.368252754211426
2610,d4s2b,336,1,6.455785512924194
2611,d4s2b,337,-1,6.411014795303345
2612,d4s2b,338,1,6.034891843795776
2613,d4s2b,339,1,6.516894340515137
2614,d4s2b,340,1,6.185768365859985
2615,d4s2b,341,1,6.7673890590667725
2616,d4s2b,342,1,6.292117357254028
2617,d4s2b,343,1,6.496556758880615
2618,d4s2b,344,1,6.11062216758728
2619,d4s2b,345,-1,6.267771005630493
2620,d4s2b,346,-1,6.093479871749878
2621,d4s2b,347,1,6.043040037155151
2622,d4s2b,348,1,6.132707595825195
2623,d4s2b,349,1,6.003393650054932
2624,d4s2b,350,1,6.008079290390015
2625,d4s2b,351,-1,5.755743503570557
2626,d4s2b,352,-1,6.374517440795898
2627,d4s2b,353,1,6.208927154541016
2628,d4s2b,354,-1,6.540069341659546
2629,d4s2b,355,1,6.196389675140381
2630,d4s2b,356,1,6.257234334945679
2631,d4s2b,357,1,6.36736536026001
2632,d4s2b,358,1,6.574441432952881
2633,d4s2b,359,1,5.962365388870239
2634,d4s2b,360,-1,6.0822553634643555
2635,d4s2b,361,-1,6.220329284667969
2636,d4s2b,362,-1,6.324132680892944
2637,d4s2b,363,-1,6.004432678222656
2638,d4s2b,364,-1,6.242804050445557
2639,d4s2b,365,-1,6.618016481399536
2640,d4s2b,366,-1,6.126104354858398
2641,d4s2b,367,1,6.058521747589111
2642,d4s2b,368,1,6.401682615280151
2643,d4s2b,369,1,7.1496422290802
2644,d4s2b,370,-1,6.542245388031006
2645,d4s2b,371,-1,6.429876804351807
2646,d4s2b,372,-1,6.479000091552734
2647,d4s2b,373,-1,6.57765007019043
2648,d4s2b,374,1,6.533390522003174
2649,d4s2b,375,1,6.1491477489471436
2650,d4s2b,376,1,6.163612127304077
2651,d4s2b,377,1,6.114124298095703
2652,d4s2b,378,1,6.645675420761108
2653,d4s2b,379,1,6.432865858078003
2654,d4s2b,380,1,7.031521320343018
2655,d4s2b,381,1,6.382255792617798
2656,d4s2b,382,-1,6.482601881027222
2657,d4s2b,383,-1,6.076422452926636
2658,d4s2b,384,-1,6.103283882141113
2659,d4s2b,385,1,6.96267032623291
2660,d4s2b,386,1,6.275099277496338
2661,d4s2b,387,1,6.538579225540161
2662,d4s2b,388,-1,6.4709532260894775
2663,d4s2b,389,1,6.771420478820801
2664,d4s2b,390,-1,6.224303722381592
2665,d4s2b,391,1,6.209797143936157
2666,d4s2b,392,-1,5.98410701751709
2667,d4s2b,393,-1,6.255205869674683
2668,d4s2b,394,1,6.105449438095093
2669,d4s2b,395,-1,6.131176948547363
2670,d4s2b,396,1,6.542078256607056
2671,d4s2b,397,-1,6.576317071914673
2672,d4s2b,398,1,6.082827568054199
2673,d4s2b,399,1,6.302065134048462
2674,d4s2b,400,-1,6.113729476928711
2675,d4s2b,401,-1,5.912556171417236
2676,d4s2b,402,-1,6.079561233520508
2677,d4s2b,403,1,5.92277455329895
2678,d4s2b,404,1,5.786694049835205
2679,d4s2b,405,1,6.333430290222168
2680,d4s2b,406,1,7.028756856918335
2681,d4s2b,407,-1,6.640138387680054
2682,d4s2b,408,1,6.333171606063843
2683,d4s2b,409,-1,5.905996561050415
2684,d4s2b,410,-1,6.623467683792114
2685,d4s2b,411,1,6.438531875610352
2686,d4s2b,412,1,6.219913721084595
2687,d4s2b,413,1,5.845704078674316
2688,d4s2b,414,1,6.197436094284058
2689,d4s2b,415,1,6.436939239501953
2690,d4s2b,416,1,6.06387186050415
2691,d4s2b,417,-1,6.192430734634399
2692,d4s2b,418,1,6.127188444137573
2693,d4s2b,419,1,6.2214038372039795
2694,d4s2b,420,1,6.203074216842651
2695,d4s2b,421,-1,6.057201385498047
2696,d4s2b,422,1,6.0123841762542725
2697,d4s2b,423,1,6.569895505905151
2698,d4s2b,424,1,6.090947151184082
2699,d4s2b,425,1,6.0194785594940186
2700,d4s2b,426,1,6.205334186553955
2701,d4s2b,427,-1,6.252120494842529
2702,d4s2b,428,1,6.13305139541626
2703,d4s2b,429,-1,6.057331323623657
2704,d4s2b,430,-1,6.231426000595093
2705,d4s2b,431,1,6.4415130615234375
2706,d4s2b,432,1,6.426736116409302
2707,d4s2b,433,1,6.152506113052368
2708,d4s2b,434,-1,5.687519550323486
2709,d4s2b,435,1,6.09529709815979
2710,d4s2b,436,-1,6.297562122344971
2711,d4s2b,437,1,6.373916387557983
2712,d4s2b,438,-1,6.124934196472168
2713,d4s2b,439,1,6.275995254516602
2714,d4s2b,440,-1,6.182101726531982
2715,d4s2b,441,1,6.301278114318848
2716,d4s2b,442,-1,6.01203465461731
2717,d4s2b,443,1,6.58241868019104
2718,d4s2b,444,1,6.243230104446411
2719,d4s2b,445,-1,6.551982164382935
2720,d4s2b,446,-1,6.527810096740723
2721,d4s2b,447,-1,6.631975173950195
2722,d4s2b,448,-1,6.218698978424072
2723,d4s2b,449,1,6.00664758682251
2724,d4s2b,450,1,6.303291082382202
2725,d4s2b,451,-1,6.340994119644165
2726,d4s2b,452,1,5.973074436187744
2727,d4s2b,453,1,6.000086069107056
2728,d4s2b,454,1,6.117063045501709
2729,d4s2b,455,1,6.857613801956177
2730,d4s2b,456,-1,5.815822601318359
2731,d4s2b,457,-1,6.960351467132568
2732,d4s2b,458,-1,6.649364471435547
2733,d4s2b,459,-1,6.207831859588623
2734,d4s2b,460,-1,6.223382472991943
2735,d4s2b,461,-1,6.307015895843506
2736,d4s2b,462,-1,6.068574905395508
2737,d4s2b,463,-1,6.432671785354614
2738,d4s2b,464,1,6.251251935958862
2739,d4s2b,465,1,6.256296634674072
2740,d4s2b,466,1,6.73948073387146
2741,d4s2b,467,1,6.279444694519043
2742,d4s2b,468,1,6.583010911941528
2743,d4s2b,469,1,6.079526662826538
2744,d4s2b,470,1,6.269931077957153
2745,d4s2b,471,-1,6.619813680648804
2746,d4s2b,472,1,6.32500958442688
2747,d4s2b,473,1,6.522609233856201
2748,d4s2b,474,1,6.593537330627441
2749,d4s2b,475,1,6.05550217628479
2750,d4s2b,476,1,6.071500062942505
2751,d4s2b,477,-1,5.972087621688843
2752,d4s2b,478,-1,6.303903341293335
2753,d4s2b,479,-1,5.929945945739746
2754,d4s2b,480,-1,6.010479688644409
2755,d4s2b,481,-1,6.01386284828186
2756,d4s2b,482,-1,6.2963550090789795
2757,d4s2b,483,-1,6.269402503967285
2758,d4s2b,484,-1,6.298429489135742
2759,d4s2b,485,1,6.1405627727508545
2760,d4s2b,486,-1,6.701056718826294
2761,d4s2b,487,-1,6.151769638061523
2762,d4s2b,488,-1,5.934112548828125
2763,d4s2b,489,-1,5.814326047897339
2764,d4s2b,490,-1,6.66670823097229
2765,d4s2b,491,1,6.438851833343506
2766,d4s2b,492,1,6.320811748504639
2767,d4s2b,493,1,6.355558395385742
2768,d4s2b,494,1,6.384329319000244
2769,d4s2b,495,1,6.40005898475647
2770,d4s2b,496,1,5.8369832038879395
2771,d4s2b,497,-1,6.214123010635376
2772,d4s2b,498,1,6.1844727993011475
2773,d4s2c,1,1,6.998147964477539
2774,d4s2c,2,1,6.015517711639404
2775,d4s2c,3,1,6.284709692001343
2776,d4s2c,4,1,6.983309030532837
2777,d4s2c,5,1,6.15349555015564
2778,d4s2c,6,1,6.119046688079834
2779,d4s2c,7,1,5.90230393409729
2780,d4s2c,8,1,6.194199085235596
2781,d4s2c,9,1,6.100023031234741
2782,d4s2c,10,-1,5.76598334312439
2783,d4s2c,11,-1,6.057531356811523
2784,d4s2c,12,-1,6.01733136177063
2785,d4s2c,13,1,6.682967901229858
2786,d4s2c,14,-1,6.51528263092041
2787,d4s2c,15,1,6.70614218711853
2788,d4s2c,16,1,6.4130988121032715
2789,d4s2c,17,1,6.290640115737915
2790,d4s2c,18,-1,6.053347826004028
2791,d4s2c,19,1,6.1353919506073
2792,d4s2c,20,1,6.1439666748046875
2793,d4s2c,21,-1,6.511512279510498
2794,d4s2c,22,1,6.612102508544922
2795,d4s2c,23,1,6.607403039932251
2796,d4s2c,24,1,6.235191822052002
2797,d4s2c,25,1,6.071765899658203
2798,d4s2c,26,1,6.545729875564575
2799,d4s2c,27,-1,6.199666738510132
2800,d4s2c,28,-1,5.985294580459595
2801,d4s2c,29,1,6.103589296340942
2802,d4s2c,30,1,6.31020188331604
2803,d4s2c,31,1,6.134975433349609
2804,d4s2c,32,1,6.282763242721558
2805,d4s2c,33,1,6.6059606075286865
2806,d4s2c,34,1,6.209282159805298
2807,d4s2c,35,-1,6.335541248321533
2808,d4s2c,36,-1,6.524977445602417
2809,d4s2c,37,-1,6.109021186828613
2810,d4s2c,38,-1,6.43548846244812
2811,d4s2c,39,1,6.2336742877960205
2812,d4s2c,40,-1,6.094573259353638
2813,d4s2c,41,1,6.306800842285156
2814,d4s2c,42,1,6.228307247161865
2815,d4s2c,43,-1,6.417883396148682
2816,d4s2c,44,-1,7.200019359588623
2817,d4s2c,45,-1,6.079258441925049
2818,d4s2c,46,-1,6.0295188426971436
2819,d4s2c,47,1,6.386348485946655
2820,d4s2c,48,-1,6.098823308944702
2821,d4s2c,49,1,5.848102569580078
2822,d4s2c,50,1,6.227137327194214
2823,d4s2c,51,1,6.457166910171509
2824,d4s2c,52,-1,6.3524675369262695
2825,d4s2c,53,1,6.283754348754883
2826,d4s2c,54,-1,6.611501455307007
2827,d4s2c,55,1,6.127480983734131
2828,d4s2c,56,1,6.007924318313599
2829,d4s2c,57,1,5.7830047607421875
2830,d4s2c,58,-1,6.108557462692261
2831,d4s2c,59,1,6.715179443359375
2832,d4s2c,60,1,6.276312351226807
2833,d4s2c,61,-1,6.011986255645752
2834,d4s2c,62,-1,6.304759502410889
2835,d4s2c,63,1,6.688806533813477
2836,d4s2c,64,1,6.457041263580322
2837,d4s2c,65,-1,6.183082103729248
2838,d4s2c,66,-1,6.085248708724976
2839,d4s2c,67,1,6.348368167877197
2840,d4s2c,68,-1,6.211442708969116
2841,d4s2c,69,-1,6.2089314460754395
2842,d4s2c,70,-1,6.329046726226807
2843,d4s2c,71,-1,6.488691806793213
2844,d4s2c,72,1,6.167902708053589
2845,d4s2c,73,1,6.361798524856567
2846,d4s2c,74,-1,6.130843877792358
2847,d4s2c,75,-1,5.897127628326416
2848,d4s2c,76,-1,6.102484464645386
2849,d4s2c,77,1,6.191471576690674
2850,d4s2c,78,1,6.1058478355407715
2851,d4s2c,79,1,6.0746002197265625
2852,d4s2c,80,1,6.078216791152954
2853,d4s2c,81,1,5.936007976531982
2854,d4s2c,82,1,6.093313932418823
2855,d4s2c,83,1,6.394717693328857
2856,d4s2c,84,-1,6.386332273483276
2857,d4s2c,85,1,6.428323030471802
2858,d4s2c,86,1,6.1899847984313965
2859,d4s2c,87,-1,6.566179275512695
2860,d4s2c,88,-1,6.086019992828369
2861,d4s2c,89,1,6.057070016860962
2862,d4s2c,90,1,6.327397108078003
2863,d4s2c,91,1,6.313053846359253
2864,d4s2c,92,-1,6.464736461639404
2865,d4s2c,93,-1,6.302764177322388
2866,d4s2c,94,-1,6.707046985626221
2867,d4s2c,95,-1,6.152651786804199
2868,d4s2c,96,-1,6.424343109130859
2869,d4s2c,97,1,6.120957136154175
2870,d4s2c,98,1,6.165746212005615
2871,d4s2c,99,-1,6.318558692932129
2872,d4s2c,100,1,6.32035756111145
2873,d4s2c,101,1,6.2570459842681885
2874,d4s2c,102,-1,5.977701663970947
2875,d4s2c,103,-1,6.688180208206177
2876,d4s2c,104,-1,5.926988124847412
2877,d4s2c,105,-1,6.459120035171509
2878,d4s2c,106,1,6.02848219871521
2879,d4s2c,107,1,6.294387340545654
2880,d4s2c,108,1,6.2443952560424805
2881,d4s2c,109,-1,6.159066915512085
2882,d4s2c,110,-1,6.502349376678467
2883,d4s2c,111,-1,6.435452938079834
2884,d4s2c,112,1,6.507090330123901
2885,d4s2c,113,-1,6.51343297958374
2886,d4s2c,114,-1,6.338412761688232
2887,d4s2c,115,-1,6.3541178703308105
2888,d4s2c,116,1,6.412867546081543
2889,d4s2c,117,-1,6.226198434829712
2890,d4s2c,118,-1,6.486967325210571
2891,d4s2c,119,1,6.343356132507324
2892,d4s2c,120,1,6.662478685379028
2893,d4s2c,121,1,6.2814106941223145
2894,d4s2c,122,1,6.59151816368103
2895,d4s2c,123,-1,6.3659703731536865
2896,d4s2c,124,1,6.189328670501709
2897,d4s2c,125,-1,6.491070985794067
2898,d4s2c,126,1,6.054723024368286
2899,d4s2c,127,1,6.41486120223999
2900,d4s2c,128,1,6.285470724105835
2901,d4s2c,129,1,6.025992393493652
2902,d4s2c,130,1,6.551305770874023
2903,d4s2c,131,-1,6.090235233306885
2904,d4s2c,132,1,6.3871705532073975
2905,d4s2c,133,1,6.057377815246582
2906,d4s2c,134,1,6.153525114059448
2907,d4s2c,135,1,6.067336559295654
2908,d4s2c,136,1,6.2502524852752686
2909,d4s2c,137,1,5.982774496078491
2910,d4s2c,138,1,6.365732908248901
2911,d4s2c,139,1,6.263493299484253
2912,d4s2c,140,-1,6.681015729904175
2913,d4s2c,141,-1,6.797971248626709
2914,d4s2c,142,1,6.263221740722656
2915,d4s2c,143,-1,6.693257808685303
2916,d4s2c,144,-1,6.208131551742554
2917,d4s2c,145,1,6.2136616706848145
2918,d4s2c,146,1,6.458143949508667
2919,d4s2c,147,1,6.170933723449707
2920,d4s2c,148,1,6.105252027511597
2921,d4s2c,149,-1,6.288421392440796
2922,d4s2c,150,-1,6.344487428665161
2923,d4s2c,151,1,6.276444911956787
2924,d4s2c,152,1,6.002264976501465
2925,d4s2c,153,-1,6.254908084869385
2926,d4s2c,154,-1,6.181457042694092
2927,d4s2c,155,-1,6.661462783813477
2928,d4s2c,156,-1,6.0691235065460205
2929,d4s2c,157,1,6.138614892959595
2930,d4s2c,158,-1,6.18021559715271
2931,d4s2c,159,-1,6.350944757461548
2932,d4s2c,160,-1,6.347117900848389
2933,d4s2c,161,-1,5.877704858779907
2934,d4s2c,162,-1,5.915754318237305
2935,d4s2c,163,1,6.172936916351318
2936,d4s2c,164,1,6.274961471557617
2937,d4s2c,165,1,6.051446437835693
2938,d4s2c,166,1,6.597360849380493
2939,d4s2c,167,1,6.71033787727356
2940,d4s2c,168,-1,5.940206527709961
2941,d4s2c,169,1,6.486864328384399
2942,d4s2c,170,-1,6.092083692550659
2943,d4s2c,171,-1,6.403100490570068
2944,d4s2c,172,1,6.656140565872192
2945,d4s2c,173,-1,6.133239507675171
2946,d4s2c,174,-1,6.749097108840942
2947,d4s2c,175,1,5.964315176010132
2948,d4s2c,176,1,5.977799892425537
2949,d4s2c,177,1,6.135928630828857
2950,d4s2c,178,-1,6.216104507446289
2951,d4s2c,179,-1,6.003310680389404
2952,d4s2c,180,1,6.262044906616211
2953,d4s2c,181,-1,6.323018312454224
2954,d4s2c,182,-1,6.68399715423584
2955,d4s2c,183,-1,6.389902114868164
2956,d4s2c,184,1,6.13874077796936
2957,d4s2c,185,-1,6.163247346878052
2958,d4s2c,186,-1,6.182071924209595
2959,d4s2c,187,1,6.345207214355469
2960,d4s2c,188,-1,6.99236798286438
2961,d4s2c,189,1,6.7624831199646
2962,d4s2c,190,1,6.4145519733428955
2963,d4s2c,191,-1,6.49400520324707
2964,d4s2c,192,-1,6.2313597202301025
2965,d4s2c,193,1,6.223406553268433
2966,d4s2c,194,-1,6.2709715366363525
2967,d4s2c,195,1,6.0246336460113525
2968,d4s2c,196,1,5.955663681030273
2969,d4s2c,197,-1,6.397618055343628
2970,d4s2c,198,-1,6.363626003265381
2971,d4s2c,199,1,6.348857879638672
2972,d4s2c,200,1,6.457071542739868
2973,d4s2c,201,1,6.175661325454712
2974,d4s2c,202,1,6.616836309432983
2975,d4s2c,203,1,5.998016834259033
2976,d4s2c,204,1,6.666116714477539
2977,d4s2c,205,-1,6.3638997077941895
2978,d4s2c,206,-1,6.827638149261475
2979,d4s2c,207,1,6.148717164993286
2980,d4s2c,208,-1,6.115219593048096
2981,d4s2c,209,-1,6.039517641067505
2982,d4s2c,210,1,6.724116563796997
2983,d4s2c,211,1,6.185667276382446
2984,d4s2c,212,1,6.360337972640991
2985,d4s2c,213,1,5.841362237930298
2986,d4s2c,214,1,6.764281988143921
2987,d4s2c,215,-1,6.052337169647217
2988,d4s2c,216,-1,6.150591611862183
2989,d4s2c,217,-1,6.36275839805603
2990,d4s2c,218,-1,6.18618369102478
2991,d4s2c,219,-1,6.358537197113037
2992,d4s2c,220,1,6.604039907455444
2993,d4s2c,221,1,6.175154447555542
2994,d4s2c,222,1,6.244229078292847
2995,d4s2c,223,-1,5.8401501178741455
2996,d4s2c,224,-1,6.41453742980957
2997,d4s2c,225,-1,6.266614198684692
2998,d4s2c,226,-1,5.944009780883789
2999,d4s2c,227,-1,6.448149919509888
3000,d4s2c,228,-1,6.539058446884155
3001,d4s2c,229,-1,6.064485549926758
3002,d4s2c,230,-1,6.720032453536987
3003,d4s2c,231,1,6.3964149951934814
3004,d4s2c,232,1,6.792754888534546
3005,d4s2c,233,1,6.407644033432007
3006,d4s2c,234,1,6.002439975738525
3007,d4s2c,235,1,6.501442193984985
3008,d4s2c,236,-1,6.180500745773315
3009,d4s2c,237,-1,6.255953073501587
3010,d4s2c,238,-1,6.115271329879761
3011,d4s2c,239,1,6.049482583999634
3012,d4s2c,240,1,6.162290334701538
3013,d4s2c,241,1,6.304460287094116
3014,d4s2c,242,1,6.421682357788086
3015,d4s2c,243,1,6.508749723434448
3016,d4s2c,244,1,6.199152946472168
3017,d4s2c,245,1,5.920391082763672
3018,d4s2c,246,1,6.508650541305542
3019,d4s2c,247,-1,6.15462851524353
3020,d4s2c,248,1,6.166431665420532
3021,d4s2c,249,1,5.940867185592651
3022,d4s2c,250,1,6.047045946121216
3023,d4s2c,251,1,5.822260141372681
3024,d4s2c,252,1,6.378058910369873
3025,d4s2c,253,1,6.650524377822876
3026,d4s2c,254,-1,6.287697792053223
3027,d4s2c,255,-1,6.054441690444946
3028,d4s2c,256,-1,6.421916246414185
3029,d4s2c,257,1,6.083200216293335
3030,d4s2c,258,-1,6.152817249298096
3031,d4s2c,259,1,6.552159786224365
3032,d4s2c,260,1,6.706401348114014
3033,d4s2c,261,-1,6.2490904331207275
3034,d4s2c,262,-1,6.640706539154053
3035,d4s2c,263,-1,7.125028371810913
3036,d4s2c,264,-1,6.496908664703369
3037,d4s2c,265,1,6.54108190536499
3038,d4s2c,266,1,6.387062311172485
3039,d4s2c,267,1,6.910841941833496
3040,d4s2c,268,1,6.05411434173584
3041,d4s2c,269,1,6.247283935546875
3042,d4s2c,270,-1,6.191909074783325
3043,d4s2c,271,1,5.86259388923645
3044,d4s2c,272,1,6.288204908370972
3045,d4s2c,273,1,6.209116220474243
3046,d4s2c,274,1,6.457699298858643
3047,d4s2c,275,1,6.473114728927612
3048,d4s2c,276,1,6.1657702922821045
3049,d4s2c,277,-1,6.3009679317474365
3050,d4s2c,278,-1,6.242414474487305
3051,d4s2c,279,-1,5.87924861907959
3052,d4s2c,280,1,6.143680810928345
3053,d4s2c,281,-1,6.177078485488892
3054,d4s2c,282,-1,6.733250856399536
3055,d4s2c,283,1,6.13264799118042
3056,d4s2c,284,-1,6.161890029907227
3057,d4s2c,285,1,6.09042501449585
3058,d4s2c,286,-1,6.257578372955322
3059,d4s2c,287,-1,6.296692848205566
3060,d4s2c,288,1,6.431084871292114
3061,d4s2c,289,1,6.8432934284210205
3062,d4s2c,290,1,6.579416275024414
3063,d4s2c,291,1,6.463726758956909
3064,d4s2c,292,1,7.189666509628296
3065,d4s2c,293,1,5.944238901138306
3066,d4s2c,294,1,7.055892705917358
3067,d4s2c,295,-1,6.864987850189209
3068,d4s2c,296,-1,6.106839418411255
3069,d4s2c,297,1,6.266351938247681
3070,d4s2c,298,1,5.891974449157715
3071,d4s2c,299,1,6.11993145942688
3072,d4s2c,300,1,5.899794340133667
3073,d4s2c,301,-1,6.100595712661743
3074,d4s2c,302,-1,6.0560338497161865
3075,d4s2c,303,1,6.740225076675415
3076,d4s2c,304,1,6.212217569351196
3077,d4s2c,305,1,6.377521753311157
3078,d4s2c,306,1,6.517044305801392
3079,d4s2c,307,-1,6.716928482055664
3080,d4s2c,308,-1,6.3099424839019775
3081,d4s2c,309,-1,6.225942850112915
3082,d4s2c,310,1,5.9055867195129395
3083,d4s2c,311,1,5.975456714630127
3084,d4s2c,312,1,5.982092618942261
3085,d4s2c,313,1,6.338336706161499
3086,d4s2c,314,1,5.8462841510772705
3087,d4s2c,315,1,6.104801893234253
3088,d4s2c,316,1,6.143828868865967
3089,d4s2c,317,-1,6.208202362060547
3090,d4s2c,318,-1,6.419265508651733
3091,d4s2c,319,1,6.180130481719971
3092,d4s2c,320,1,6.237570524215698
3093,d4s2c,321,-1,6.5824501514434814
3094,d4s2c,322,-1,6.614782810211182
3095,d4s2c,323,-1,6.242206573486328
3096,d4s2c,324,1,6.235024452209473
3097,d4s2c,325,1,6.313365459442139
3098,d4s2c,326,-1,6.224315404891968
3099,d4s2c,327,-1,6.334723711013794
3100,d4s2c,328,-1,6.233365297317505
3101,d4s2c,329,1,6.450355768203735
3102,d4s2c,330,1,6.124600887298584
3103,d4s2c,331,1,6.081022024154663
3104,d4s2c,332,-1,6.343218803405762
3105,d4s2c,333,1,5.865541696548462
3106,d4s2c,334,1,6.406438589096069
3107,d4s2c,335,-1,6.731003284454346
3108,d4s2c,336,-1,6.224254846572876
3109,d4s2c,337,-1,5.987369060516357
3110,d4s2c,338,-1,5.970676898956299
3111,d4s2c,339,1,6.066758632659912
3112,d4s2c,340,1,6.070608377456665
3113,d4s2c,341,-1,6.836839199066162
3114,d4s2c,342,-1,6.878766059875488
3115,d4s2c,343,1,6.1179358959198
3116,d4s2c,344,-1,6.107093095779419
3117,d4s2c,345,-1,6.2733824253082275
3118,d4s2c,346,-1,6.325982570648193
3119,d4s2c,347,-1,6.278406620025635
3120,d4s2c,348,-1,5.8718273639678955
3121,d4s2c,349,-1,6.741973876953125
3122,d4s2c,350,-1,6.303025484085083
3123,d4s2c,351,1,6.182644367218018
3124,d4s2c,352,1,6.413992166519165
3125,d4s2c,353,-1,6.118466138839722
3126,d4s2c,354,-1,7.0479888916015625
3127,d4s2c,355,-1,6.156250476837158
3128,d4s2c,356,-1,6.4726667404174805
3129,d4s2c,357,-1,6.53218412399292
3130,d4s2c,358,-1,6.560477018356323
3131,d4s2c,359,1,6.556327819824219
3132,d4s2c,360,1,6.302449703216553
3133,d4s2c,361,1,6.414726972579956
3134,d4s2c,362,1,6.259797096252441
3135,d4s2c,363,-1,6.680069208145142
3136,d4s2c,364,1,6.406867980957031
3137,d4s2c,365,-1,6.248128414154053
3138,d4s2c,366,1,6.1662538051605225
3139,d4s2c,367,-1,6.228917837142944
3140,d4s2c,368,1,6.881598472595215
3141,d4s2c,369,1,6.264026165008545
3142,d4s2c,370,1,6.950052976608276
3143,d4s2c,371,1,6.36293888092041
3144,d4s2c,372,-1,6.2595884799957275
3145,d4s2c,373,1,6.633618116378784
3146,d4s2c,374,1,6.205806732177734
3147,d4s2c,375,-1,6.809601068496704
3148,d4s2c,376,-1,6.244533538818359
3149,d4s2c,377,-1,6.41220235824585
3150,d4s2c,378,-1,6.278580665588379
3151,d4s2c,379,-1,6.380297899246216
3152,d4s2c,380,-1,6.345312118530273
3153,d4s2c,381,-1,6.257074356079102
3154,d4s2c,382,1,6.067028045654297
3155,d4s2c,383,-1,6.197209358215332
3156,d4s2c,384,1,6.246941328048706
3157,d4s2c,385,-1,6.455401420593262
3158,d4s2c,386,1,6.133738040924072
3159,per,1,1,7.682501316070557
3160,per,2,1,7.454329490661621
3161,per,3,1,7.764353513717651
3162,per,4,-1,7.503580331802368
3163,per,5,1,7.5885329246521
3164,per,6,1,7.446852207183838
3165,per,7,1,7.488582372665405
3166,per,8,1,7.8565638065338135
3167,per,9,1,7.915440320968628
3168,per,10,1,7.396546125411987
3169,per,11,1,7.9994118213653564
3170,per,12,1,7.651597738265991
3171,per,13,1,7.768570423126221
3172,per,14,1,7.494908571243286
3173,per,15,1,7.5408244132995605
3174,per,16,1,7.707917928695679
3175,per,17,1,7.780589818954468
3176,per,18,1,7.804747819900513
3177,per,19,1,8.002291440963745
3178,per,20,1,7.91731858253479
3179,per,21,1,7.703905820846558
3180,per,22,1,7.453300714492798
3181,per,23,1,7.60836124420166
3182,per,24,1,7.7831432819366455
3183,per,25,1,7.52040696144104
3184,per,26,1,7.463674545288086
3185,per,27,1,7.801972150802612
3186,per,28,1,7.635542154312134
3187,per,29,1,7.803256511688232
3188,per,30,1,7.719684362411499
3189,per,31,1,7.6537957191467285
3190,per,32,1,7.740445852279663
3191,per,33,1,7.730968713760376
3192,per,34,1,7.999445199966431
3193,per,35,1,7.7768237590789795
3194,per,36,1,8.11945366859436
3195,per,37,1,7.511114597320557
3196,per,38,1,7.5422890186309814
3197,per,39,1,7.796451091766357
3198,per,40,1,8.04552412033081
3199,per,41,1,7.631875276565552
3200,per,42,1,7.5765533447265625
3201,per,43,1,7.846304178237915
3202,per,44,1,7.828460216522217
3203,per,45,1,7.797170162200928
3204,per,46,1,7.753953695297241
3205,per,47,1,8.011435747146606
3206,per,48,1,7.722586631774902
3207,per,49,1,7.863571405410767
3208,per,50,1,7.68623948097229
3209,per,51,1,7.763863801956177
3210,per,52,1,7.7649431228637695
3211,per,53,1,7.499403238296509
3212,per,54,1,7.616889953613281
3213,per,55,1,7.595532655715942
3214,per,56,1,7.5998616218566895
3215,per,57,1,7.60209059715271
3216,per,58,1,7.710498571395874
3217,per,59,1,7.664487838745117
3218,per,60,1,7.908782720565796
3219,per,61,-1,7.989238023757935
3220,per,62,1,7.83493185043335
3221,per,63,1,7.490992546081543
3222,per,64,1,7.706429719924927
3223,per,65,1,7.546565294265747
3224,per,66,1,7.666558504104614
3225,per,67,1,7.93476939201355
3226,per,68,1,7.691910028457642
3227,per,69,1,7.937676191329956
3228,per,70,1,7.765176773071289
3229,per,71,1,7.62365460395813
3230,per,72,1,7.694230556488037
3231,per,73,1,7.586316823959351
3232,per,74,1,7.696246385574341
3233,per,75,1,7.640445947647095
3234,per,76,1,7.653027057647705
3235,per,77,1,7.603084564208984
3236,per,78,1,7.55301833152771
3237,per,79,1,7.7365336418151855
3238,per,80,1,7.6729514598846436
3239,per,81,1,7.457157611846924
3240,per,82,1,7.540897607803345
3241,per,83,1,7.542859792709351
3242,per,84,1,7.629758834838867
3243,per,85,1,7.376203298568726
3244,per,86,1,7.7277069091796875
3245,per,87,1,7.663803339004517
3246,per,88,1,7.578801393508911
3247,per,89,1,7.740215301513672
3248,per,90,1,7.404250144958496
3249,per,91,1,7.651451826095581
3250,per,92,-1,8.066039800643921
3251,per,93,1,7.962257623672485
3252,per,94,1,7.592926979064941
3253,per,95,1,7.639899015426636
3254,per,96,1,7.731974124908447
3255,per,97,1,8.001651048660278
3256,per,98,1,7.375876426696777
3257,per,99,1,7.414701461791992
3258,per,100,1,7.480894565582275
3259,sig,1,-1,7.343933343887329
3260,sig,2,-1,7.00265908241272
3261,sig,3,1,7.600411653518677
3262,sig,4,1,7.907042980194092
3263,sig,5,-1,7.3231353759765625
3264,sig,6,1,7.550197601318359
3265,sig,7,1,7.470421314239502
3266,sig,8,1,7.641923427581787
3267,sig,9,1,7.5668840408325195
3268,sig,10,1,7.143787145614624
3269,sig,11,1,7.076121807098389
3270,sig,12,-1,8.131516456604004
3271,sig,13,1,7.331989288330078
3272,sig,14,-1,7.645719528198242
3273,sig,15,1,7.730990409851074
3274,sig,16,1,7.577970743179321
3275,sig,17,-1,7.644092559814453
3276,sig,18,1,7.642482757568359
3277,sig,19,-1,7.990870952606201
3278,sig,20,1,7.225961446762085
3279,sig,21,1,7.428279638290405
3280,sig,22,-1,7.154040575027466
3281,sig,23,1,7.325896501541138
3282,sig,24,-1,7.035108327865601
3283,sig,25,1,7.400439023971558
3284,sig,26,1,7.801375389099121
3285,sig,27,1,7.432799816131592
3286,sig,28,-1,7.285952091217041
3287,sig,29,1,7.763929843902588
3288,sig,30,-1,7.345752000808716
3289,sig,31,1,7.5262610912323
3290,sig,32,-1,7.989875316619873
3291,sig,33,1,7.481757402420044
3292,sig,34,1,8.057268857955933
3293,sig,35,1,7.990264654159546
3294,sig,36,-1,7.710773468017578
3295,sig,37,1,7.800252199172974
3296,sig,38,-1,7.553655624389648
3297,sig,39,1,7.883238792419434
3298,sig,40,1,7.63150429725647
3299,sig,41,-1,7.397229909896851
3300,sig,42,1,7.764114618301392
3301,sig,43,-1,7.879278182983398
3302,sig,44,1,7.732417106628418
3303,sig,45,1,8.235533237457275
3304,sig,46,-1,7.791473865509033
3305,sig,47,1,8.048722267150879
3306,sig,48,1,7.738886833190918
3307,sig,49,1,7.357128143310547
3308,sig,50,-1,7.309583902359009
3309,sig,51,1,7.849010229110718
3310,sig,52,1,7.712264060974121
3311,sig,53,1,8.06137490272522
3312,sig,54,-1,7.451754570007324
3313,sig,55,1,7.52536153793335
3314,sig,56,1,8.15837025642395
3315,sig,57,-1,7.901322841644287
3316,sig,58,1,7.342383861541748
3317,sig,59,1,7.585358381271362
3318,sig,60,1,7.884625196456909
3319,sig,61,1,7.973801612854004
3320,sig,62,1,7.826577186584473
3321,sig,63,1,7.1855409145355225
3322,sig,64,1,7.252496004104614
3323,sig,65,-1,7.3852856159210205
3324,sig,66,-1,7.633805274963379
3325,sig,67,1,7.8948283195495605
3326,sig,68,1,7.507854700088501
3327,sig,69,1,7.886832237243652
3328,sig,70,1,7.938567399978638
3329,sig,71,-1,7.6026012897491455
3330,sig,72,1,7.55138373374939
3331,sig,73,-1,7.655255079269409
3332,sig,74,1,7.6847357749938965
3333,sig,75,1,7.913950681686401
3334,sig,76,-1,7.569114446640015
3335,sig,77,1,7.542355298995972
3336,sig,78,1,7.736291885375977
3337,sig,79,1,7.827950477600098
3338,sig,80,-1,7.955525159835815
3339,sig,81,1,7.805068254470825
3340,sig,82,1,7.453714847564697
3341,sig,83,1,7.302833557128906
3342,sig,84,-1,7.671132326126099
3343,sig,85,-1,7.645324945449829
3344,sig,86,1,7.88128137588501
3345,sig,87,1,7.924360752105713
3346,sig,88,-1,7.939508438110352
3347,sig,89,-1,7.884953260421753
3348,sig,90,-1,7.5794196128845215
3349,sig,91,-1,7.580903053283691
3350,sig,92,1,7.731271266937256
3351,sig,93,-1,7.6383116245269775
3352,sig,94,-1,7.3188066482543945
3353,sig,95,1,7.8027567863464355
3354,sig,96,1,7.809067010879517
3355,sig,97,-1,7.780008554458618
3356,sig,98,-1,7.980593204498291
3357,sig,99,1,8.00099515914917
3358,sig,100,1,7.393017530441284
3359,vex,1,1,7.278525352478027
3360,vex,2,1,7.77433705329895
3361,vex,3,1,7.652415990829468
3362,vex,4,1,7.095945358276367
3363,vex,5,1,7.5360376834869385
3364,vex,6,1,8.130873441696167
3365,vex,7,1,7.857264995574951
3366,vex,8,1,8.153149127960205
3367,vex,9,1,7.79927134513855
3368,vex,10,1,6.983011722564697
3369,vex,11,1,7.845119953155518
3370,vex,12,1,8.0330171585083
3371,vex,13,1,8.172426700592041
3372,vex,14,-1,7.311999797821045
3373,vex,15,-1,7.749432325363159
3374,vex,16,-1,7.851728439331055
3375,vex,17,1,7.929680109024048
3376,vex,18,1,7.903534650802612
3377,vex,19,1,7.964725494384766
3378,vex,20,-1,7.216509819030762
3379,vex,21,1,7.723087310791016
3380,vex,22,-1,7.773362398147583
3381,vex,23,1,7.623448610305786
3382,vex,24,1,7.693208456039429
3383,vex,25,1,7.546311855316162
3384,vex,26,1,7.870187044143677
3385,vex,27,1,7.293051719665527
3386,vex,28,-1,7.143866539001465
3387,vex,29,1,7.817048788070679
3388,vex,30,1,7.766841888427734
3389,vex,31,1,7.614235877990723
3390,vex,32,1,8.068569660186768
3391,vex,33,1,7.814434051513672
3392,vex,34,-1,7.786681890487671
3393,vex,35,1,7.733744144439697
3394,vex,36,1,7.992999315261841
3395,vex,37,1,7.928783893585205
3396,vex,38,1,6.970103740692139
3397,vex,39,1,7.538773536682129
3398,vex,40,1,7.591201305389404
3399,vex,41,1,7.366866588592529
3400,vex,42,1,7.807520866394043
3401,vex,43,1,8.070183038711548
3402,vex,44,1,7.369171380996704
3403,vex,45,1,7.651982069015503
3404,vex,46,1,7.54706883430481
3405,vex,47,1,7.195254802703857
3406,vex,48,1,7.69131064414978
3407,vex,49,1,7.613664627075195
3408,vex,50,1,7.459847927093506
3409,vex,51,1,7.941722393035889
3410,vex,52,1,7.851653099060059
3411,vex,53,1,7.940932512283325
3412,vex,54,1,7.688697338104248
3413,vex,55,-1,7.427520751953125
3414,vex,56,1,7.8438780307769775
3415,vex,57,1,7.605491638183594
3416,vex,58,1,7.618786573410034
3417,vex,59,1,7.302525281906128
3418,vex,60,1,7.892938613891602
3419,vex,61,1,7.578227996826172
3420,vex,62,1,7.606628894805908
3421,vex,63,1,7.569729328155518
3422,vex,64,1,7.399971008300781
3423,vex,65,1,7.989911079406738
3424,vex,66,1,7.619150638580322
3425,vex,67,1,8.106657028198242
3426,vex,68,1,8.074833631515503
3427,vex,69,1,7.607841968536377
3428,vex,70,1,7.770962238311768
3429,vex,71,1,7.706661701202393
3430,vex,72,1,7.910180568695068
3431,vex,73,1,7.647581100463867
3432,vex,74,1,7.624643564224243
3433,vex,75,-1,7.350553750991821
3434,vex,76,1,7.103058815002441
3435,vex,77,1,8.144889116287231
3436,vex,78,-1,7.218812942504883
3437,vex,79,1,7.6034464836120605
3438,vex,80,1,7.691405296325684
3439,vex,81,1,8.006455421447754
3440,vex,82,1,7.2808520793914795
3441,vex,83,1,6.894939661026001
3442,vex,84,1,7.601824760437012
3443,vex,85,1,7.72510838508606
3444,vex,86,1,7.653996229171753
3445,vex,87,1,7.523802757263184
3446,vex,88,1,7.903538703918457
3447,vex,89,1,7.798128128051758
3448,vex,90,1,7.572411298751831
3449,vex,91,1,7.422795295715332
3450,vex,92,1,7.66467547416687
3451,vex,93,1,7.448186874389648
3452,vex,94,1,8.037158250808716
3453,vex,95,1,7.473394155502319
3454,vex,96,-1,7.587465524673462
3455,vex,97,-1,7.398783206939697
3456,vex,98,-1,7.551217317581177
3457,vex,99,1,7.5051589012146
3458,vex,100,1,7.746142387390137
3459,qdv,1,1,6.8760576248168945
3460,qdv,2,1,6.122809886932373
3461,qdv,3,1,6.590998411178589
3462,qdv,4,1,6.351197004318237
3463,qdv,5,1,6.399864435195923
3464,qdv,6,1,6.955427646636963
3465,qdv,7,1,6.20714259147644
3466,qdv,8,1,6.589970588684082
3467,qdv,9,1,6.908671855926514
3468,qdv,10,1,6.678869009017944
3469,qdv,11,1,6.993565797805786
3470,qdv,12,-1,6.65166974067688
3471,qdv,13,-1,6.498862266540527
3472,qdv,14,-1,7.095422983169556
3473,qdv,15,1,7.4041900634765625
3474,qdv,16,1,7.04991602897644
3475,qdv,17,1,6.826832294464111
3476,qdv,18,-1,6.81399130821228
3477,qdv,19,1,6.418745994567871
3478,qdv,20,1,6.904628276824951
3479,qdv,21,-1,6.016729354858398
3480,qdv,22,1,6.982273101806641
3481,qdv,23,1,6.124809503555298
3482,qdv,24,1,6.182965993881226
3483,qdv,25,1,5.881059646606445
3484,qdv,26,1,6.323907375335693
3485,qdv,27,-1,6.195144414901733
3486,qdv,28,-1,6.899168014526367
3487,qdv,29,-1,6.74978232383728
3488,qdv,30,1,6.301270008087158
3489,qdv,31,1,6.363203525543213
3490,qdv,32,1,7.073427200317383
3491,qdv,33,1,6.4692223072052
3492,qdv,34,-1,6.612417697906494
3493,qdv,35,1,6.470432996749878
3494,qdv,36,1,6.801563501358032
3495,qdv,37,1,6.197944164276123
3496,qdv,38,-1,6.896310329437256
3497,qdv,39,1,6.593102216720581
3498,qdv,40,1,6.647601842880249
3499,qdv,41,1,6.693679571151733
3500,qdv,42,1,6.785656213760376
3501,qdv,43,1,5.885971784591675
3502,qdv,44,-1,6.1115827560424805
3503,qdv,45,1,6.219890117645264
3504,qdv,46,-1,6.053072690963745
3505,qdv,47,-1,6.335458993911743
3506,qdv,48,1,6.649762392044067
3507,qdv,49,1,7.689385175704956
3508,qdv,50,1,6.569285154342651
3509,qdv,51,1,7.347975015640259
3510,qdv,52,1,6.306265830993652
3511,qdv,53,-1,6.683495044708252
3512,qdv,54,-1,6.858447074890137
3513,qdv,55,-1,6.195255994796753
3514,qdv,56,-1,6.6604697704315186
3515,qdv,57,-1,6.109951972961426
3516,qdv,58,1,6.60207462310791
3517,qdv,59,1,7.291795492172241
3518,qdv,60,1,6.904343843460083
3519,qdv,61,-1,6.256360292434692
3520,qdv,62,1,5.91590428352356
3521,qdv,63,-1,7.182828187942505
3522,qdv,64,1,6.584732532501221
3523,qdv,65,1,7.401116847991943
3524,qdv,66,1,6.172563552856445
3525,qdv,67,-1,5.86525297164917
3526,qdv,68,1,6.404620170593262
3527,qdv,69,1,6.244997024536133
3528,qdv,70,1,6.819257020950317
3529,qdv,71,1,6.3508217334747314
3530,qdv,72,1,7.216955184936523
3531,qdv,73,1,6.5363929271698
3532,qdv,74,1,6.706598997116089
3533,qdv,75,1,6.810654401779175
3534,qdv,76,1,5.739400386810303
3535,qdv,77,1,6.962223052978516
3536,qdv,78,1,6.100572824478149
3537,qdv,79,-1,6.8972389698028564
3538,qdv,80,-1,6.296773195266724
3539,qdv,81,1,6.98768949508667
3540,qdv,82,-1,7.398069381713867
3541,qdv,83,1,6.236887693405151
3542,qdv,84,-1,6.772207498550415
3543,qdv,85,1,6.425815105438232
3544,qdv,86,1,6.752729892730713
3545,qdv,87,-1,7.158551216125488
3546,qdv,88,1,5.716120719909668
3547,qdv,89,1,7.009015798568726
3548,qdv,90,1,6.550506830215454
3549,qdv,91,1,6.389981985092163
3550,qdv,92,1,6.24181056022644
3551,qdv,93,1,6.454266786575317
3552,qdv,94,1,6.589170694351196
3553,qdv,95,1,6.753373861312866
3554,qdv,96,1,7.787078142166138
3555,qdv,97,1,7.0694825649261475
3556,qdv,98,-1,6.500709295272827
3557,qdv,99,1,5.936388731002808
3558,qdv,100,1,6.94247841835022
3559,sigv,1,-1,7.361809968948364
3560,sigv,2,1,6.492262363433838
3561,sigv,3,-1,6.500492572784424
3562,sigv,4,1,6.92512059211731
3563,sigv,5,1,7.489626169204712
3564,sigv,6,1,6.839883327484131
3565,sigv,7,1,6.4672181606292725
3566,sigv,8,1,6.166190147399902
3567,sigv,9,1,6.421894788742065
3568,sigv,10,-1,7.293160676956177
3569,sigv,11,-1,6.7488319873809814
3570,sigv,12,-1,7.791131019592285
3571,sigv,13,1,7.385158538818359
3572,sigv,14,1,6.45888352394104
3573,sigv,15,-1,6.365977764129639
3574,sigv,16,-1,6.614952564239502
3575,sigv,17,1,6.560310125350952
3576,sigv,18,1,7.0884082317352295
3577,sigv,19,1,7.066195011138916
3578,sigv,20,1,6.748035430908203
3579,sigv,21,1,6.231273412704468
3580,sigv,22,1,6.977301359176636
3581,sigv,23,1,7.433314085006714
3582,sigv,24,-1,6.761141300201416
3583,sigv,25,1,6.333755731582642
3584,sigv,26,1,6.373241901397705
3585,sigv,27,-1,7.026504039764404
3586,sigv,28,1,6.925913333892822
3587,sigv,29,-1,6.904329538345337
3588,sigv,30,1,6.337008953094482
3589,sigv,31,1,7.02351975440979
3590,sigv,32,1,6.921406269073486
3591,sigv,33,1,7.625959157943726
3592,sigv,34,1,6.206946611404419
3593,sigv,35,1,6.935342788696289
3594,sigv,36,-1,6.932410717010498
3595,sigv,37,1,6.360422849655151
3596,sigv,38,1,6.372543573379517
3597,sigv,39,-1,7.262251615524292
3598,sigv,40,1,6.6796441078186035
3599,sigv,41,1,6.909626483917236
3600,sigv,42,1,6.018560409545898
3601,sigv,43,1,6.548659801483154
3602,sigv,44,-1,7.860042333602905
3603,sigv,45,1,6.704857349395752
3604,sigv,46,-1,7.375224590301514
3605,sigv,47,1,7.097795248031616
3606,sigv,48,-1,7.067221403121948
3607,sigv,49,1,6.895489454269409
3608,sigv,50,-1,6.57235050201416
3609,sigv,51,1,6.910459518432617
3610,sigv,52,1,7.554088830947876
3611,sigv,53,1,6.019674777984619
3612,sigv,54,1,6.879750967025757
3613,sigv,55,1,6.675755262374878
3614,sigv,56,1,6.7135467529296875
3615,sigv,57,1,6.499203681945801
3616,sigv,58,1,7.590109586715698
3617,sigv,59,1,7.42451810836792
3618,sigv,60,1,7.739682674407959
3619,sigv,61,1,6.951605319976807
3620,sigv,62,1,7.147028207778931
3621,sigv,63,1,6.607601642608643
3622,sigv,64,1,7.629834413528442
3623,sigv,65,1,6.359400987625122
3624,sigv,66,1,7.086780071258545
3625,sigv,67,1,7.153334379196167
3626,sigv,68,1,6.546459197998047
3627,sigv,69,1,6.415891408920288
3628,sigv,70,1,6.479762315750122
3629,sigv,71,1,7.295165538787842
3630,sigv,72,1,6.288937568664551
3631,sigv,73,1,7.198617935180664
3632,sigv,74,1,6.353723526000977
3633,sigv,75,-1,6.6704490184783936
3634,sigv,76,1,6.486138343811035
3635,sigv,77,1,7.444906711578369
3636,sigv,78,-1,6.750128269195557
3637,sigv,79,1,6.891006708145142
3638,sigv,80,1,6.769430160522461
3639,sigv,81,1,6.579944849014282
3640,sigv,82,1,6.403284311294556
3641,sigv,83,1,7.061236143112183
3642,sigv,84,1,6.490516185760498
3643,sigv,85,1,7.32807993888855
3644,sigv,86,1,6.48531436920166
3645,sigv,87,1,6.960196018218994
3646,sigv,88,1,7.053048610687256
3647,sigv,89,1,6.983062505722046
3648,sigv,90,1,7.158148527145386
3649,sigv,91,1,7.518754959106445
3650,sigv,92,-1,6.872507810592651
3651,sigv,93,1,6.677788496017456
3652,sigv,94,1,6.427853345870972
3653,sigv,95,1,6.878647565841675
3654,sigv,96,1,6.805563449859619
3655,sigv,97,1,7.416990041732788
3656,sigv,98,1,7.003875494003296
3657,sigv,99,-1,6.863849639892578
3658,sigv,100,-1,6.972246408462524
3659,rbfv,1,1,6.604879140853882
3660,rbfv,2,1,6.773028135299683
3661,rbfv,3,1,6.857612371444702
3662,rbfv,4,-1,6.485923528671265
3663,rbfv,5,1,7.6266069412231445
3664,rbfv,6,-1,7.339080810546875
3665,rbfv,7,1,6.785078287124634
3666,rbfv,8,1,6.781245231628418
3667,rbfv,9,1,6.481597900390625
3668,rbfv,10,1,6.606318235397339
3669,rbfv,11,1,6.158643007278442
3670,rbfv,12,1,6.730869293212891
3671,rbfv,13,1,7.389112710952759
3672,rbfv,14,1,6.690916061401367
3673,rbfv,15,-1,7.29583477973938
3674,rbfv,16,1,6.264592409133911
3675,rbfv,17,1,7.0439300537109375
3676,rbfv,18,-1,6.348702907562256
3677,rbfv,19,1,6.524698257446289
3678,rbfv,20,1,6.940701246261597
3679,rbfv,21,1,6.600096225738525
3680,rbfv,22,1,6.899324893951416
3681,rbfv,23,1,6.110014200210571
3682,rbfv,24,1,7.243720769882202
3683,rbfv,25,1,6.61370325088501
3684,rbfv,26,-1,6.762584209442139
3685,rbfv,27,-1,6.636842966079712
3686,rbfv,28,1,7.701865911483765
3687,rbfv,29,1,7.418368339538574
3688,rbfv,30,1,7.645252227783203
3689,rbfv,31,1,6.712510585784912
3690,rbfv,32,1,6.654025077819824
3691,rbfv,33,1,6.642467737197876
3692,rbfv,34,1,6.939842462539673
3693,rbfv,35,1,7.062914609909058
3694,rbfv,36,-1,5.932201862335205
3695,rbfv,37,1,6.7335920333862305
3696,rbfv,38,1,6.837159633636475
3697,rbfv,39,1,6.875835418701172
3698,rbfv,40,1,6.286849498748779
3699,rbfv,41,1,6.57171368598938
3700,rbfv,42,1,6.864562273025513
3701,rbfv,43,1,7.463187217712402
3702,rbfv,44,1,6.157168626785278
3703,rbfv,45,1,7.614129304885864
3704,rbfv,46,1,6.7148637771606445
3705,rbfv,47,-1,7.34449028968811
3706,rbfv,48,1,6.458849906921387
3707,rbfv,49,1,7.086270332336426
3708,rbfv,50,1,6.798743963241577
3709,rbfv,51,1,6.39342737197876
3710,rbfv,52,1,7.688747406005859
3711,rbfv,53,1,7.472596645355225
3712,rbfv,54,1,6.984616279602051
3713,rbfv,55,1,7.385469436645508
3714,rbfv,56,1,7.370498418807983
3715,rbfv,57,1,6.613475561141968
3716,rbfv,58,1,6.214503765106201
3717,rbfv,59,1,6.686851263046265
3718,rbfv,60,1,5.921773672103882
3719,rbfv,61,1,6.466252565383911
3720,rbfv,62,-1,6.9004693031311035
3721,rbfv,63,1,6.396683692932129
3722,rbfv,64,1,6.513892889022827
3723,rbfv,65,1,6.569963693618774
3724,rbfv,66,1,6.3286261558532715
3725,rbfv,67,1,6.284604072570801
3726,rbfv,68,1,6.21658182144165
3727,rbfv,69,1,6.276331424713135
3728,rbfv,70,1,6.723823547363281
3729,rbfv,71,1,6.70098090171814
3730,rbfv,72,1,6.978187322616577
3731,rbfv,73,1,7.200798988342285
3732,rbfv,74,1,6.3201515674591064
3733,rbfv,75,1,7.238837480545044
3734,rbfv,76,1,6.86466908454895
3735,rbfv,77,1,6.8447465896606445
3736,rbfv,78,-1,6.4913246631622314
3737,rbfv,79,1,7.28657865524292
3738,rbfv,80,1,6.621145009994507
3739,rbfv,81,-1,6.181470155715942
3740,rbfv,82,1,6.8464391231536865
3741,rbfv,83,-1,6.904237985610962
3742,rbfv,84,1,7.372304916381836
3743,rbfv,85,1,6.185029745101929
3744,rbfv,86,1,6.569417953491211
3745,rbfv,87,1,7.178297758102417
3746,rbfv,88,-1,6.326217174530029
3747,rbfv,89,1,6.855762720108032
3748,rbfv,90,1,6.716554164886475
3749,rbfv,91,1,7.222173690795898
3750,rbfv,92,1,7.039152383804321
3751,rbfv,93,1,6.509169578552246
3752,rbfv,94,1,7.283584117889404
3753,rbfv,95,1,6.541609764099121
3754,rbfv,96,-1,6.8317036628723145
3755,rbfv,97,1,7.652649402618408
3756,rbfv,98,1,6.542487621307373
3757,rbfv,99,1,6.792045831680298
3758,rbfv,100,1,6.38848090171814
3759,nnv,1,1,6.044877767562866
3760,nnv,2,-1,7.051389694213867
3761,nnv,3,1,7.169133901596069
3762,nnv,4,1,6.2539191246032715
3763,nnv,5,1,6.416587591171265
3764,nnv,6,1,6.721067190170288
3765,nnv,7,1,6.748012065887451
3766,nnv,8,1,6.830046892166138
3767,nnv,9,1,7.242086172103882
3768,nnv,10,1,7.498287677764893
3769,nnv,11,1,6.38633131980896
3770,nnv,12,-1,7.325084686279297
3771,nnv,13,1,6.7804107666015625
3772,nnv,14,-1,6.508438587188721
3773,nnv,15,1,6.571670293807983
3774,nnv,16,1,7.500553369522095
3775,nnv,17,1,6.593581676483154
3776,nnv,18,-1,6.6766908168792725
3777,nnv,19,1,7.0500571727752686
3778,nnv,20,1,6.270749568939209
3779,nnv,21,1,6.845363140106201
3780,nnv,22,1,7.561477899551392
3781,nnv,23,1,6.848412275314331
3782,nnv,24,1,7.145313024520874
3783,nnv,25,1,7.832108736038208
3784,nnv,26,1,6.694742441177368
3785,nnv,27,1,8.095839500427246
3786,nnv,28,1,6.335168838500977
3787,nnv,29,1,6.79913592338562
3788,nnv,30,1,6.532737731933594
3789,nnv,31,1,6.386270999908447
3790,nnv,32,1,6.49920916557312
3791,nnv,33,1,6.52342963218689
3792,nnv,34,1,6.867166519165039
3793,nnv,35,1,6.869467258453369
3794,nnv,36,1,5.701011896133423
3795,nnv,37,1,6.756086349487305
3796,nnv,38,1,6.297362327575684
3797,nnv,39,1,6.517834424972534
3798,nnv,40,1,6.368232727050781
3799,nnv,41,-1,6.989431381225586
3800,nnv,42,-1,7.078277826309204
3801,nnv,43,1,6.4061057567596436
3802,nnv,44,1,6.992961168289185
3803,nnv,45,1,6.433231592178345
3804,nnv,46,1,6.392547130584717
3805,nnv,47,1,6.324988603591919
3806,nnv,48,1,6.905517101287842
3807,nnv,49,1,6.782179117202759
3808,nnv,50,1,6.672480821609497
3809,nnv,51,1,6.710988283157349
3810,nnv,52,-1,6.908696413040161
3811,nnv,53,1,6.641350984573364
3812,nnv,54,1,7.18651008605957
3813,nnv,55,1,6.565854549407959
3814,nnv,56,1,6.390090703964233
3815,nnv,57,1,6.483622789382935
3816,nnv,58,1,6.2084808349609375
3817,nnv,59,1,6.392779350280762
3818,nnv,60,1,6.8347978591918945
3819,nnv,61,1,6.98528528213501
3820,nnv,62,1,6.662741422653198
3821,nnv,63,1,6.148439884185791
3822,nnv,64,1,7.315595626831055
3823,nnv,65,-1,6.18220329284668
3824,nnv,66,1,7.148977518081665
3825,nnv,67,1,7.97607946395874
3826,nnv,68,1,6.282502889633179
3827,nnv,69,1,6.541132926940918
3828,nnv,70,1,7.045563697814941
3829,nnv,71,1,6.984920501708984
3830,nnv,72,1,7.593241214752197
3831,nnv,73,1,6.092762470245361
3832,nnv,74,1,7.272741794586182
3833,nnv,75,1,7.254374980926514
3834,nnv,76,1,6.699292898178101
3835,nnv,77,-1,6.037118911743164
3836,nnv,78,1,7.0279130935668945
3837,nnv,79,1,7.02246880531311
3838,nnv,80,1,6.646094560623169
3839,nnv,81,1,6.964065074920654
3840,nnv,82,1,6.1407790184021
3841,nnv,83,1,6.785379886627197
3842,nnv,84,1,7.368954420089722
3843,nnv,85,1,6.136518955230713
3844,nnv,86,-1,6.851438760757446
3845,nnv,87,1,6.865494012832642
3846,nnv,88,1,6.020874977111816
3847,nnv,89,1,6.954036235809326
3848,nnv,90,1,5.92069149017334
3849,nnv,91,-1,6.7526326179504395
3850,nnv,92,1,7.481928586959839
3851,nnv,93,1,7.198299407958984
3852,nnv,94,1,6.604418516159058
3853,nnv,95,1,7.3684632778167725
3854,nnv,96,1,6.411593437194824
3855,nnv,97,1,6.3477463722229
3856,nnv,98,1,6.151627779006958
3857,nnv,99,-1,6.393260478973389
3858,nnv,100,1,6.8669114112854
