,dataset_id,pair_id,direction,delta_time
0,an,1,1,0.010871410369873047
1,an,2,-1,0.008905887603759766
2,an,3,1,0.008799314498901367
3,an,4,1,0.00881338119506836
4,an,5,1,0.008796215057373047
5,an,6,1,0.00876760482788086
6,an,7,1,0.008777141571044922
7,an,8,1,0.008704900741577148
8,an,9,1,0.008738040924072266
9,an,10,1,0.00872039794921875
10,an,11,1,0.008762359619140625
11,an,12,1,0.008734703063964844
12,an,13,1,0.009755849838256836
13,an,14,1,0.009238243103027344
14,an,15,1,0.00893712043762207
15,an,16,1,0.011845111846923828
16,an,17,1,0.011350870132446289
17,an,18,1,0.009139537811279297
18,an,19,1,0.009090662002563477
19,an,20,1,0.008975028991699219
20,an,21,1,0.009079933166503906
21,an,22,1,0.008923530578613281
22,an,23,1,0.008957147598266602
23,an,24,1,0.009151220321655273
24,an,25,1,0.009035348892211914
25,an,26,1,0.00890970230102539
26,an,27,1,0.008947610855102539
27,an,28,1,0.010947704315185547
28,an,29,1,0.009846687316894531
29,an,30,1,0.012904644012451172
30,an,31,1,0.013467550277709961
31,an,32,1,0.01015925407409668
32,an,33,1,0.009680747985839844
33,an,34,1,0.008977174758911133
34,an,35,1,0.00881814956665039
35,an,36,1,0.008792400360107422
36,an,37,1,0.008797645568847656
37,an,38,1,0.009648799896240234
38,an,39,1,0.008865594863891602
39,an,40,1,0.008827924728393555
40,an,41,1,0.008836746215820312
41,an,42,1,0.008856058120727539
42,an,43,1,0.008839607238769531
43,an,44,1,0.008877992630004883
44,an,45,1,0.008825063705444336
45,an,46,1,0.008762836456298828
46,an,47,1,0.008788347244262695
47,an,48,1,0.008794069290161133
48,an,49,1,0.008991241455078125
49,an,50,1,0.009080886840820312
50,an,51,1,0.008919239044189453
51,an,52,1,0.00884103775024414
52,an,53,1,0.008907794952392578
53,an,54,1,0.008878231048583984
54,an,55,1,0.008789777755737305
55,an,56,1,0.008788347244262695
56,an,57,1,0.008776187896728516
57,an,58,1,0.008834362030029297
58,an,59,1,0.008991241455078125
59,an,60,1,0.008828401565551758
60,an,61,1,0.008799314498901367
61,an,62,1,0.00875401496887207
62,an,63,1,0.008797645568847656
63,an,64,1,0.008779287338256836
64,an,65,1,0.008848428726196289
65,an,66,1,0.0088043212890625
66,an,67,1,0.008764505386352539
67,an,68,1,0.008814096450805664
68,an,69,1,0.008842706680297852
69,an,70,1,0.00881505012512207
70,an,71,1,0.008780241012573242
71,an,72,1,0.008789777755737305
72,an,73,1,0.008776187896728516
73,an,74,1,0.008772611618041992
74,an,75,1,0.008797883987426758
75,an,76,1,0.008890867233276367
76,an,77,1,0.008788347244262695
77,an,78,1,0.008782386779785156
78,an,79,1,0.008773326873779297
79,an,80,1,0.00877237319946289
80,an,81,1,0.008813858032226562
81,an,82,1,0.008779287338256836
82,an,83,1,0.008799552917480469
83,an,84,1,0.008854150772094727
84,an,85,1,0.009089469909667969
85,an,86,1,0.008812189102172852
86,an,87,1,0.008798837661743164
87,an,88,1,0.008889913558959961
88,an,89,1,0.008834600448608398
89,an,90,1,0.009096622467041016
90,an,91,1,0.008922338485717773
91,an,92,1,0.009018421173095703
92,an,93,1,0.008774995803833008
93,an,94,1,0.008778810501098633
94,an,95,1,0.00877237319946289
95,an,96,1,0.008784055709838867
96,an,97,1,0.00883030891418457
97,an,98,1,0.008797407150268555
98,an,99,1,0.008793830871582031
99,an,100,1,0.008809328079223633
100,ans,1,-1,0.009161710739135742
101,ans,2,1,0.008837223052978516
102,ans,3,-1,0.008793115615844727
103,ans,4,-1,0.008791446685791016
104,ans,5,1,0.009024620056152344
105,ans,6,-1,0.008821725845336914
106,ans,7,1,0.00887918472290039
107,ans,8,1,0.008854389190673828
108,ans,9,1,0.008946418762207031
109,ans,10,1,0.008871078491210938
110,ans,11,-1,0.008945941925048828
111,ans,12,1,0.008832216262817383
112,ans,13,-1,0.008805990219116211
113,ans,14,1,0.008843660354614258
114,ans,15,1,0.008742570877075195
115,ans,16,1,0.009698629379272461
116,ans,17,1,0.01208639144897461
117,ans,18,1,0.009721755981445312
118,ans,19,-1,0.008911848068237305
119,ans,20,-1,0.008849143981933594
120,ans,21,1,0.00885462760925293
121,ans,22,1,0.008849143981933594
122,ans,23,1,0.008781194686889648
123,ans,24,1,0.008953571319580078
124,ans,25,1,0.008798360824584961
125,ans,26,1,0.008868217468261719
126,ans,27,1,0.008823156356811523
127,ans,28,1,0.008756875991821289
128,ans,29,1,0.008776187896728516
129,ans,30,1,0.009122848510742188
130,ans,31,1,0.008808374404907227
131,ans,32,1,0.008901834487915039
132,ans,33,1,0.008779764175415039
133,ans,34,1,0.008766889572143555
134,ans,35,1,0.008774042129516602
135,ans,36,1,0.00881052017211914
136,ans,37,1,0.008866548538208008
137,ans,38,1,0.009115457534790039
138,ans,39,1,0.009586572647094727
139,ans,40,1,0.010668039321899414
140,ans,41,1,0.009985685348510742
141,ans,42,1,0.010038614273071289
142,ans,43,1,0.010008096694946289
143,ans,44,-1,0.010447502136230469
144,ans,45,1,0.010184526443481445
145,ans,46,1,0.010152578353881836
146,ans,47,1,0.011030197143554688
147,ans,48,1,0.012029886245727539
148,ans,49,1,0.010650873184204102
149,ans,50,1,0.0100860595703125
150,ans,51,1,0.01102447509765625
151,ans,52,1,0.010667800903320312
152,ans,53,-1,0.010030031204223633
153,ans,54,1,0.009364604949951172
154,ans,55,1,0.010072946548461914
155,ans,56,1,0.010436296463012695
156,ans,57,1,0.012458324432373047
157,ans,58,1,0.011828184127807617
158,ans,59,1,0.01049494743347168
159,ans,60,1,0.010404586791992188
160,ans,61,1,0.011586666107177734
161,ans,62,1,0.01082158088684082
162,ans,63,1,0.009584903717041016
163,ans,64,-1,0.009563446044921875
164,ans,65,1,0.00960683822631836
165,ans,66,1,0.009564399719238281
166,ans,67,1,0.009791851043701172
167,ans,68,1,0.009723663330078125
168,ans,69,1,0.009735822677612305
169,ans,70,1,0.009742975234985352
170,ans,71,1,0.009743928909301758
171,ans,72,1,0.009740829467773438
172,ans,73,1,0.009745597839355469
173,ans,74,1,0.009766101837158203
174,ans,75,1,0.009787797927856445
175,ans,76,1,0.009818315505981445
176,ans,77,1,0.009855270385742188
177,ans,78,1,0.00985407829284668
178,ans,79,1,0.009855270385742188
179,ans,80,1,0.009774923324584961
180,ans,81,1,0.009801626205444336
181,ans,82,1,0.009735584259033203
182,ans,83,1,0.009751319885253906
183,ans,84,1,0.009782791137695312
184,ans,85,1,0.009782552719116211
185,ans,86,1,0.00974893569946289
186,ans,87,1,0.010212898254394531
187,ans,88,-1,0.00982213020324707
188,ans,89,1,0.009765148162841797
189,ans,90,1,0.009768009185791016
190,ans,91,1,0.009766817092895508
191,ans,92,1,0.009747982025146484
192,ans,93,1,0.009752750396728516
193,ans,94,1,0.009718894958496094
194,ans,95,1,0.009891271591186523
195,ans,96,1,0.009818792343139648
196,ans,97,1,0.009734869003295898
197,ans,98,1,0.009756326675415039
198,ans,99,1,0.009842157363891602
199,ans,100,1,0.009734392166137695
200,ls,1,1,0.0104522705078125
201,ls,2,1,0.009814739227294922
202,ls,3,1,0.009721994400024414
203,ls,4,1,0.010267972946166992
204,ls,5,1,0.01002192497253418
205,ls,6,1,0.009792327880859375
206,ls,7,1,0.010074615478515625
207,ls,8,1,0.010143518447875977
208,ls,9,1,0.009832382202148438
209,ls,10,1,0.00980687141418457
210,ls,11,1,0.009720087051391602
211,ls,12,1,0.009802818298339844
212,ls,13,1,0.009720802307128906
213,ls,14,1,0.009617090225219727
214,ls,15,1,0.011478424072265625
215,ls,16,1,0.010369300842285156
216,ls,17,1,0.010427474975585938
217,ls,18,1,0.010623693466186523
218,ls,19,1,0.010253429412841797
219,ls,20,1,0.009827375411987305
220,ls,21,1,0.010009050369262695
221,ls,22,1,0.010332584381103516
222,ls,23,1,0.00989985466003418
223,ls,24,1,0.012124776840209961
224,ls,25,1,0.010503292083740234
225,ls,26,1,0.00992584228515625
226,ls,27,1,0.010199785232543945
227,ls,28,1,0.010233402252197266
228,ls,29,1,0.00979304313659668
229,ls,30,1,0.010172843933105469
230,ls,31,1,0.009804248809814453
231,ls,32,1,0.00970768928527832
232,ls,33,1,0.009910821914672852
233,ls,34,1,0.009731054306030273
234,ls,35,1,0.009784460067749023
235,ls,36,1,0.009754419326782227
236,ls,37,1,0.00979471206665039
237,ls,38,1,0.01000356674194336
238,ls,39,1,0.009856224060058594
239,ls,40,1,0.00979924201965332
240,ls,41,1,0.009794473648071289
241,ls,42,1,0.009716272354125977
242,ls,43,1,0.009808540344238281
243,ls,44,1,0.009835004806518555
244,ls,45,1,0.009750127792358398
245,ls,46,1,0.009790182113647461
246,ls,47,1,0.009831428527832031
247,ls,48,1,0.009762287139892578
248,ls,49,1,0.009764671325683594
249,ls,50,1,0.009798049926757812
250,ls,51,1,0.009776592254638672
251,ls,52,1,0.009761333465576172
252,ls,53,1,0.00976872444152832
253,ls,54,1,0.00997018814086914
254,ls,55,1,0.00974273681640625
255,ls,56,1,0.009771585464477539
256,ls,57,1,0.009762048721313477
257,ls,58,1,0.009739398956298828
258,ls,59,1,0.009847164154052734
259,ls,60,1,0.009768486022949219
260,ls,61,1,0.009764671325683594
261,ls,62,1,0.009981155395507812
262,ls,63,1,0.010531425476074219
263,ls,64,1,0.010004997253417969
264,ls,65,1,0.00976419448852539
265,ls,66,1,0.009765148162841797
266,ls,67,1,0.009709835052490234
267,ls,68,1,0.009700298309326172
268,ls,69,1,0.009742975234985352
269,ls,70,1,0.009784698486328125
270,ls,71,1,0.010190248489379883
271,ls,72,1,0.009843826293945312
272,ls,73,1,0.009709596633911133
273,ls,74,1,0.010149478912353516
274,ls,75,1,0.009781360626220703
275,ls,76,1,0.009757757186889648
276,ls,77,1,0.010152578353881836
277,ls,78,1,0.009772062301635742
278,ls,79,1,0.009736299514770508
279,ls,80,1,0.009753227233886719
280,ls,81,1,0.009811878204345703
281,ls,82,1,0.009826421737670898
282,ls,83,1,0.009727001190185547
283,ls,84,1,0.009754180908203125
284,ls,85,1,0.009760856628417969
285,ls,86,1,0.009715795516967773
286,ls,87,1,0.009758234024047852
287,ls,88,1,0.009719371795654297
288,ls,89,1,0.009714841842651367
289,ls,90,1,0.009759664535522461
290,ls,91,1,0.009824752807617188
291,ls,92,1,0.009751081466674805
292,ls,93,1,0.009779214859008789
293,ls,94,1,0.009724140167236328
294,ls,95,1,0.009815454483032227
295,ls,96,1,0.009746313095092773
296,ls,97,1,0.009747982025146484
297,ls,98,1,0.009797811508178711
298,ls,99,1,0.009873628616333008
299,ls,100,1,0.009770870208740234
300,lss,1,1,0.010339498519897461
301,lss,2,1,0.01027679443359375
302,lss,3,1,0.010023355484008789
303,lss,4,-1,0.010019779205322266
304,lss,5,1,0.009752035140991211
305,lss,6,1,0.009695768356323242
306,lss,7,1,0.009799957275390625
307,lss,8,1,0.010004043579101562
308,lss,9,-1,0.009855031967163086
309,lss,10,1,0.010033369064331055
310,lss,11,1,0.009827613830566406
311,lss,12,1,0.009695768356323242
312,lss,13,1,0.009783029556274414
313,lss,14,-1,0.00985860824584961
314,lss,15,1,0.009949922561645508
315,lss,16,1,0.00987696647644043
316,lss,17,1,0.009827136993408203
317,lss,18,1,0.012157201766967773
318,lss,19,-1,0.010574817657470703
319,lss,20,1,0.010602474212646484
320,lss,21,1,0.010504484176635742
321,lss,22,1,0.010159969329833984
322,lss,23,-1,0.009788036346435547
323,lss,24,1,0.010787010192871094
324,lss,25,1,0.01002645492553711
325,lss,26,-1,0.009848833084106445
326,lss,27,1,0.01065516471862793
327,lss,28,1,0.012936115264892578
328,lss,29,1,0.00970315933227539
329,lss,30,1,0.010451316833496094
330,lss,31,1,0.009781599044799805
331,lss,32,-1,0.009563207626342773
332,lss,33,1,0.009618759155273438
333,lss,34,1,0.009565353393554688
334,lss,35,1,0.009594440460205078
335,lss,36,-1,0.009580135345458984
336,lss,37,1,0.009541749954223633
337,lss,38,1,0.009601116180419922
338,lss,39,1,0.009749889373779297
339,lss,40,1,0.009849071502685547
340,lss,41,1,0.009743452072143555
341,lss,42,1,0.00973200798034668
342,lss,43,-1,0.009757280349731445
343,lss,44,-1,0.009778261184692383
344,lss,45,1,0.009740114212036133
345,lss,46,1,0.009740114212036133
346,lss,47,1,0.009804725646972656
347,lss,48,1,0.009806632995605469
348,lss,49,-1,0.00976872444152832
349,lss,50,1,0.010573863983154297
350,lss,51,-1,0.009990215301513672
351,lss,52,1,0.009841680526733398
352,lss,53,1,0.009763717651367188
353,lss,54,-1,0.009859800338745117
354,lss,55,1,0.009808063507080078
355,lss,56,1,0.009765625
356,lss,57,1,0.009778499603271484
357,lss,58,1,0.009806632995605469
358,lss,59,1,0.00968313217163086
359,lss,60,1,0.009772300720214844
360,lss,61,1,0.010037422180175781
361,lss,62,1,0.009813308715820312
362,lss,63,-1,0.009653806686401367
363,lss,64,1,0.009746789932250977
364,lss,65,1,0.009589195251464844
365,lss,66,1,0.009591102600097656
366,lss,67,1,0.00958251953125
367,lss,68,1,0.009767770767211914
368,lss,69,1,0.009598731994628906
369,lss,70,1,0.009580850601196289
370,lss,71,1,0.009601354598999023
371,lss,72,1,0.009599447250366211
372,lss,73,1,0.00960397720336914
373,lss,74,-1,0.009666204452514648
374,lss,75,1,0.009557962417602539
375,lss,76,1,0.009586811065673828
376,lss,77,1,0.009578704833984375
377,lss,78,1,0.009567022323608398
378,lss,79,1,0.009606361389160156
379,lss,80,1,0.00958871841430664
380,lss,81,1,0.009560108184814453
381,lss,82,1,0.009607553482055664
382,lss,83,1,0.00973820686340332
383,lss,84,-1,0.009536504745483398
384,lss,85,1,0.009906768798828125
385,lss,86,1,0.00994563102722168
386,lss,87,1,0.00954580307006836
387,lss,88,-1,0.009570121765136719
388,lss,89,1,0.00961613655090332
389,lss,90,1,0.009592771530151367
390,lss,91,-1,0.009633541107177734
391,lss,92,1,0.009603738784790039
392,lss,93,-1,0.011091470718383789
393,lss,94,-1,0.01039743423461914
394,lss,95,1,0.010765314102172852
395,lss,96,1,0.010556697845458984
396,lss,97,1,0.010251522064208984
397,lss,98,-1,0.00991058349609375
398,lss,99,-1,0.009681463241577148
399,lss,100,1,0.009648323059082031
400,mnu,1,1,0.010062932968139648
401,mnu,2,1,0.009705305099487305
402,mnu,3,1,0.009780406951904297
403,mnu,4,1,0.009920120239257812
404,mnu,5,1,0.010051965713500977
405,mnu,6,1,0.009771347045898438
406,mnu,7,1,0.009607791900634766
407,mnu,8,1,0.009659767150878906
408,mnu,9,1,0.00986790657043457
409,mnu,10,1,0.009562969207763672
410,mnu,11,1,0.009605646133422852
411,mnu,12,1,0.009919404983520508
412,mnu,13,1,0.009649038314819336
413,mnu,14,1,0.009598970413208008
414,mnu,15,1,0.009597063064575195
415,mnu,16,1,0.00957179069519043
416,mnu,17,1,0.009601831436157227
417,mnu,18,1,0.009649515151977539
418,mnu,19,1,0.009606122970581055
419,mnu,20,1,0.009715080261230469
420,mnu,21,1,0.009645223617553711
421,mnu,22,1,0.009589910507202148
422,mnu,23,1,0.00968170166015625
423,mnu,24,1,0.009627342224121094
424,mnu,25,1,0.009592056274414062
425,mnu,26,1,0.0095977783203125
426,mnu,27,1,0.009577512741088867
427,mnu,28,1,0.00975656509399414
428,mnu,29,1,0.009618043899536133
429,mnu,30,1,0.00958871841430664
430,mnu,31,1,0.009593486785888672
431,mnu,32,1,0.009621381759643555
432,mnu,33,1,0.009591102600097656
433,mnu,34,1,0.009661674499511719
434,mnu,35,1,0.009566783905029297
435,mnu,36,1,0.009579658508300781
436,mnu,37,1,0.009609699249267578
437,mnu,38,1,0.009650945663452148
438,mnu,39,1,0.009785175323486328
439,mnu,40,1,0.009814023971557617
440,mnu,41,1,0.009745121002197266
441,mnu,42,1,0.00975799560546875
442,mnu,43,1,0.009789466857910156
443,mnu,44,1,0.009767770767211914
444,mnu,45,1,0.009848833084106445
445,mnu,46,1,0.009826183319091797
446,mnu,47,1,0.00973367691040039
447,mnu,48,1,0.009944438934326172
448,mnu,49,1,0.009598016738891602
449,mnu,50,1,0.009885311126708984
450,mnu,51,1,0.009622573852539062
451,mnu,52,1,0.009604454040527344
452,mnu,53,1,0.009602785110473633
453,mnu,54,1,0.009593009948730469
454,mnu,55,1,0.00969386100769043
455,mnu,56,1,0.010016202926635742
456,mnu,57,1,0.009689807891845703
457,mnu,58,1,0.009612798690795898
458,mnu,59,1,0.009598493576049805
459,mnu,60,1,0.009587287902832031
460,mnu,61,1,0.009668827056884766
461,mnu,62,1,0.009647846221923828
462,mnu,63,1,0.009575843811035156
463,mnu,64,1,0.009547948837280273
464,mnu,65,1,0.009634017944335938
465,mnu,66,1,0.00966501235961914
466,mnu,67,1,0.009644031524658203
467,mnu,68,1,0.009656667709350586
468,mnu,69,1,0.009550333023071289
469,mnu,70,1,0.009611845016479492
470,mnu,71,1,0.009678363800048828
471,mnu,72,1,0.009665727615356445
472,mnu,73,1,0.009662151336669922
473,mnu,74,1,0.009670495986938477
474,mnu,75,1,0.009649515151977539
475,mnu,76,1,0.009621381759643555
476,mnu,77,1,0.009621381759643555
477,mnu,78,1,0.009634017944335938
478,mnu,79,1,0.009617328643798828
479,mnu,80,1,0.009661674499511719
480,mnu,81,1,0.009550809860229492
481,mnu,82,1,0.009636640548706055
482,mnu,83,1,0.009574174880981445
483,mnu,84,1,0.009575605392456055
484,mnu,85,1,0.009544134140014648
485,mnu,86,1,0.009662389755249023
486,mnu,87,1,0.009725570678710938
487,mnu,88,1,0.00978851318359375
488,mnu,89,1,0.009782075881958008
489,mnu,90,1,0.00976705551147461
490,mnu,91,1,0.009884834289550781
491,mnu,92,1,0.00980997085571289
492,mnu,93,1,0.011420726776123047
493,mnu,94,1,0.01082468032836914
494,mnu,95,1,0.010432243347167969
495,mnu,96,1,0.009715795516967773
496,mnu,97,1,0.009692668914794922
497,mnu,98,1,0.010411739349365234
498,mnu,99,1,0.009736776351928711
499,mnu,100,1,0.010008573532104492
500,sim,1,1,0.01093745231628418
501,sim,2,1,0.011934757232666016
502,sim,3,1,0.009579658508300781
503,sim,4,1,0.009585142135620117
504,sim,5,1,0.009847164154052734
505,sim,6,1,0.010519981384277344
506,sim,7,1,0.009662389755249023
507,sim,8,1,0.00982213020324707
508,sim,9,-1,0.009669065475463867
509,sim,10,1,0.00956273078918457
510,sim,11,-1,0.009595632553100586
511,sim,12,1,0.009585857391357422
512,sim,13,1,0.009770393371582031
513,sim,14,1,0.009768962860107422
514,sim,15,1,0.009934186935424805
515,sim,16,1,0.00980067253112793
516,sim,17,1,0.009775400161743164
517,sim,18,1,0.009751558303833008
518,sim,19,1,0.009820222854614258
519,sim,20,1,0.009809732437133789
520,sim,21,1,0.009765386581420898
521,sim,22,1,0.009809732437133789
522,sim,23,1,0.00978994369506836
523,sim,24,-1,0.009752988815307617
524,sim,25,1,0.009791135787963867
525,sim,26,-1,0.009911775588989258
526,sim,27,1,0.009858131408691406
527,sim,28,1,0.009796142578125
528,sim,29,1,0.00980234146118164
529,sim,30,1,0.009793996810913086
530,sim,31,1,0.00979924201965332
531,sim,32,1,0.00982213020324707
532,sim,33,1,0.009869813919067383
533,sim,34,1,0.009815454483032227
534,sim,35,1,0.009821653366088867
535,sim,36,-1,0.009789228439331055
536,sim,37,1,0.00981903076171875
537,sim,38,1,0.010162591934204102
538,sim,39,-1,0.009770631790161133
539,sim,40,-1,0.009731531143188477
540,sim,41,-1,0.009793281555175781
541,sim,42,1,0.009779930114746094
542,sim,43,1,0.009898662567138672
543,sim,44,1,0.009801149368286133
544,sim,45,1,0.009869098663330078
545,sim,46,1,0.009806632995605469
546,sim,47,1,0.009850502014160156
547,sim,48,1,0.009762287139892578
548,sim,49,-1,0.009901046752929688
549,sim,50,1,0.009776592254638672
550,sim,51,1,0.00978851318359375
551,sim,52,1,0.009782552719116211
552,sim,53,1,0.009809494018554688
553,sim,54,1,0.00980997085571289
554,sim,55,1,0.009830474853515625
555,sim,56,-1,0.009839296340942383
556,sim,57,-1,0.010362625122070312
557,sim,58,1,0.009902238845825195
558,sim,59,1,0.009833335876464844
559,sim,60,1,0.009939432144165039
560,sim,61,1,0.009764671325683594
561,sim,62,-1,0.00987386703491211
562,sim,63,1,0.00986933708190918
563,sim,64,1,0.009761810302734375
564,sim,65,1,0.009868621826171875
565,sim,66,1,0.009835243225097656
566,sim,67,1,0.009753227233886719
567,sim,68,1,0.009837150573730469
568,sim,69,1,0.009835004806518555
569,sim,70,1,0.009883403778076172
570,sim,71,1,0.009817123413085938
571,sim,72,-1,0.011270999908447266
572,sim,73,1,0.010788917541503906
573,sim,74,1,0.010648250579833984
574,sim,75,1,0.010601520538330078
575,sim,76,1,0.010787010192871094
576,sim,77,1,0.011547088623046875
577,sim,78,1,0.00994563102722168
578,sim,79,1,0.009918928146362305
579,sim,80,1,0.010238885879516602
580,sim,81,-1,0.01050257682800293
581,sim,82,1,0.00989675521850586
582,sim,83,1,0.009744405746459961
583,sim,84,1,0.009755849838256836
584,sim,85,-1,0.009939193725585938
585,sim,86,1,0.009814023971557617
586,sim,87,1,0.009819984436035156
587,sim,88,-1,0.009771108627319336
588,sim,89,1,0.00981283187866211
589,sim,90,1,0.00977468490600586
590,sim,91,1,0.009832143783569336
591,sim,92,-1,0.009740829467773438
592,sim,93,1,0.009779691696166992
593,sim,94,1,0.009785652160644531
594,sim,95,1,0.009633541107177734
595,sim,96,1,0.009630441665649414
596,sim,97,1,0.009725809097290039
597,sim,98,1,0.009696483612060547
598,sim,99,1,0.009730339050292969
599,sim,100,1,0.009773731231689453
600,simc,1,1,0.010287046432495117
601,simc,2,1,0.009603023529052734
602,simc,3,-1,0.009633302688598633
603,simc,4,1,0.009651899337768555
604,simc,5,1,0.00986790657043457
605,simc,6,1,0.009679079055786133
606,simc,7,1,0.009607553482055664
607,simc,8,1,0.009684562683105469
608,simc,9,1,0.009812116622924805
609,simc,10,1,0.009574651718139648
610,simc,11,-1,0.009579181671142578
611,simc,12,1,0.009581565856933594
612,simc,13,-1,0.009681940078735352
613,simc,14,-1,0.009587526321411133
614,simc,15,1,0.009551286697387695
615,simc,16,1,0.009611129760742188
616,simc,17,1,0.009634971618652344
617,simc,18,1,0.009748220443725586
618,simc,19,1,0.009755373001098633
619,simc,20,1,0.009746551513671875
620,simc,21,1,0.00982356071472168
621,simc,22,1,0.009765625
622,simc,23,1,0.009752035140991211
623,simc,24,1,0.010288238525390625
624,simc,25,1,0.009749412536621094
625,simc,26,-1,0.009757757186889648
626,simc,27,1,0.009746551513671875
627,simc,28,1,0.00974416732788086
628,simc,29,1,0.00982975959777832
629,simc,30,1,0.009775876998901367
630,simc,31,1,0.009709358215332031
631,simc,32,1,0.009805679321289062
632,simc,33,1,0.009741067886352539
633,simc,34,1,0.009748220443725586
634,simc,35,1,0.009859561920166016
635,simc,36,1,0.009755611419677734
636,simc,37,1,0.009782791137695312
637,simc,38,1,0.009797811508178711
638,simc,39,1,0.009806394577026367
639,simc,40,-1,0.009778261184692383
640,simc,41,1,0.00999307632446289
641,simc,42,1,0.009842634201049805
642,simc,43,-1,0.009766817092895508
643,simc,44,-1,0.009723186492919922
644,simc,45,1,0.009800910949707031
645,simc,46,1,0.00982975959777832
646,simc,47,1,0.009835958480834961
647,simc,48,1,0.009778738021850586
648,simc,49,1,0.009768962860107422
649,simc,50,1,0.009762763977050781
650,simc,51,1,0.00982666015625
651,simc,52,1,0.009749889373779297
652,simc,53,1,0.009781837463378906
653,simc,54,1,0.00975346565246582
654,simc,55,1,0.01048421859741211
655,simc,56,1,0.010361909866333008
656,simc,57,1,0.010039329528808594
657,simc,58,1,0.009607553482055664
658,simc,59,-1,0.009642601013183594
659,simc,60,1,0.009588479995727539
660,simc,61,-1,0.009595155715942383
661,simc,62,1,0.009749889373779297
662,simc,63,-1,0.00963735580444336
663,simc,64,1,0.01037740707397461
664,simc,65,1,0.011116504669189453
665,simc,66,1,0.009917259216308594
666,simc,67,-1,0.011017322540283203
667,simc,68,1,0.010610103607177734
668,simc,69,1,0.00998687744140625
669,simc,70,-1,0.010489225387573242
670,simc,71,1,0.010546207427978516
671,simc,72,1,0.00968313217163086
672,simc,73,1,0.010115385055541992
673,simc,74,1,0.010489940643310547
674,simc,75,1,0.01181173324584961
675,simc,76,1,0.009551286697387695
676,simc,77,-1,0.011400699615478516
677,simc,78,1,0.010119438171386719
678,simc,79,1,0.009599447250366211
679,simc,80,1,0.009575366973876953
680,simc,81,1,0.00960993766784668
681,simc,82,1,0.009612560272216797
682,simc,83,1,0.009613275527954102
683,simc,84,1,0.009606361389160156
684,simc,85,1,0.009605884552001953
685,simc,86,1,0.009670257568359375
686,simc,87,1,0.009645700454711914
687,simc,88,1,0.009608268737792969
688,simc,89,-1,0.009596824645996094
689,simc,90,1,0.009611845016479492
690,simc,91,-1,0.009580373764038086
691,simc,92,1,0.009608983993530273
692,simc,93,1,0.009599447250366211
693,simc,94,-1,0.009621620178222656
694,simc,95,1,0.010179996490478516
695,simc,96,-1,0.010086774826049805
696,simc,97,-1,0.009604692459106445
697,simc,98,-1,0.009547948837280273
698,simc,99,-1,0.009657144546508789
699,simc,100,1,0.009610891342163086
700,simg,1,1,0.010070323944091797
701,simg,2,1,0.009612560272216797
702,simg,3,-1,0.009598493576049805
703,simg,4,1,0.009607791900634766
704,simg,5,1,0.00988912582397461
705,simg,6,1,0.009591817855834961
706,simg,7,1,0.009585857391357422
707,simg,8,-1,0.009670734405517578
708,simg,9,1,0.00978398323059082
709,simg,10,1,0.009831428527832031
710,simg,11,1,0.009661197662353516
711,simg,12,1,0.009599447250366211
712,simg,13,-1,0.009661197662353516
713,simg,14,1,0.009630203247070312
714,simg,15,1,0.009591341018676758
715,simg,16,-1,0.009591102600097656
716,simg,17,1,0.009539127349853516
717,simg,18,1,0.009639263153076172
718,simg,19,-1,0.009633779525756836
719,simg,20,1,0.009610414505004883
720,simg,21,1,0.00960087776184082
721,simg,22,1,0.009621143341064453
722,simg,23,1,0.009577512741088867
723,simg,24,-1,0.009604454040527344
724,simg,25,1,0.009583234786987305
725,simg,26,1,0.009596586227416992
726,simg,27,1,0.009587287902832031
727,simg,28,1,0.009635448455810547
728,simg,29,1,0.009611129760742188
729,simg,30,1,0.00961446762084961
730,simg,31,1,0.00964212417602539
731,simg,32,1,0.009757518768310547
732,simg,33,1,0.00956869125366211
733,simg,34,1,0.009606122970581055
734,simg,35,-1,0.009693145751953125
735,simg,36,1,0.00955820083618164
736,simg,37,1,0.009606361389160156
737,simg,38,1,0.00957345962524414
738,simg,39,-1,0.009572029113769531
739,simg,40,1,0.009653091430664062
740,simg,41,1,0.00961446762084961
741,simg,42,1,0.009613752365112305
742,simg,43,1,0.009600162506103516
743,simg,44,1,0.009701967239379883
744,simg,45,1,0.009670495986938477
745,simg,46,1,0.009555816650390625
746,simg,47,1,0.009604454040527344
747,simg,48,1,0.00964808464050293
748,simg,49,-1,0.010835886001586914
749,simg,50,1,0.01052999496459961
750,simg,51,1,0.010799884796142578
751,simg,52,1,0.010625839233398438
752,simg,53,1,0.01044917106628418
753,simg,54,1,0.010413408279418945
754,simg,55,1,0.010018348693847656
755,simg,56,-1,0.009763240814208984
756,simg,57,1,0.009673595428466797
757,simg,58,1,0.00965571403503418
758,simg,59,-1,0.009588241577148438
759,simg,60,1,0.009550333023071289
760,simg,61,1,0.009626388549804688
761,simg,62,-1,0.009567022323608398
762,simg,63,1,0.009554147720336914
763,simg,64,1,0.009604454040527344
764,simg,65,1,0.00955820083618164
765,simg,66,1,0.009584665298461914
766,simg,67,1,0.00970149040222168
767,simg,68,1,0.009622812271118164
768,simg,69,-1,0.00960683822631836
769,simg,70,1,0.009592294692993164
770,simg,71,1,0.009639263153076172
771,simg,72,1,0.009551525115966797
772,simg,73,1,0.009626388549804688
773,simg,74,1,0.009614229202270508
774,simg,75,1,0.009553670883178711
775,simg,76,1,0.009670019149780273
776,simg,77,1,0.00958561897277832
777,simg,78,1,0.009574651718139648
778,simg,79,1,0.009638309478759766
779,simg,80,1,0.009642839431762695
780,simg,81,-1,0.00960850715637207
781,simg,82,1,0.009550333023071289
782,simg,83,-1,0.009563684463500977
783,simg,84,1,0.009752273559570312
784,simg,85,1,0.009619951248168945
785,simg,86,1,0.009647369384765625
786,simg,87,1,0.009574174880981445
787,simg,88,1,0.009549856185913086
788,simg,89,1,0.009587287902832031
789,simg,90,-1,0.009617328643798828
790,simg,91,1,0.009604454040527344
791,simg,92,1,0.009627342224121094
792,simg,93,1,0.009603738784790039
793,simg,94,1,0.009561300277709961
794,simg,95,1,0.009574651718139648
795,simg,96,1,0.009613752365112305
796,simg,97,1,0.009634971618652344
797,simg,98,1,0.009741783142089844
798,simg,99,-1,0.009699821472167969
799,simg,100,1,0.009534120559692383
800,simln,1,1,0.01009821891784668
801,simln,2,-1,0.009631872177124023
802,simln,3,1,0.009603261947631836
803,simln,4,1,0.009562015533447266
804,simln,5,1,0.009912729263305664
805,simln,6,1,0.009603023529052734
806,simln,7,1,0.009526491165161133
807,simln,8,-1,0.009674787521362305
808,simln,9,-1,0.009837150573730469
809,simln,10,-1,0.009553670883178711
810,simln,11,-1,0.00963139533996582
811,simln,12,-1,0.009593725204467773
812,simln,13,1,0.009616613388061523
813,simln,14,1,0.009561777114868164
814,simln,15,-1,0.009575128555297852
815,simln,16,1,0.00959157943725586
816,simln,17,1,0.009596586227416992
817,simln,18,1,0.009574413299560547
818,simln,19,1,0.009649991989135742
819,simln,20,1,0.009564399719238281
820,simln,21,1,0.009632587432861328
821,simln,22,1,0.009637594223022461
822,simln,23,-1,0.00960087776184082
823,simln,24,-1,0.009580373764038086
824,simln,25,1,0.009571552276611328
825,simln,26,-1,0.009753704071044922
826,simln,27,1,0.00958704948425293
827,simln,28,1,0.00957179069519043
828,simln,29,1,0.009565591812133789
829,simln,30,1,0.009674549102783203
830,simln,31,1,0.00955963134765625
831,simln,32,1,0.009552478790283203
832,simln,33,1,0.009660720825195312
833,simln,34,-1,0.009554624557495117
834,simln,35,1,0.009693622589111328
835,simln,36,1,0.009595632553100586
836,simln,37,1,0.009680032730102539
837,simln,38,1,0.01086568832397461
838,simln,39,-1,0.010176897048950195
839,simln,40,-1,0.009937763214111328
840,simln,41,-1,0.010397911071777344
841,simln,42,1,0.010218381881713867
842,simln,43,1,0.010057449340820312
843,simln,44,1,0.010756492614746094
844,simln,45,1,0.01102900505065918
845,simln,46,-1,0.009671688079833984
846,simln,47,1,0.010430574417114258
847,simln,48,1,0.012491941452026367
848,simln,49,1,0.00964665412902832
849,simln,50,1,0.009574174880981445
850,simln,51,1,0.010154247283935547
851,simln,52,1,0.010102272033691406
852,simln,53,1,0.00959467887878418
853,simln,54,1,0.00957489013671875
854,simln,55,1,0.009566068649291992
855,simln,56,-1,0.009563684463500977
856,simln,57,1,0.009545326232910156
857,simln,58,1,0.0096435546875
858,simln,59,-1,0.009723901748657227
859,simln,60,1,0.009860992431640625
860,simln,61,1,0.009788036346435547
861,simln,62,1,0.00980234146118164
862,simln,63,1,0.009836196899414062
863,simln,64,1,0.009787797927856445
864,simln,65,1,0.009764671325683594
865,simln,66,-1,0.009829282760620117
866,simln,67,1,0.009743928909301758
867,simln,68,1,0.009764671325683594
868,simln,69,1,0.009768009185791016
869,simln,70,1,0.009779930114746094
870,simln,71,1,0.009890317916870117
871,simln,72,1,0.00979471206665039
872,simln,73,1,0.009851217269897461
873,simln,74,1,0.00979304313659668
874,simln,75,1,0.009795904159545898
875,simln,76,-1,0.009780645370483398
876,simln,77,-1,0.009845495223999023
877,simln,78,-1,0.009786605834960938
878,simln,79,1,0.009834766387939453
879,simln,80,1,0.009714126586914062
880,simln,81,-1,0.009777545928955078
881,simln,82,1,0.009781360626220703
882,simln,83,-1,0.009782075881958008
883,simln,84,-1,0.009826183319091797
884,simln,85,-1,0.009982824325561523
885,simln,86,1,0.010027408599853516
886,simln,87,-1,0.00976252555847168
887,simln,88,-1,0.009870767593383789
888,simln,89,1,0.009776592254638672
889,simln,90,-1,0.009709596633911133
890,simln,91,-1,0.009779930114746094
891,simln,92,1,0.0098724365234375
892,simln,93,1,0.009832620620727539
893,simln,94,-1,0.009850025177001953
894,simln,95,-1,0.009824275970458984
895,simln,96,1,0.009765148162841797
896,simln,97,-1,0.009783506393432617
897,simln,98,1,0.009783744812011719
898,simln,99,1,0.009700536727905273
899,simln,100,1,0.009774446487426758
900,tue,1,-1,0.0034825801849365234
901,tue,2,-1,0.003405332565307617
902,tue,3,-1,0.003355741500854492
903,tue,4,1,0.003342151641845703
904,tue,5,1,0.03709578514099121
905,tue,6,-1,0.036434173583984375
906,tue,7,1,0.03607463836669922
907,tue,8,-1,0.03619790077209473
908,tue,9,-1,0.036144256591796875
909,tue,10,-1,0.03598356246948242
910,tue,11,1,0.03621220588684082
911,tue,12,-1,0.04740285873413086
912,tue,13,1,0.0031995773315429688
913,tue,14,-1,0.0019254684448242188
914,tue,15,-1,0.0019373893737792969
915,tue,16,1,0.0019528865814208984
916,tue,17,-1,0.04459190368652344
917,tue,18,1,0.0026590824127197266
918,tue,19,1,0.00121307373046875
919,tue,20,-1,0.001894235610961914
920,tue,21,-1,0.0017964839935302734
921,tue,22,1,0.002520322799682617
922,tue,23,1,0.002204418182373047
923,tue,24,-1,0.0021882057189941406
924,tue,25,1,0.00675511360168457
925,tue,26,1,0.0045833587646484375
926,tue,27,1,0.0046024322509765625
927,tue,28,1,0.004583835601806641
928,tue,29,1,0.004622936248779297
929,tue,30,-1,0.004609823226928711
930,tue,31,-1,0.004613637924194336
931,tue,32,1,0.004590272903442383
932,tue,33,1,0.0018095970153808594
933,tue,34,1,0.0017828941345214844
934,tue,35,1,0.0017714500427246094
935,tue,36,1,0.0017933845520019531
936,tue,37,-1,0.0017693042755126953
937,tue,38,1,0.003436565399169922
938,tue,39,1,0.0019681453704833984
939,tue,40,1,0.0033273696899414062
940,tue,41,1,0.003469705581665039
941,tue,42,1,0.08947587013244629
942,tue,43,1,0.1042473316192627
943,tue,44,-1,0.09934186935424805
944,tue,45,-1,0.10043120384216309
945,tue,46,-1,0.09927797317504883
946,tue,48,1,0.0015118122100830078
947,tue,49,-1,0.0025756359100341797
948,tue,50,-1,0.0018463134765625
949,tue,51,-1,0.001847982406616211
950,tue,56,-1,0.0011527538299560547
951,tue,57,-1,0.0011458396911621094
952,tue,58,-1,0.0011334419250488281
953,tue,59,-1,0.0011539459228515625
954,tue,60,-1,0.0011448860168457031
955,tue,61,-1,0.0011584758758544922
956,tue,62,-1,0.0011334419250488281
957,tue,63,-1,0.0011348724365234375
958,tue,64,1,0.0010271072387695312
959,tue,65,-1,0.008823156356811523
960,tue,66,1,0.0062046051025390625
961,tue,67,1,0.006195783615112305
962,tue,68,-1,0.002469301223754883
963,tue,69,1,0.18155837059020996
964,tue,72,1,0.009236335754394531
965,tue,73,-1,0.04635047912597656
966,tue,74,1,0.0017354488372802734
967,tue,75,1,0.0013628005981445312
968,tue,76,-1,0.0023603439331054688
969,tue,77,1,0.08060908317565918
970,tue,78,1,0.005911111831665039
971,tue,79,-1,0.003240346908569336
972,tue,80,-1,0.003275632858276367
973,tue,81,1,0.0019116401672363281
974,tue,82,1,0.001850128173828125
975,tue,83,-1,0.0018851757049560547
976,tue,84,1,0.02196216583251953
977,tue,85,1,0.0049479007720947266
978,tue,86,1,0.003027677536010742
979,tue,87,-1,0.07126641273498535
980,tue,88,1,0.0022275447845458984
981,tue,89,-1,0.0009136199951171875
982,tue,90,-1,0.0008711814880371094
983,tue,91,1,0.0009601116180419922
984,tue,92,1,0.0009672641754150391
985,tue,93,-1,0.0026619434356689453
986,tue,94,1,0.08789801597595215
987,tue,95,1,0.08834171295166016
988,tue,96,-1,0.08874821662902832
989,tue,97,1,0.0019385814666748047
990,tue,98,1,0.0007524490356445312
991,tue,99,1,0.016218185424804688
992,tue,100,1,0.0013680458068847656
993,tue,101,1,0.001611948013305664
994,tue,102,-1,0.0008034706115722656
995,tue,103,-1,0.0007963180541992188
996,tue,104,1,0.0008053779602050781
997,tue,106,-1,0.0008189678192138672
998,tue,108,1,0.0008072853088378906
999,cha,1,1,0.007295131683349609
1000,cha,2,1,0.00713348388671875
1001,cha,3,1,0.007349491119384766
1002,cha,4,-1,0.007113456726074219
1003,cha,5,-1,0.007181406021118164
1004,cha,6,1,0.007130861282348633
1005,cha,7,1,0.00718235969543457
1006,cha,8,-1,0.00719141960144043
1007,cha,9,1,0.0073735713958740234
1008,cha,10,1,0.007199764251708984
1009,cha,11,-1,0.007225751876831055
1010,cha,12,1,0.007061004638671875
1011,cha,13,1,0.007006645202636719
1012,cha,14,1,0.007065534591674805
1013,cha,15,-1,0.007574319839477539
1014,cha,16,-1,0.0077364444732666016
1015,cha,17,-1,0.007972002029418945
1016,cha,18,1,0.007420539855957031
1017,cha,19,1,0.007259368896484375
1018,cha,20,-1,0.0071582794189453125
1019,cha,21,1,0.007067441940307617
1020,cha,22,1,0.007144927978515625
1021,cha,23,-1,0.0073680877685546875
1022,cha,24,1,0.007180452346801758
1023,cha,25,1,0.007069587707519531
1024,cha,26,-1,0.0071222782135009766
1025,cha,27,-1,0.007050752639770508
1026,cha,28,1,0.007109642028808594
1027,cha,29,1,0.00710606575012207
1028,cha,30,-1,0.007151365280151367
1029,cha,31,1,0.00716090202331543
1030,cha,32,1,0.007120847702026367
1031,cha,33,-1,0.0071103572845458984
1032,cha,34,1,0.007141590118408203
1033,cha,35,1,0.007109403610229492
1034,cha,36,1,0.007097721099853516
1035,cha,37,1,0.0070858001708984375
1036,cha,38,-1,0.007147550582885742
1037,cha,39,1,0.00709080696105957
1038,cha,40,-1,0.0070781707763671875
1039,cha,41,-1,0.007067203521728516
1040,cha,42,1,0.00707244873046875
1041,cha,43,1,0.007594585418701172
1042,cha,44,1,0.007412910461425781
1043,cha,45,1,0.0072290897369384766
1044,cha,46,1,0.0073435306549072266
1045,cha,47,-1,0.00732731819152832
1046,cha,48,1,0.0070917606353759766
1047,cha,49,1,0.007304668426513672
1048,cha,50,1,0.0070836544036865234
1049,cha,51,1,0.00710296630859375
1050,cha,52,1,0.007048845291137695
1051,cha,53,-1,0.007106304168701172
1052,cha,54,1,0.0070188045501708984
1053,cha,55,-1,0.007206916809082031
1054,cha,56,1,0.007063388824462891
1055,cha,57,1,0.007108449935913086
1056,cha,58,1,0.007018089294433594
1057,cha,59,1,0.007041454315185547
1058,cha,60,1,0.00708460807800293
1059,cha,61,-1,0.007038593292236328
1060,cha,62,-1,0.007340908050537109
1061,cha,63,-1,0.007086515426635742
1062,cha,64,1,0.007105112075805664
1063,cha,65,-1,0.0071086883544921875
1064,cha,66,-1,0.007119655609130859
1065,cha,67,1,0.0070514678955078125
1066,cha,68,1,0.007126808166503906
1067,cha,69,-1,0.0070836544036865234
1068,cha,70,1,0.007057905197143555
1069,cha,71,1,0.007146596908569336
1070,cha,72,-1,0.007089138031005859
1071,cha,73,-1,0.007072925567626953
1072,cha,74,1,0.007070779800415039
1073,cha,75,1,0.0072154998779296875
1074,cha,76,-1,0.007101535797119141
1075,cha,77,1,0.007128715515136719
1076,cha,78,1,0.007298946380615234
1077,cha,79,-1,0.0070912837982177734
1078,cha,80,1,0.007409811019897461
1079,cha,81,1,0.00738072395324707
1080,cha,82,1,0.0074062347412109375
1081,cha,83,-1,0.0073282718658447266
1082,cha,84,1,0.007090091705322266
1083,cha,85,-1,0.007330179214477539
1084,cha,86,1,0.00720977783203125
1085,cha,87,-1,0.007073879241943359
1086,cha,88,1,0.007066488265991211
1087,cha,89,1,0.0071790218353271484
1088,cha,90,-1,0.007086753845214844
1089,cha,91,1,0.007086753845214844
1090,cha,92,-1,0.007092475891113281
1091,cha,93,1,0.007089376449584961
1092,cha,94,1,0.007184267044067383
1093,cha,95,1,0.007079601287841797
1094,cha,96,-1,0.007163047790527344
1095,cha,97,1,0.0071375370025634766
1096,cha,98,1,0.007129192352294922
1097,cha,99,-1,0.007097959518432617
1098,cha,100,1,0.007099628448486328
1099,cha,101,-1,0.0071201324462890625
1100,cha,102,1,0.007152080535888672
1101,cha,103,1,0.007110595703125
1102,cha,104,1,0.007082939147949219
1103,cha,105,1,0.007033586502075195
1104,cha,106,1,0.007398128509521484
1105,cha,107,-1,0.007500886917114258
1106,cha,108,-1,0.007269859313964844
1107,cha,109,1,0.007329225540161133
1108,cha,110,1,0.0072765350341796875
1109,cha,111,1,0.0070874691009521484
1110,cha,112,1,0.007244110107421875
1111,cha,113,1,0.0071599483489990234
1112,cha,114,1,0.007098197937011719
1113,cha,115,1,0.0070781707763671875
1114,cha,116,-1,0.007088899612426758
1115,cha,117,1,0.007059574127197266
1116,cha,118,-1,0.007064342498779297
1117,cha,119,-1,0.007114887237548828
1118,cha,120,-1,0.007079124450683594
1119,cha,121,1,0.007242441177368164
1120,cha,122,1,0.0071828365325927734
1121,cha,123,1,0.007109642028808594
1122,cha,124,-1,0.0071065425872802734
1123,cha,125,-1,0.007124185562133789
1124,cha,126,1,0.007204294204711914
1125,cha,127,-1,0.007081508636474609
1126,cha,128,1,0.0070607662200927734
1127,cha,129,-1,0.007073163986206055
1128,cha,130,-1,0.0071179866790771484
1129,cha,131,1,0.007172107696533203
1130,cha,132,1,0.0070841312408447266
1131,cha,133,1,0.007091999053955078
1132,cha,134,-1,0.0071637630462646484
1133,cha,135,1,0.0070934295654296875
1134,cha,136,-1,0.007052898406982422
1135,cha,137,1,0.007089376449584961
1136,cha,138,1,0.00714111328125
1137,cha,139,1,0.007118940353393555
1138,cha,140,1,0.00706171989440918
1139,cha,141,1,0.007119417190551758
1140,cha,142,-1,0.0071904659271240234
1141,cha,143,-1,0.007061481475830078
1142,cha,144,1,0.007124900817871094
1143,cha,145,-1,0.007688283920288086
1144,cha,146,1,0.007735013961791992
1145,cha,147,1,0.00745844841003418
1146,cha,148,1,0.007289886474609375
1147,cha,149,1,0.007183074951171875
1148,cha,150,1,0.00710606575012207
1149,cha,151,-1,0.007141828536987305
1150,cha,152,-1,0.007078647613525391
1151,cha,153,1,0.007089376449584961
1152,cha,154,-1,0.0070765018463134766
1153,cha,155,-1,0.007088661193847656
1154,cha,156,-1,0.007117748260498047
1155,cha,157,-1,0.007086992263793945
1156,cha,158,-1,0.007127046585083008
1157,cha,159,1,0.00704193115234375
1158,cha,160,-1,0.007121562957763672
1159,cha,161,1,0.007101535797119141
1160,cha,162,1,0.007071971893310547
1161,cha,163,-1,0.0072209835052490234
1162,cha,164,1,0.007157802581787109
1163,cha,165,-1,0.007157087326049805
1164,cha,166,1,0.007345438003540039
1165,cha,167,-1,0.007170438766479492
1166,cha,168,1,0.0071544647216796875
1167,cha,169,1,0.00737309455871582
1168,cha,170,1,0.007439613342285156
1169,cha,171,1,0.007348537445068359
1170,cha,172,-1,0.007231950759887695
1171,cha,173,1,0.007294654846191406
1172,cha,174,1,0.007276058197021484
1173,cha,175,1,0.0072672367095947266
1174,cha,176,1,0.00711512565612793
1175,cha,177,1,0.007146358489990234
1176,cha,178,1,0.007083415985107422
1177,cha,179,1,0.0071294307708740234
1178,cha,180,1,0.00717926025390625
1179,cha,181,-1,0.0073089599609375
1180,cha,182,1,0.007146596908569336
1181,cha,183,1,0.00711822509765625
1182,cha,184,-1,0.00713038444519043
1183,cha,185,1,0.007149457931518555
1184,cha,186,1,0.007110595703125
1185,cha,187,-1,0.007119894027709961
1186,cha,188,1,0.0071260929107666016
1187,cha,189,1,0.007169008255004883
1188,cha,190,-1,0.00720667839050293
1189,cha,191,-1,0.007109403610229492
1190,cha,192,1,0.0070955753326416016
1191,cha,193,-1,0.007127285003662109
1192,cha,194,1,0.00715184211730957
1193,cha,195,-1,0.007146358489990234
1194,cha,196,1,0.007185935974121094
1195,cha,197,-1,0.007116079330444336
1196,cha,198,-1,0.0072400569915771484
1197,cha,199,1,0.007213115692138672
1198,cha,200,1,0.00711822509765625
1199,cha,201,1,0.0070989131927490234
1200,cha,202,-1,0.007077455520629883
1201,cha,203,-1,0.007202625274658203
1202,cha,204,-1,0.007149457931518555
1203,cha,205,-1,0.0072116851806640625
1204,cha,206,-1,0.007199764251708984
1205,cha,207,1,0.007142782211303711
1206,cha,208,1,0.007177829742431641
1207,cha,209,1,0.007147789001464844
1208,cha,210,1,0.007405281066894531
1209,cha,211,-1,0.007826566696166992
1210,cha,212,-1,0.00751495361328125
1211,cha,213,1,0.007263660430908203
1212,cha,214,1,0.007194042205810547
1213,cha,215,-1,0.0071294307708740234
1214,cha,216,1,0.00706791877746582
1215,cha,217,-1,0.007133960723876953
1216,cha,218,-1,0.007029294967651367
1217,cha,219,-1,0.007109880447387695
1218,cha,220,1,0.00713658332824707
1219,cha,221,-1,0.007288932800292969
1220,cha,222,1,0.007147789001464844
1221,cha,223,-1,0.007155895233154297
1222,cha,224,1,0.007144927978515625
1223,cha,225,-1,0.007163047790527344
1224,cha,226,-1,0.007123470306396484
1225,cha,227,1,0.007097005844116211
1226,cha,228,1,0.00717473030090332
1227,cha,229,-1,0.007089376449584961
1228,cha,230,1,0.0071222782135009766
1229,cha,231,-1,0.00709843635559082
1230,cha,232,1,0.007517099380493164
1231,cha,233,1,0.007490396499633789
1232,cha,234,-1,0.007302045822143555
1233,cha,235,1,0.007349491119384766
1234,cha,236,1,0.007348299026489258
1235,cha,237,-1,0.0072689056396484375
1236,cha,238,1,0.007432460784912109
1237,cha,239,-1,0.007233381271362305
1238,cha,240,-1,0.007184267044067383
1239,cha,241,-1,0.007211923599243164
1240,cha,242,-1,0.007127523422241211
1241,cha,243,1,0.0071239471435546875
1242,cha,244,-1,0.007122993469238281
1243,cha,245,1,0.0071868896484375
1244,cha,246,-1,0.007169485092163086
1245,cha,247,-1,0.007116556167602539
1246,cha,248,-1,0.007102489471435547
1247,cha,249,-1,0.007133007049560547
1248,cha,250,1,0.007109642028808594
1249,cha,251,-1,0.0071947574615478516
1250,cha,252,-1,0.007067441940307617
1251,cha,253,1,0.007139444351196289
1252,cha,254,1,0.007113456726074219
1253,cha,255,-1,0.0071697235107421875
1254,cha,256,1,0.0071201324462890625
1255,cha,257,1,0.007218122482299805
1256,cha,258,1,0.00716710090637207
1257,cha,259,1,0.007096529006958008
1258,cha,260,1,0.0071065425872802734
1259,cha,261,1,0.007172822952270508
1260,cha,262,-1,0.007153749465942383
1261,cha,263,1,0.007105112075805664
1262,cha,264,-1,0.0071582794189453125
1263,cha,265,-1,0.007161855697631836
1264,cha,266,1,0.0070953369140625
1265,cha,267,-1,0.00725555419921875
1266,cha,268,-1,0.00715327262878418
1267,cha,269,-1,0.0072057247161865234
1268,cha,270,1,0.0071964263916015625
1269,cha,271,1,0.00705265998840332
1270,cha,272,-1,0.007128715515136719
1271,cha,273,1,0.007122516632080078
1272,cha,274,1,0.007063150405883789
1273,cha,275,1,0.007299184799194336
1274,cha,276,1,0.00777125358581543
1275,cha,277,-1,0.0072672367095947266
1276,cha,278,-1,0.007212400436401367
1277,cha,279,1,0.007117748260498047
1278,cha,280,1,0.00711512565612793
1279,cha,281,-1,0.0070912837982177734
1280,cha,282,1,0.007104158401489258
1281,cha,283,1,0.007148027420043945
1282,cha,284,-1,0.007157802581787109
1283,cha,285,1,0.007194042205810547
1284,cha,286,1,0.007136344909667969
1285,cha,287,-1,0.007083415985107422
1286,cha,288,-1,0.007118940353393555
1287,cha,289,1,0.007098674774169922
1288,cha,290,-1,0.007094860076904297
1289,cha,291,1,0.007112026214599609
1290,cha,292,1,0.007069110870361328
1291,cha,293,1,0.0070953369140625
1292,cha,294,1,0.007096052169799805
1293,cha,295,1,0.007501363754272461
1294,cha,296,-1,0.007463932037353516
1295,cha,297,1,0.007294178009033203
1296,cha,298,-1,0.0072803497314453125
1297,cha,299,1,0.007331132888793945
1298,cha,300,1,0.0070819854736328125
1299,net,1,1,0.007164716720581055
1300,net,2,1,0.007213115692138672
1301,net,3,1,0.00719141960144043
1302,net,4,1,0.00716853141784668
1303,net,5,1,0.007126569747924805
1304,net,6,1,0.0071604251861572266
1305,net,7,1,0.0071485042572021484
1306,net,8,1,0.007146358489990234
1307,net,9,1,0.007162570953369141
1308,net,10,1,0.007189750671386719
1309,net,11,1,0.007155895233154297
1310,net,12,1,0.007144451141357422
1311,net,13,-1,0.007146358489990234
1312,net,14,1,0.007195234298706055
1313,net,15,1,0.007161855697631836
1314,net,16,1,0.007160663604736328
1315,net,17,1,0.007146120071411133
1316,net,18,1,0.007135868072509766
1317,net,19,1,0.007283210754394531
1318,net,20,1,0.007276773452758789
1319,net,21,1,0.007058143615722656
1320,net,22,1,0.007103919982910156
1321,net,23,-1,0.0070760250091552734
1322,net,24,-1,0.007406473159790039
1323,net,25,1,0.007208824157714844
1324,net,26,1,0.007108449935913086
1325,net,27,1,0.007059574127197266
1326,net,28,1,0.007045269012451172
1327,net,29,1,0.00706171989440918
1328,net,30,1,0.0070307254791259766
1329,net,31,1,0.007089376449584961
1330,net,32,1,0.007046937942504883
1331,net,33,1,0.007138967514038086
1332,net,34,1,0.007137775421142578
1333,net,35,1,0.007498264312744141
1334,net,36,1,0.007218599319458008
1335,net,37,1,0.007101535797119141
1336,net,38,-1,0.0071713924407958984
1337,net,39,1,0.007099628448486328
1338,net,40,1,0.007047414779663086
1339,net,41,1,0.007049083709716797
1340,net,42,1,0.007039070129394531
1341,net,43,-1,0.007018327713012695
1342,net,44,-1,0.007041454315185547
1343,net,45,1,0.007053852081298828
1344,net,46,1,0.0070340633392333984
1345,net,47,1,0.0070455074310302734
1346,net,48,1,0.0070343017578125
1347,net,49,1,0.007045269012451172
1348,net,50,1,0.007025957107543945
1349,net,51,1,0.007035017013549805
1350,net,52,1,0.007035970687866211
1351,net,53,1,0.0070383548736572266
1352,net,54,1,0.007064104080200195
1353,net,55,1,0.007074117660522461
1354,net,56,1,0.007069587707519531
1355,net,57,1,0.0070497989654541016
1356,net,58,1,0.007036447525024414
1357,net,59,1,0.007035493850708008
1358,net,60,1,0.00717926025390625
1359,net,61,1,0.007050037384033203
1360,net,62,1,0.007508516311645508
1361,net,63,1,0.007200479507446289
1362,net,64,1,0.0070781707763671875
1363,net,65,1,0.007066249847412109
1364,net,66,1,0.007050037384033203
1365,net,67,1,0.007063388824462891
1366,net,68,1,0.007089853286743164
1367,net,69,1,0.007063150405883789
1368,net,70,1,0.007055044174194336
1369,net,71,1,0.007009267807006836
1370,net,72,1,0.007193565368652344
1371,net,73,1,0.007310390472412109
1372,net,74,1,0.007103443145751953
1373,net,75,1,0.0071065425872802734
1374,net,76,1,0.007039070129394531
1375,net,77,1,0.007047414779663086
1376,net,78,1,0.007036924362182617
1377,net,79,1,0.007044792175292969
1378,net,80,1,0.007031679153442383
1379,net,81,1,0.007027387619018555
1380,net,82,-1,0.007033109664916992
1381,net,83,1,0.007140636444091797
1382,net,84,1,0.0070340633392333984
1383,net,85,-1,0.0071756839752197266
1384,net,86,1,0.007031917572021484
1385,net,87,1,0.007066488265991211
1386,net,88,1,0.0070836544036865234
1387,net,89,1,0.007063865661621094
1388,net,90,1,0.006994962692260742
1389,net,91,1,0.007069110870361328
1390,net,92,1,0.007199525833129883
1391,net,93,1,0.0070400238037109375
1392,net,94,1,0.007149934768676758
1393,net,95,1,0.007085323333740234
1394,net,96,1,0.007069826126098633
1395,net,97,1,0.0070765018463134766
1396,net,98,1,0.007056713104248047
1397,net,99,-1,0.007042646408081055
1398,net,100,-1,0.007061481475830078
1399,net,101,1,0.007394313812255859
1400,net,102,1,0.007174491882324219
1401,net,103,1,0.00704193115234375
1402,net,104,1,0.007117271423339844
1403,net,105,1,0.007021427154541016
1404,net,106,1,0.007089138031005859
1405,net,107,-1,0.007960081100463867
1406,net,108,-1,0.007767915725708008
1407,net,109,1,0.0074541568756103516
1408,net,110,1,0.007658243179321289
1409,net,111,1,0.0077550411224365234
1410,net,112,1,0.00782465934753418
1411,net,113,1,0.007508277893066406
1412,net,114,1,0.007278919219970703
1413,net,115,1,0.007162332534790039
1414,net,116,1,0.007191896438598633
1415,net,117,1,0.007514238357543945
1416,net,118,1,0.007273674011230469
1417,net,119,-1,0.007539033889770508
1418,net,120,1,0.00756382942199707
1419,net,121,1,0.007369279861450195
1420,net,122,1,0.007376194000244141
1421,net,123,-1,0.007344961166381836
1422,net,124,1,0.007501840591430664
1423,net,125,1,0.007363557815551758
1424,net,126,-1,0.007196187973022461
1425,net,127,1,0.007164716720581055
1426,net,128,1,0.007104635238647461
1427,net,129,1,0.007116794586181641
1428,net,130,1,0.007035017013549805
1429,net,131,1,0.007031679153442383
1430,net,132,1,0.007052183151245117
1431,net,133,1,0.007042646408081055
1432,net,134,1,0.007058382034301758
1433,net,135,-1,0.007097959518432617
1434,net,136,1,0.007047176361083984
1435,net,137,1,0.007025718688964844
1436,net,138,1,0.007032155990600586
1437,net,139,1,0.0074918270111083984
1438,net,140,-1,0.007122993469238281
1439,net,141,1,0.007058620452880859
1440,net,142,-1,0.007035970687866211
1441,net,143,1,0.007060527801513672
1442,net,144,1,0.0070858001708984375
1443,net,145,-1,0.007033348083496094
1444,net,146,1,0.0071566104888916016
1445,net,147,1,0.007105350494384766
1446,net,148,-1,0.007223606109619141
1447,net,149,1,0.007048845291137695
1448,net,150,1,0.007144451141357422
1449,net,151,1,0.007081270217895508
1450,net,152,1,0.007060050964355469
1451,net,153,1,0.007043600082397461
1452,net,154,-1,0.007057666778564453
1453,net,155,1,0.007041215896606445
1454,net,156,1,0.007050037384033203
1455,net,157,1,0.007111549377441406
1456,net,158,1,0.007026195526123047
1457,net,159,1,0.007035493850708008
1458,net,160,1,0.007238626480102539
1459,net,161,1,0.0070683956146240234
1460,net,162,1,0.0070648193359375
1461,net,163,1,0.00705265998840332
1462,net,164,1,0.007050752639770508
1463,net,165,1,0.007102251052856445
1464,net,166,1,0.007063150405883789
1465,net,167,1,0.0070476531982421875
1466,net,168,1,0.007062196731567383
1467,net,169,1,0.007074594497680664
1468,net,170,1,0.00713801383972168
1469,net,171,1,0.007118940353393555
1470,net,172,1,0.0071125030517578125
1471,net,173,1,0.007036447525024414
1472,net,174,1,0.007007122039794922
1473,net,175,1,0.007019996643066406
1474,net,176,1,0.007053852081298828
1475,net,177,1,0.0074803829193115234
1476,net,178,1,0.007124900817871094
1477,net,179,1,0.007116079330444336
1478,net,180,1,0.0070683956146240234
1479,net,181,1,0.007074832916259766
1480,net,182,1,0.0070650577545166016
1481,net,183,1,0.007092475891113281
1482,net,184,-1,0.007409811019897461
1483,net,185,1,0.00742030143737793
1484,net,186,1,0.00706934928894043
1485,net,187,1,0.007068157196044922
1486,net,188,1,0.007072925567626953
1487,net,189,1,0.007064104080200195
1488,net,190,1,0.007020711898803711
1489,net,191,1,0.007053375244140625
1490,net,192,1,0.007027626037597656
1491,net,193,1,0.00704646110534668
1492,net,194,1,0.0070040225982666016
1493,net,195,1,0.007024526596069336
1494,net,196,1,0.0070743560791015625
1495,net,197,1,0.007050752639770508
1496,net,198,1,0.0070765018463134766
1497,net,199,-1,0.007050991058349609
1498,net,200,-1,0.007020711898803711
1499,net,201,1,0.007040977478027344
1500,net,202,1,0.007366657257080078
1501,net,203,1,0.007416963577270508
1502,net,204,1,0.007456064224243164
1503,net,205,1,0.007066965103149414
1504,net,206,1,0.0076410770416259766
1505,net,207,1,0.007457733154296875
1506,net,208,1,0.007029056549072266
1507,net,209,1,0.007054567337036133
1508,net,210,1,0.007081031799316406
1509,net,211,1,0.007002115249633789
1510,net,212,1,0.006979227066040039
1511,net,213,1,0.00703883171081543
1512,net,214,1,0.007039546966552734
1513,net,215,1,0.00767207145690918
1514,net,216,1,0.007588624954223633
1515,net,217,1,0.007516384124755859
1516,net,218,1,0.00724339485168457
1517,net,219,1,0.0069959163665771484
1518,net,220,1,0.007091522216796875
1519,net,221,1,0.0071294307708740234
1520,net,222,1,0.0073566436767578125
1521,net,223,1,0.007143735885620117
1522,net,224,1,0.007047414779663086
1523,net,225,1,0.007006406784057617
1524,net,226,1,0.007105827331542969
1525,net,227,1,0.00699615478515625
1526,net,228,1,0.006978034973144531
1527,net,229,1,0.006973981857299805
1528,net,230,1,0.007033109664916992
1529,net,231,1,0.0069980621337890625
1530,net,232,1,0.0069887638092041016
1531,net,233,1,0.006996631622314453
1532,net,234,1,0.007042646408081055
1533,net,235,-1,0.0070154666900634766
1534,net,236,1,0.0070378780364990234
1535,net,237,1,0.007043600082397461
1536,net,238,1,0.006991147994995117
1537,net,239,1,0.0070111751556396484
1538,net,240,1,0.007010936737060547
1539,net,241,1,0.007053852081298828
1540,net,242,1,0.007029056549072266
1541,net,243,1,0.00697779655456543
1542,net,244,1,0.006997823715209961
1543,net,245,1,0.007033586502075195
1544,net,246,1,0.007040739059448242
1545,net,247,1,0.006997108459472656
1546,net,248,1,0.0070111751556396484
1547,net,249,1,0.00698542594909668
1548,net,250,-1,0.006978511810302734
1549,net,251,1,0.0070171356201171875
1550,net,252,1,0.007028341293334961
1551,net,253,1,0.007121562957763672
1552,net,254,1,0.007036924362182617
1553,net,255,1,0.007061004638671875
1554,net,256,1,0.007186412811279297
1555,net,257,-1,0.007019519805908203
1556,net,258,1,0.007158994674682617
1557,net,259,1,0.007218360900878906
1558,net,260,1,0.007066249847412109
1559,net,261,1,0.007018089294433594
1560,net,262,1,0.007291078567504883
1561,net,263,1,0.0069730281829833984
1562,net,264,1,0.007030487060546875
1563,net,265,1,0.0069730281829833984
1564,net,266,1,0.006984233856201172
1565,net,267,1,0.006991863250732422
1566,net,268,1,0.006983518600463867
1567,net,269,1,0.006971836090087891
1568,net,270,1,0.0070078372955322266
1569,net,271,-1,0.007035255432128906
1570,net,272,-1,0.00701594352722168
1571,net,273,1,0.007182598114013672
1572,net,274,1,0.006987094879150391
1573,net,275,1,0.007045269012451172
1574,net,276,1,0.007094383239746094
1575,net,277,1,0.007046222686767578
1576,net,278,1,0.006989717483520508
1577,net,279,1,0.006997108459472656
1578,net,280,-1,0.0069887638092041016
1579,net,281,1,0.006998538970947266
1580,net,282,1,0.0070972442626953125
1581,net,283,1,0.00702977180480957
1582,net,284,-1,0.007000923156738281
1583,net,285,1,0.007005453109741211
1584,net,286,1,0.007003307342529297
1585,net,287,1,0.0069768428802490234
1586,net,288,1,0.006996631622314453
1587,net,289,1,0.0070171356201171875
1588,net,290,1,0.006993770599365234
1589,net,291,1,0.006978034973144531
1590,net,292,-1,0.0070879459381103516
1591,net,293,1,0.007174491882324219
1592,net,294,1,0.007702827453613281
1593,net,295,1,0.007179737091064453
1594,net,296,1,0.0070955753326416016
1595,net,297,1,0.00719451904296875
1596,net,298,1,0.007035017013549805
1597,net,299,1,0.00705265998840332
1598,net,300,1,0.007060527801513672
1599,multi,1,1,0.007128715515136719
1600,multi,2,1,0.00700688362121582
1601,multi,3,1,0.0070188045501708984
1602,multi,4,1,0.006995677947998047
1603,multi,5,1,0.007005929946899414
1604,multi,6,1,0.007026195526123047
1605,multi,7,1,0.006996631622314453
1606,multi,8,1,0.007040739059448242
1607,multi,9,1,0.0070171356201171875
1608,multi,10,1,0.0070073604583740234
1609,multi,11,1,0.007031917572021484
1610,multi,12,1,0.007052421569824219
1611,multi,13,1,0.007018566131591797
1612,multi,14,1,0.007125377655029297
1613,multi,15,1,0.0070476531982421875
1614,multi,16,1,0.00699162483215332
1615,multi,17,1,0.006981372833251953
1616,multi,18,1,0.007001399993896484
1617,multi,19,1,0.007132053375244141
1618,multi,20,1,0.007072925567626953
1619,multi,21,1,0.007024526596069336
1620,multi,22,1,0.0069942474365234375
1621,multi,23,1,0.006947517395019531
1622,multi,24,1,0.007033348083496094
1623,multi,25,-1,0.0069751739501953125
1624,multi,26,1,0.007020235061645508
1625,multi,27,1,0.006995439529418945
1626,multi,28,1,0.006999969482421875
1627,multi,29,-1,0.007022380828857422
1628,multi,30,1,0.007076740264892578
1629,multi,31,1,0.007130861282348633
1630,multi,32,1,0.007050752639770508
1631,multi,33,1,0.00742030143737793
1632,multi,34,-1,0.0072021484375
1633,multi,35,1,0.007092952728271484
1634,multi,36,1,0.0070378780364990234
1635,multi,37,1,0.0072596073150634766
1636,multi,38,-1,0.007039546966552734
1637,multi,39,1,0.007068157196044922
1638,multi,40,1,0.0070400238037109375
1639,multi,41,1,0.007022380828857422
1640,multi,42,-1,0.00704193115234375
1641,multi,43,1,0.006990194320678711
1642,multi,44,1,0.007009029388427734
1643,multi,45,1,0.007002115249633789
1644,multi,46,1,0.0069882869720458984
1645,multi,47,1,0.006995677947998047
1646,multi,48,1,0.007012844085693359
1647,multi,49,1,0.007090091705322266
1648,multi,50,1,0.0069942474365234375
1649,multi,51,1,0.007082939147949219
1650,multi,52,1,0.00706171989440918
1651,multi,53,1,0.006999492645263672
1652,multi,54,1,0.007008552551269531
1653,multi,55,1,0.00696563720703125
1654,multi,56,-1,0.007004976272583008
1655,multi,57,1,0.00706028938293457
1656,multi,58,1,0.0071866512298583984
1657,multi,59,1,0.0069904327392578125
1658,multi,60,1,0.006972074508666992
1659,multi,61,1,0.006989240646362305
1660,multi,62,1,0.006989002227783203
1661,multi,63,1,0.006997108459472656
1662,multi,64,1,0.006986379623413086
1663,multi,65,1,0.006973743438720703
1664,multi,66,1,0.006994724273681641
1665,multi,67,1,0.0069811344146728516
1666,multi,68,1,0.007010459899902344
1667,multi,69,1,0.007020711898803711
1668,multi,70,1,0.0070760250091552734
1669,multi,71,1,0.00791788101196289
1670,multi,72,1,0.007218599319458008
1671,multi,73,1,0.007016897201538086
1672,multi,74,-1,0.007006645202636719
1673,multi,75,1,0.007009267807006836
1674,multi,76,1,0.007000446319580078
1675,multi,77,1,0.007064342498779297
1676,multi,78,1,0.007035493850708008
1677,multi,79,1,0.007014036178588867
1678,multi,80,1,0.007032632827758789
1679,multi,81,1,0.0070149898529052734
1680,multi,82,1,0.007023334503173828
1681,multi,83,1,0.0069658756256103516
1682,multi,84,-1,0.007018327713012695
1683,multi,85,1,0.007005214691162109
1684,multi,86,1,0.007005214691162109
1685,multi,87,1,0.007003068923950195
1686,multi,88,-1,0.007040262222290039
1687,multi,89,1,0.0070078372955322266
1688,multi,90,1,0.0069789886474609375
1689,multi,91,-1,0.007022857666015625
1690,multi,92,1,0.0069980621337890625
1691,multi,93,-1,0.007028341293334961
1692,multi,94,-1,0.007009983062744141
1693,multi,95,1,0.0069429874420166016
1694,multi,96,1,0.00704503059387207
1695,multi,97,-1,0.006989955902099609
1696,multi,98,1,0.006987333297729492
1697,multi,99,-1,0.0069735050201416016
1698,multi,100,1,0.007011890411376953
1699,multi,101,1,0.00697636604309082
1700,multi,102,1,0.007009744644165039
1701,multi,103,1,0.006987810134887695
1702,multi,104,1,0.006997585296630859
1703,multi,105,1,0.007036924362182617
1704,multi,106,1,0.0069773197174072266
1705,multi,107,-1,0.0069997310638427734
1706,multi,108,1,0.007108449935913086
1707,multi,109,1,0.007194995880126953
1708,multi,110,1,0.0070760250091552734
1709,multi,111,1,0.0071451663970947266
1710,multi,112,1,0.00730586051940918
1711,multi,113,1,0.007046937942504883
1712,multi,114,1,0.00699162483215332
1713,multi,115,1,0.0070340633392333984
1714,multi,116,1,0.006989955902099609
1715,multi,117,1,0.0069904327392578125
1716,multi,118,1,0.006974220275878906
1717,multi,119,1,0.006947994232177734
1718,multi,120,1,0.0070226192474365234
1719,multi,121,1,0.00698089599609375
1720,multi,122,1,0.006994009017944336
1721,multi,123,1,0.006979465484619141
1722,multi,124,1,0.007128477096557617
1723,multi,125,1,0.007012844085693359
1724,multi,126,1,0.006998300552368164
1725,multi,127,1,0.007001638412475586
1726,multi,128,1,0.006991147994995117
1727,multi,129,1,0.007001399993896484
1728,multi,130,1,0.006966590881347656
1729,multi,131,1,0.007016658782958984
1730,multi,132,1,0.007006645202636719
1731,multi,133,1,0.007001399993896484
1732,multi,134,1,0.006970643997192383
1733,multi,135,1,0.0070285797119140625
1734,multi,136,1,0.00697636604309082
1735,multi,137,1,0.006983041763305664
1736,multi,138,1,0.007013559341430664
1737,multi,139,1,0.006976127624511719
1738,multi,140,1,0.007002830505371094
1739,multi,141,-1,0.007023811340332031
1740,multi,142,-1,0.006989240646362305
1741,multi,143,-1,0.00720524787902832
1742,multi,144,1,0.007017850875854492
1743,multi,145,1,0.0069882869720458984
1744,multi,146,1,0.007417201995849609
1745,multi,147,1,0.007084846496582031
1746,multi,148,1,0.007080078125
1747,multi,149,1,0.007292509078979492
1748,multi,150,1,0.007044315338134766
1749,multi,151,-1,0.007007598876953125
1750,multi,152,1,0.006980419158935547
1751,multi,153,1,0.007000446319580078
1752,multi,154,1,0.006968259811401367
1753,multi,155,1,0.006985187530517578
1754,multi,156,1,0.0070171356201171875
1755,multi,157,1,0.0069849491119384766
1756,multi,158,-1,0.006983518600463867
1757,multi,159,1,0.007031679153442383
1758,multi,160,1,0.007005929946899414
1759,multi,161,-1,0.007017374038696289
1760,multi,162,1,0.007055997848510742
1761,multi,163,1,0.007015705108642578
1762,multi,164,1,0.0070438385009765625
1763,multi,165,1,0.007006645202636719
1764,multi,166,1,0.0069963932037353516
1765,multi,167,1,0.0070002079010009766
1766,multi,168,1,0.006985902786254883
1767,multi,169,1,0.006973743438720703
1768,multi,170,1,0.006964921951293945
1769,multi,171,1,0.006963968276977539
1770,multi,172,-1,0.006982088088989258
1771,multi,173,1,0.006985187530517578
1772,multi,174,1,0.006967067718505859
1773,multi,175,1,0.006972789764404297
1774,multi,176,-1,0.007007598876953125
1775,multi,177,1,0.006963491439819336
1776,multi,178,1,0.0069904327392578125
1777,multi,179,-1,0.006992816925048828
1778,multi,180,1,0.006973743438720703
1779,multi,181,1,0.007020473480224609
1780,multi,182,1,0.00698399543762207
1781,multi,183,-1,0.007033824920654297
1782,multi,184,1,0.007363796234130859
1783,multi,185,-1,0.007149934768676758
1784,multi,186,1,0.0071277618408203125
1785,multi,187,1,0.00702214241027832
1786,multi,188,1,0.007046222686767578
1787,multi,189,1,0.0069925785064697266
1788,multi,190,1,0.006963968276977539
1789,multi,191,1,0.007025957107543945
1790,multi,192,1,0.006983041763305664
1791,multi,193,1,0.006979227066040039
1792,multi,194,1,0.006985902786254883
1793,multi,195,1,0.0069637298583984375
1794,multi,196,1,0.006997108459472656
1795,multi,197,1,0.006957530975341797
1796,multi,198,1,0.0069904327392578125
1797,multi,199,1,0.006949663162231445
1798,multi,200,-1,0.007052183151245117
1799,multi,201,1,0.007140398025512695
1800,multi,202,1,0.0070154666900634766
1801,multi,203,1,0.007000923156738281
1802,multi,204,1,0.007000446319580078
1803,multi,205,1,0.007025241851806641
1804,multi,206,1,0.007033824920654297
1805,multi,207,1,0.007035732269287109
1806,multi,208,1,0.00699305534362793
1807,multi,209,1,0.006972074508666992
1808,multi,210,1,0.006988048553466797
1809,multi,211,1,0.006996870040893555
1810,multi,212,1,0.006997108459472656
1811,multi,213,1,0.0069577693939208984
1812,multi,214,1,0.006974935531616211
1813,multi,215,1,0.006998300552368164
1814,multi,216,1,0.0070343017578125
1815,multi,217,1,0.0069751739501953125
1816,multi,218,1,0.007020473480224609
1817,multi,219,-1,0.0070073604583740234
1818,multi,220,1,0.00701141357421875
1819,multi,221,1,0.0072896480560302734
1820,multi,222,1,0.007082223892211914
1821,multi,223,1,0.0070765018463134766
1822,multi,224,1,0.0071299076080322266
1823,multi,225,1,0.00702214241027832
1824,multi,226,-1,0.007227659225463867
1825,multi,227,1,0.007061481475830078
1826,multi,228,-1,0.0070953369140625
1827,multi,229,1,0.007013797760009766
1828,multi,230,1,0.006977558135986328
1829,multi,231,1,0.007005929946899414
1830,multi,232,1,0.006988525390625
1831,multi,233,1,0.006996870040893555
1832,multi,234,1,0.007048845291137695
1833,multi,235,1,0.007025003433227539
1834,multi,236,1,0.007044553756713867
1835,multi,237,-1,0.007013082504272461
1836,multi,238,1,0.007016181945800781
1837,multi,239,1,0.007027626037597656
1838,multi,240,1,0.007012605667114258
1839,multi,241,1,0.007014274597167969
1840,multi,242,1,0.006988525390625
1841,multi,243,1,0.00698089599609375
1842,multi,244,1,0.0069887638092041016
1843,multi,245,1,0.006981849670410156
1844,multi,246,1,0.006978034973144531
1845,multi,247,1,0.007128000259399414
1846,multi,248,1,0.007006168365478516
1847,multi,249,1,0.006993770599365234
1848,multi,250,1,0.006959438323974609
1849,multi,251,1,0.007123708724975586
1850,multi,252,1,0.006983518600463867
1851,multi,253,1,0.00700831413269043
1852,multi,254,1,0.006990671157836914
1853,multi,255,1,0.0070078372955322266
1854,multi,256,1,0.007002353668212891
1855,multi,257,1,0.007053852081298828
1856,multi,258,1,0.007200002670288086
1857,multi,259,1,0.007059574127197266
1858,multi,260,1,0.007181882858276367
1859,multi,261,1,0.007027387619018555
1860,multi,262,1,0.007062196731567383
1861,multi,263,1,0.007046222686767578
1862,multi,264,1,0.0070154666900634766
1863,multi,265,-1,0.0071642398834228516
1864,multi,266,1,0.007096767425537109
1865,multi,267,1,0.006990671157836914
1866,multi,268,1,0.006993532180786133
1867,multi,269,1,0.006967782974243164
1868,multi,270,1,0.007005453109741211
1869,multi,271,1,0.007054567337036133
1870,multi,272,1,0.006956815719604492
1871,multi,273,1,0.00700831413269043
1872,multi,274,1,0.007012367248535156
1873,multi,275,1,0.0070269107818603516
1874,multi,276,1,0.007010936737060547
1875,multi,277,1,0.007033109664916992
1876,multi,278,1,0.007049083709716797
1877,multi,279,-1,0.006986856460571289
1878,multi,280,1,0.007028341293334961
1879,multi,281,1,0.007054805755615234
1880,multi,282,1,0.0070302486419677734
1881,multi,283,1,0.006992340087890625
1882,multi,284,1,0.006946563720703125
1883,multi,285,1,0.0070285797119140625
1884,multi,286,1,0.006992340087890625
1885,multi,287,1,0.00701904296875
1886,multi,288,1,0.006972789764404297
1887,multi,289,1,0.006966114044189453
1888,multi,290,1,0.007050275802612305
1889,multi,291,-1,0.007035493850708008
1890,multi,292,1,0.007043600082397461
1891,multi,293,1,0.007007122039794922
1892,multi,294,-1,0.006989955902099609
1893,multi,295,1,0.007062435150146484
1894,multi,296,1,0.007513761520385742
1895,multi,297,1,0.007048606872558594
1896,multi,298,1,0.007033348083496094
1897,multi,299,1,0.00700688362121582
1898,multi,300,1,0.007040500640869141
1899,d4s1,1,1,0.000865936279296875
1900,d4s1,2,1,0.00078582763671875
1901,d4s1,3,-1,0.0008311271667480469
1902,d4s1,4,-1,0.0007843971252441406
1903,d4s1,5,1,0.0008051395416259766
1904,d4s1,6,1,0.0007836818695068359
1905,d4s1,7,1,0.0007846355438232422
1906,d4s1,8,1,0.0007944107055664062
1907,d4s1,9,1,0.0007991790771484375
1908,d4s1,10,1,0.0007824897766113281
1909,d4s1,11,1,0.0007936954498291016
1910,d4s1,12,1,0.0007832050323486328
1911,d4s1,13,1,0.0008039474487304688
1912,d4s1,14,1,0.0007801055908203125
1913,d4s1,15,1,0.0007891654968261719
1914,d4s1,16,1,0.0007829666137695312
1915,d4s1,17,-1,0.0007898807525634766
1916,d4s1,18,-1,0.0007815361022949219
1917,d4s1,19,-1,0.0007884502410888672
1918,d4s1,20,-1,0.0007882118225097656
1919,d4s1,21,-1,0.0007917881011962891
1920,d4s1,22,-1,0.0007958412170410156
1921,d4s1,23,-1,0.0007901191711425781
1922,d4s1,24,-1,0.0007786750793457031
1923,d4s2a,1,1,0.001268625259399414
1924,d4s2a,2,1,0.0012359619140625
1925,d4s2a,3,1,0.0012383460998535156
1926,d4s2a,4,1,0.0012290477752685547
1927,d4s2a,5,1,0.0012395381927490234
1928,d4s2a,6,1,0.0012400150299072266
1929,d4s2a,7,1,0.0012314319610595703
1930,d4s2a,8,1,0.0012254714965820312
1931,d4s2a,9,1,0.001226186752319336
1932,d4s2a,10,1,0.0012316703796386719
1933,d4s2a,11,1,0.0012378692626953125
1934,d4s2a,12,1,0.0012564659118652344
1935,d4s2a,13,1,0.0012390613555908203
1936,d4s2a,14,1,0.0012416839599609375
1937,d4s2a,15,1,0.0012316703796386719
1938,d4s2a,16,1,0.0012309551239013672
1939,d4s2a,17,1,0.0012607574462890625
1940,d4s2a,18,1,0.0012404918670654297
1941,d4s2a,19,-1,0.0012409687042236328
1942,d4s2a,20,-1,0.0012238025665283203
1943,d4s2a,21,1,0.0012240409851074219
1944,d4s2a,22,1,0.0012276172637939453
1945,d4s2a,23,1,0.0012233257293701172
1946,d4s2a,24,1,0.0012369155883789062
1947,d4s2a,25,1,0.0012359619140625
1948,d4s2a,26,1,0.001230001449584961
1949,d4s2a,27,-1,0.0012314319610595703
1950,d4s2a,28,-1,0.0012235641479492188
1951,d4s2a,29,-1,0.0012307167053222656
1952,d4s2a,30,-1,0.0012235641479492188
1953,d4s2a,31,-1,0.0012371540069580078
1954,d4s2a,32,-1,0.001233816146850586
1955,d4s2a,33,1,0.0012195110321044922
1956,d4s2a,34,1,0.0012230873107910156
1957,d4s2a,35,1,0.0012254714965820312
1958,d4s2a,36,1,0.0012362003326416016
1959,d4s2a,37,-1,0.0012331008911132812
1960,d4s2a,38,-1,0.0012390613555908203
1961,d4s2a,39,-1,0.0012285709381103516
1962,d4s2a,40,-1,0.0012350082397460938
1963,d4s2a,41,-1,0.0012269020080566406
1964,d4s2a,42,-1,0.0012364387512207031
1965,d4s2a,43,-1,0.0012302398681640625
1966,d4s2a,44,-1,0.0012328624725341797
1967,d4s2a,45,1,0.001234292984008789
1968,d4s2a,46,1,0.0012271404266357422
1969,d4s2a,47,-1,0.0012326240539550781
1970,d4s2a,48,-1,0.001218557357788086
1971,d4s2a,49,1,0.001241922378540039
1972,d4s2a,50,1,0.0012292861938476562
1973,d4s2a,51,-1,0.001238107681274414
1974,d4s2a,52,-1,0.0012238025665283203
1975,d4s2a,53,1,0.0012292861938476562
1976,d4s2a,54,1,0.0012197494506835938
1977,d4s2a,55,-1,0.0012218952178955078
1978,d4s2a,56,-1,0.0012309551239013672
1979,d4s2a,57,-1,0.0012273788452148438
1980,d4s2a,58,-1,0.00124359130859375
1981,d4s2a,59,-1,0.0012288093566894531
1982,d4s2a,60,-1,0.0012333393096923828
1983,d4s2a,61,1,0.001218557357788086
1984,d4s2a,62,1,0.001233816146850586
1985,d4s2a,63,1,0.0012469291687011719
1986,d4s2a,64,1,0.001222848892211914
1987,d4s2a,65,1,0.001233816146850586
1988,d4s2a,66,1,0.0012271404266357422
1989,d4s2a,67,1,0.0012316703796386719
1990,d4s2a,68,1,0.0012357234954833984
1991,d4s2a,69,1,0.0012385845184326172
1992,d4s2a,70,1,0.0012233257293701172
1993,d4s2a,71,1,0.001226186752319336
1994,d4s2a,72,1,0.0012316703796386719
1995,d4s2a,73,-1,0.0012218952178955078
1996,d4s2a,74,-1,0.0012333393096923828
1997,d4s2a,75,1,0.0012354850769042969
1998,d4s2a,76,1,0.0012319087982177734
1999,d4s2a,77,1,0.0012269020080566406
2000,d4s2a,78,1,0.0012249946594238281
2001,d4s2a,79,1,0.001226663589477539
2002,d4s2a,80,1,0.0012271404266357422
2003,d4s2a,81,-1,0.0012307167053222656
2004,d4s2a,82,-1,0.0012347698211669922
2005,d4s2a,83,1,0.001222372055053711
2006,d4s2a,84,1,0.0012199878692626953
2007,d4s2a,85,1,0.0012359619140625
2008,d4s2a,86,1,0.0012238025665283203
2009,d4s2a,87,1,0.0012364387512207031
2010,d4s2a,88,1,0.0012345314025878906
2011,d4s2a,89,1,0.0012407302856445312
2012,d4s2a,90,1,0.001220703125
2013,d4s2a,91,1,0.0012331008911132812
2014,d4s2a,92,1,0.0012366771697998047
2015,d4s2a,93,1,0.0012252330780029297
2016,d4s2a,94,1,0.0012352466583251953
2017,d4s2a,95,1,0.001230001449584961
2018,d4s2a,96,1,0.001222372055053711
2019,d4s2a,97,1,0.0012221336364746094
2020,d4s2a,98,1,0.0012238025665283203
2021,d4s2a,99,-1,0.0012390613555908203
2022,d4s2a,100,-1,0.0012395381927490234
2023,d4s2a,101,1,0.0012340545654296875
2024,d4s2a,102,1,0.0012328624725341797
2025,d4s2a,103,-1,0.0012316703796386719
2026,d4s2a,104,-1,0.0012350082397460938
2027,d4s2a,105,1,0.0012319087982177734
2028,d4s2a,106,1,0.0012285709381103516
2029,d4s2a,107,1,0.0012288093566894531
2030,d4s2a,108,1,0.0012316703796386719
2031,d4s2a,109,1,0.0012254714965820312
2032,d4s2a,110,1,0.001230001449584961
2033,d4s2a,111,1,0.0012288093566894531
2034,d4s2a,112,1,0.0012307167053222656
2035,d4s2a,113,1,0.0012369155883789062
2036,d4s2a,114,1,0.0012323856353759766
2037,d4s2a,115,-1,0.0012295246124267578
2038,d4s2a,116,-1,0.001219034194946289
2039,d4s2a,117,1,0.001233816146850586
2040,d4s2a,118,1,0.0012278556823730469
2041,d4s2a,119,1,0.0012290477752685547
2042,d4s2a,120,1,0.0012364387512207031
2043,d4s2a,121,1,0.0012259483337402344
2044,d4s2a,122,1,0.0012309551239013672
2045,d4s2a,123,-1,0.001238107681274414
2046,d4s2a,124,-1,0.0012290477752685547
2047,d4s2a,125,1,0.0012366771697998047
2048,d4s2a,126,1,0.00124359130859375
2049,d4s2a,127,-1,0.0012218952178955078
2050,d4s2a,128,-1,0.0012264251708984375
2051,d4s2a,129,1,0.0012598037719726562
2052,d4s2a,130,1,0.0012254714965820312
2053,d4s2a,131,-1,0.001245260238647461
2054,d4s2a,132,-1,0.0012269020080566406
2055,d4s2a,133,1,0.0012357234954833984
2056,d4s2a,134,1,0.0012288093566894531
2057,d4s2a,135,-1,0.0012242794036865234
2058,d4s2a,136,-1,0.0012230873107910156
2059,d4s2a,137,1,0.001226663589477539
2060,d4s2a,138,1,0.0012407302856445312
2061,d4s2a,139,-1,0.0012252330780029297
2062,d4s2a,140,-1,0.001224517822265625
2063,d4s2a,141,-1,0.001226663589477539
2064,d4s2a,142,-1,0.0012209415435791016
2065,d4s2a,143,-1,0.0012242794036865234
2066,d4s2a,144,-1,0.001233816146850586
2067,d4s2a,145,1,0.0012395381927490234
2068,d4s2a,146,1,0.0012221336364746094
2069,d4s2a,147,-1,0.0012233257293701172
2070,d4s2a,148,-1,0.0012252330780029297
2071,d4s2a,149,-1,0.0012280941009521484
2072,d4s2a,150,-1,0.0012352466583251953
2073,d4s2a,151,-1,0.0012402534484863281
2074,d4s2a,152,-1,0.0012230873107910156
2075,d4s2a,153,1,0.0012230873107910156
2076,d4s2a,154,1,0.0012257099151611328
2077,d4s2a,155,-1,0.0012285709381103516
2078,d4s2a,156,-1,0.0012350082397460938
2079,d4s2a,157,1,0.0012323856353759766
2080,d4s2a,158,1,0.0012280941009521484
2081,d4s2a,159,-1,0.0012292861938476562
2082,d4s2a,160,-1,0.0012402534484863281
2083,d4s2a,161,1,0.0012309551239013672
2084,d4s2a,162,1,0.0012362003326416016
2085,d4s2a,163,1,0.0012373924255371094
2086,d4s2a,164,1,0.001222372055053711
2087,d4s2a,165,1,0.0012226104736328125
2088,d4s2a,166,1,0.0012257099151611328
2089,d4s2a,167,1,0.0012309551239013672
2090,d4s2a,168,1,0.0012233257293701172
2091,d4s2a,169,-1,0.0012392997741699219
2092,d4s2a,170,-1,0.001232147216796875
2093,d4s2a,171,1,0.0012271404266357422
2094,d4s2a,172,1,0.001230001449584961
2095,d4s2a,173,1,0.00122833251953125
2096,d4s2a,174,1,0.0012247562408447266
2097,d4s2a,175,1,0.0012319087982177734
2098,d4s2a,176,1,0.0012288093566894531
2099,d4s2a,177,1,0.0012240409851074219
2100,d4s2a,178,1,0.0012247562408447266
2101,d4s2a,179,1,0.0012257099151611328
2102,d4s2a,180,1,0.0012216567993164062
2103,d4s2a,181,1,0.0012450218200683594
2104,d4s2a,182,1,0.0012333393096923828
2105,d4s2a,183,1,0.001222848892211914
2106,d4s2a,184,1,0.0012352466583251953
2107,d4s2a,185,1,0.0012230873107910156
2108,d4s2a,186,1,0.0012235641479492188
2109,d4s2a,187,1,0.0012314319610595703
2110,d4s2a,188,1,0.0012276172637939453
2111,d4s2a,189,1,0.0012233257293701172
2112,d4s2a,190,1,0.0012292861938476562
2113,d4s2a,191,1,0.0012280941009521484
2114,d4s2a,192,1,0.001224517822265625
2115,d4s2a,193,1,0.0012292861938476562
2116,d4s2a,194,1,0.0012583732604980469
2117,d4s2a,195,1,0.0012235641479492188
2118,d4s2a,196,1,0.0012211799621582031
2119,d4s2a,197,1,0.0012242794036865234
2120,d4s2a,198,1,0.001230478286743164
2121,d4s2a,199,1,0.0012254714965820312
2122,d4s2a,200,1,0.0012359619140625
2123,d4s2a,201,-1,0.0012252330780029297
2124,d4s2a,202,-1,0.00122833251953125
2125,d4s2a,203,-1,0.0012350082397460938
2126,d4s2a,204,-1,0.0012307167053222656
2127,d4s2a,205,-1,0.0012211799621582031
2128,d4s2a,206,-1,0.0012331008911132812
2129,d4s2a,207,1,0.0012249946594238281
2130,d4s2a,208,1,0.0012471675872802734
2131,d4s2a,209,1,0.0012218952178955078
2132,d4s2a,210,1,0.001222372055053711
2133,d4s2a,211,-1,0.0012216567993164062
2134,d4s2a,212,-1,0.0012369155883789062
2135,d4s2a,213,-1,0.001230001449584961
2136,d4s2a,214,-1,0.001230001449584961
2137,d4s2a,215,-1,0.001222848892211914
2138,d4s2a,216,-1,0.001219034194946289
2139,d4s2a,217,1,0.0012197494506835938
2140,d4s2a,218,1,0.0012276172637939453
2141,d4s2a,219,1,0.00122833251953125
2142,d4s2a,220,1,0.0012264251708984375
2143,d4s2a,221,1,0.001222848892211914
2144,d4s2a,222,1,0.0012352466583251953
2145,d4s2a,223,1,0.0012254714965820312
2146,d4s2a,224,1,0.0012340545654296875
2147,d4s2a,225,1,0.0012295246124267578
2148,d4s2a,226,1,0.0012371540069580078
2149,d4s2a,227,1,0.0012269020080566406
2150,d4s2a,228,1,0.0012395381927490234
2151,d4s2a,229,1,0.0012269020080566406
2152,d4s2a,230,1,0.0012676715850830078
2153,d4s2a,231,1,0.0012552738189697266
2154,d4s2a,232,1,0.0012319087982177734
2155,d4s2a,233,1,0.0012290477752685547
2156,d4s2a,234,1,0.001230478286743164
2157,d4s2a,235,-1,0.0012693405151367188
2158,d4s2a,236,-1,0.001230001449584961
2159,d4s2a,237,-1,0.0012323856353759766
2160,d4s2a,238,-1,0.0012252330780029297
2161,d4s2a,239,1,0.0012371540069580078
2162,d4s2a,240,1,0.0012390613555908203
2163,d4s2a,241,-1,0.0012269020080566406
2164,d4s2a,242,-1,0.0012197494506835938
2165,d4s2a,243,1,0.0012295246124267578
2166,d4s2a,244,1,0.0012269020080566406
2167,d4s2a,245,1,0.0012347698211669922
2168,d4s2a,246,1,0.001239776611328125
2169,d4s2a,247,-1,0.0012483596801757812
2170,d4s2a,248,-1,0.0012288093566894531
2171,d4s2a,249,-1,0.0012254714965820312
2172,d4s2a,250,-1,0.0012216567993164062
2173,d4s2a,251,-1,0.0012302398681640625
2174,d4s2a,252,-1,0.0012333393096923828
2175,d4s2a,253,1,0.0012218952178955078
2176,d4s2a,254,1,0.0012221336364746094
2177,d4s2a,255,1,0.00122833251953125
2178,d4s2a,256,1,0.001219034194946289
2179,d4s2a,257,1,0.0012264251708984375
2180,d4s2a,258,1,0.0012359619140625
2181,d4s2a,259,1,0.0012295246124267578
2182,d4s2a,260,1,0.0012292861938476562
2183,d4s2a,261,1,0.0012309551239013672
2184,d4s2a,262,1,0.0012450218200683594
2185,d4s2a,263,1,0.0012660026550292969
2186,d4s2a,264,1,0.001237630844116211
2187,d4s2a,265,1,0.0012323856353759766
2188,d4s2a,266,1,0.0012369155883789062
2189,d4s2a,267,-1,0.0012288093566894531
2190,d4s2a,268,-1,0.0012297630310058594
2191,d4s2a,269,1,0.0012247562408447266
2192,d4s2a,270,1,0.0012290477752685547
2193,d4s2a,271,1,0.001230001449584961
2194,d4s2a,272,1,0.0012297630310058594
2195,d4s2a,273,-1,0.0012314319610595703
2196,d4s2a,274,-1,0.0012292861938476562
2197,d4s2a,275,-1,0.001230001449584961
2198,d4s2a,276,-1,0.0012302398681640625
2199,d4s2a,277,1,0.0012462139129638672
2200,d4s2a,278,1,0.0012331008911132812
2201,d4s2a,279,1,0.0012292861938476562
2202,d4s2a,280,1,0.0012257099151611328
2203,d4s2a,281,1,0.0012264251708984375
2204,d4s2a,282,1,0.001216888427734375
2205,d4s2a,283,1,0.00122833251953125
2206,d4s2a,284,1,0.0012290477752685547
2207,d4s2a,285,-1,0.0012288093566894531
2208,d4s2a,286,-1,0.001222372055053711
2209,d4s2a,287,1,0.001226186752319336
2210,d4s2a,288,1,0.0012269020080566406
2211,d4s2a,289,1,0.0012271404266357422
2212,d4s2a,290,1,0.0012316703796386719
2213,d4s2a,291,1,0.001251220703125
2214,d4s2a,292,1,0.0012369155883789062
2215,d4s2a,293,-1,0.001241922378540039
2216,d4s2a,294,-1,0.0012328624725341797
2217,d4s2a,295,1,0.0012309551239013672
2218,d4s2a,296,1,0.0012392997741699219
2219,d4s2a,297,-1,0.0012438297271728516
2220,d4s2a,298,-1,0.0012412071228027344
2221,d4s2a,299,1,0.0012242794036865234
2222,d4s2a,300,1,0.0012226104736328125
2223,d4s2a,301,1,0.0012257099151611328
2224,d4s2a,302,1,0.0012197494506835938
2225,d4s2a,303,1,0.0012307167053222656
2226,d4s2a,304,1,0.0012331008911132812
2227,d4s2a,305,1,0.0012211799621582031
2228,d4s2a,306,1,0.001226663589477539
2229,d4s2a,307,1,0.0012257099151611328
2230,d4s2a,308,1,0.0012221336364746094
2231,d4s2a,309,1,0.0012233257293701172
2232,d4s2a,310,1,0.0012307167053222656
2233,d4s2a,311,1,0.001222848892211914
2234,d4s2a,312,1,0.0012242794036865234
2235,d4s2a,313,-1,0.0012252330780029297
2236,d4s2a,314,-1,0.0012345314025878906
2237,d4s2a,315,1,0.0012257099151611328
2238,d4s2a,316,1,0.0012335777282714844
2239,d4s2a,317,1,0.001222372055053711
2240,d4s2a,318,1,0.0012280941009521484
2241,d4s2a,319,-1,0.0012278556823730469
2242,d4s2a,320,-1,0.0012233257293701172
2243,d4s2a,321,-1,0.0012257099151611328
2244,d4s2a,322,-1,0.0012302398681640625
2245,d4s2a,323,1,0.0012364387512207031
2246,d4s2a,324,1,0.0012218952178955078
2247,d4s2a,325,-1,0.0012302398681640625
2248,d4s2a,326,-1,0.0012242794036865234
2249,d4s2a,327,1,0.0012259483337402344
2250,d4s2a,328,1,0.001239776611328125
2251,d4s2a,329,1,0.0012204647064208984
2252,d4s2a,330,1,0.0012254714965820312
2253,d4s2a,331,-1,0.0012214183807373047
2254,d4s2a,332,-1,0.0012264251708984375
2255,d4s2a,333,1,0.0012183189392089844
2256,d4s2a,334,1,0.0012328624725341797
2257,d4s2a,335,1,0.0012221336364746094
2258,d4s2a,336,1,0.0012257099151611328
2259,d4s2a,337,-1,0.0012180805206298828
2260,d4s2a,338,-1,0.0012264251708984375
2261,d4s2a,339,1,0.0012295246124267578
2262,d4s2a,340,1,0.0012366771697998047
2263,d4s2a,341,-1,0.0012319087982177734
2264,d4s2a,342,-1,0.0012247562408447266
2265,d4s2a,343,1,0.0012257099151611328
2266,d4s2a,344,1,0.0012443065643310547
2267,d4s2a,345,1,0.0012271404266357422
2268,d4s2a,346,1,0.0012247562408447266
2269,d4s2a,347,1,0.001234292984008789
2270,d4s2a,348,1,0.0012326240539550781
2271,d4s2a,349,-1,0.0012269020080566406
2272,d4s2a,350,-1,0.0012311935424804688
2273,d4s2a,351,-1,0.001224517822265625
2274,d4s2a,352,-1,0.0012302398681640625
2275,d4s2b,1,-1,0.0012454986572265625
2276,d4s2b,2,-1,0.0012412071228027344
2277,d4s2b,3,1,0.0012269020080566406
2278,d4s2b,4,1,0.0012257099151611328
2279,d4s2b,5,-1,0.0012302398681640625
2280,d4s2b,6,-1,0.0012362003326416016
2281,d4s2b,7,-1,0.0012311935424804688
2282,d4s2b,8,-1,0.0012221336364746094
2283,d4s2b,9,1,0.001241445541381836
2284,d4s2b,10,1,0.0012288093566894531
2285,d4s2b,11,1,0.00122833251953125
2286,d4s2b,12,1,0.001230478286743164
2287,d4s2b,13,1,0.0012364387512207031
2288,d4s2b,14,1,0.0012295246124267578
2289,d4s2b,15,1,0.001222372055053711
2290,d4s2b,16,1,0.0012297630310058594
2291,d4s2b,17,1,0.0012447834014892578
2292,d4s2b,18,1,0.0012369155883789062
2293,d4s2b,19,1,0.0012199878692626953
2294,d4s2b,20,1,0.0012331008911132812
2295,d4s2b,21,1,0.0012276172637939453
2296,d4s2b,22,1,0.0012254714965820312
2297,d4s2b,23,-1,0.0012271404266357422
2298,d4s2b,24,-1,0.0012292861938476562
2299,d4s2b,25,-1,0.0012285709381103516
2300,d4s2b,26,-1,0.001232147216796875
2301,d4s2b,27,-1,0.0012280941009521484
2302,d4s2b,28,-1,0.0012333393096923828
2303,d4s2b,29,1,0.0012230873107910156
2304,d4s2b,30,1,0.0012238025665283203
2305,d4s2b,31,-1,0.0012230873107910156
2306,d4s2b,32,-1,0.0012357234954833984
2307,d4s2b,33,1,0.0012176036834716797
2308,d4s2b,34,1,0.0012280941009521484
2309,d4s2b,35,1,0.0012483596801757812
2310,d4s2b,36,1,0.0012328624725341797
2311,d4s2b,37,-1,0.0012323856353759766
2312,d4s2b,38,-1,0.0012171268463134766
2313,d4s2b,39,1,0.0012373924255371094
2314,d4s2b,40,1,0.0012295246124267578
2315,d4s2b,41,1,0.0012352466583251953
2316,d4s2b,42,1,0.001222372055053711
2317,d4s2b,43,1,0.0012369155883789062
2318,d4s2b,44,1,0.0012249946594238281
2319,d4s2b,45,1,0.001222372055053711
2320,d4s2b,46,1,0.001245260238647461
2321,d4s2b,47,1,0.0012316703796386719
2322,d4s2b,48,1,0.0012254714965820312
2323,d4s2b,49,1,0.0012269020080566406
2324,d4s2b,50,1,0.0012428760528564453
2325,d4s2b,51,-1,0.0012290477752685547
2326,d4s2b,52,-1,0.0012166500091552734
2327,d4s2b,53,-1,0.0012230873107910156
2328,d4s2b,54,-1,0.0012331008911132812
2329,d4s2b,55,1,0.0012307167053222656
2330,d4s2b,56,1,0.0012233257293701172
2331,d4s2b,57,1,0.0012218952178955078
2332,d4s2b,58,1,0.001241445541381836
2333,d4s2b,59,1,0.0012340545654296875
2334,d4s2b,60,1,0.0012240409851074219
2335,d4s2b,61,1,0.0012445449829101562
2336,d4s2b,62,1,0.0012383460998535156
2337,d4s2b,63,1,0.0012290477752685547
2338,d4s2b,64,1,0.0012416839599609375
2339,d4s2b,65,-1,0.0012333393096923828
2340,d4s2b,66,-1,0.001226663589477539
2341,d4s2b,67,1,0.0012259483337402344
2342,d4s2b,68,1,0.0012478828430175781
2343,d4s2b,69,1,0.0012481212615966797
2344,d4s2b,70,1,0.0012226104736328125
2345,d4s2b,71,-1,0.0012297630310058594
2346,d4s2b,72,-1,0.001233816146850586
2347,d4s2b,73,-1,0.001234292984008789
2348,d4s2b,74,-1,0.0012347698211669922
2349,d4s2b,75,1,0.0012326240539550781
2350,d4s2b,76,1,0.0012350082397460938
2351,d4s2b,77,1,0.0012290477752685547
2352,d4s2b,78,1,0.0012290477752685547
2353,d4s2b,79,1,0.0012285709381103516
2354,d4s2b,80,1,0.00122833251953125
2355,d4s2b,81,1,0.0012269020080566406
2356,d4s2b,82,1,0.001230001449584961
2357,d4s2b,83,-1,0.0012445449829101562
2358,d4s2b,84,-1,0.0012385845184326172
2359,d4s2b,85,1,0.0012311935424804688
2360,d4s2b,86,1,0.0012249946594238281
2361,d4s2b,87,1,0.001238107681274414
2362,d4s2b,88,1,0.0012362003326416016
2363,d4s2b,89,1,0.0012359619140625
2364,d4s2b,90,1,0.001230001449584961
2365,d4s2b,91,1,0.0012371540069580078
2366,d4s2b,92,1,0.001224517822265625
2367,d4s2b,93,1,0.0012421607971191406
2368,d4s2b,94,1,0.0012331008911132812
2369,d4s2b,95,-1,0.0012249946594238281
2370,d4s2b,96,-1,0.0012156963348388672
2371,d4s2b,97,1,0.0012302398681640625
2372,d4s2b,98,1,0.0012378692626953125
2373,d4s2b,99,1,0.001224517822265625
2374,d4s2b,100,1,0.0012273788452148438
2375,d4s2b,101,1,0.0012423992156982422
2376,d4s2b,102,1,0.0012364387512207031
2377,d4s2b,103,1,0.0012362003326416016
2378,d4s2b,104,1,0.0012285709381103516
2379,d4s2b,105,1,0.0012323856353759766
2380,d4s2b,106,1,0.0012149810791015625
2381,d4s2b,107,1,0.0012314319610595703
2382,d4s2b,108,1,0.0012319087982177734
2383,d4s2b,109,1,0.0012333393096923828
2384,d4s2b,110,1,0.0012242794036865234
2385,d4s2b,111,1,0.0012161731719970703
2386,d4s2b,112,1,0.001234292984008789
2387,d4s2b,113,1,0.0012426376342773438
2388,d4s2b,114,1,0.0012285709381103516
2389,d4s2b,115,1,0.0012257099151611328
2390,d4s2b,116,1,0.0012319087982177734
2391,d4s2b,117,1,0.0012345314025878906
2392,d4s2b,118,1,0.0012438297271728516
2393,d4s2b,119,-1,0.001218557357788086
2394,d4s2b,120,-1,0.0012426376342773438
2395,d4s2b,121,1,0.0013110637664794922
2396,d4s2b,122,1,0.0012385845184326172
2397,d4s2b,123,1,0.001233816146850586
2398,d4s2b,124,1,0.0012462139129638672
2399,d4s2b,125,-1,0.0012598037719726562
2400,d4s2b,126,-1,0.0012400150299072266
2401,d4s2b,127,-1,0.0012249946594238281
2402,d4s2b,128,-1,0.0012285709381103516
2403,d4s2b,129,1,0.0012464523315429688
2404,d4s2b,130,1,0.0012328624725341797
2405,d4s2b,131,1,0.001232147216796875
2406,d4s2b,132,1,0.0012357234954833984
2407,d4s2b,133,1,0.0012407302856445312
2408,d4s2b,134,1,0.0012357234954833984
2409,d4s2b,135,1,0.0012295246124267578
2410,d4s2b,136,1,0.0012295246124267578
2411,d4s2b,137,1,0.0012335777282714844
2412,d4s2b,138,1,0.0012359619140625
2413,d4s2b,139,-1,0.0012264251708984375
2414,d4s2b,140,-1,0.0012290477752685547
2415,d4s2b,141,1,0.0012319087982177734
2416,d4s2b,142,1,0.0012302398681640625
2417,d4s2b,143,1,0.0012443065643310547
2418,d4s2b,144,1,0.0012345314025878906
2419,d4s2b,145,-1,0.001222372055053711
2420,d4s2b,146,-1,0.0012328624725341797
2421,d4s2b,147,-1,0.0012242794036865234
2422,d4s2b,148,-1,0.0012898445129394531
2423,d4s2b,149,-1,0.0012617111206054688
2424,d4s2b,150,-1,0.0012288093566894531
2425,d4s2b,151,1,0.001233816146850586
2426,d4s2b,152,1,0.0012259483337402344
2427,d4s2b,153,-1,0.001230001449584961
2428,d4s2b,154,-1,0.0012400150299072266
2429,d4s2b,155,1,0.0012340545654296875
2430,d4s2b,156,1,0.0012221336364746094
2431,d4s2b,157,-1,0.0012214183807373047
2432,d4s2b,158,-1,0.0012409687042236328
2433,d4s2b,159,1,0.0012309551239013672
2434,d4s2b,160,1,0.0012211799621582031
2435,d4s2b,161,-1,0.0012295246124267578
2436,d4s2b,162,-1,0.0012295246124267578
2437,d4s2b,163,1,0.0012385845184326172
2438,d4s2b,164,1,0.0012252330780029297
2439,d4s2b,165,1,0.0012371540069580078
2440,d4s2b,166,1,0.001230478286743164
2441,d4s2b,167,-1,0.0012218952178955078
2442,d4s2b,168,-1,0.0012233257293701172
2443,d4s2b,169,-1,0.0012545585632324219
2444,d4s2b,170,-1,0.001230001449584961
2445,d4s2b,171,-1,0.0012347698211669922
2446,d4s2b,172,-1,0.0012235641479492188
2447,d4s2b,173,1,0.0012421607971191406
2448,d4s2b,174,1,0.0012257099151611328
2449,d4s2b,175,-1,0.0012249946594238281
2450,d4s2b,176,-1,0.0012483596801757812
2451,d4s2b,177,-1,0.0012557506561279297
2452,d4s2b,178,-1,0.0012443065643310547
2453,d4s2b,179,-1,0.0012202262878417969
2454,d4s2b,180,-1,0.001237630844116211
2455,d4s2b,181,1,0.0012438297271728516
2456,d4s2b,182,1,0.0012302398681640625
2457,d4s2b,183,-1,0.0012536048889160156
2458,d4s2b,184,-1,0.001218557357788086
2459,d4s2b,185,1,0.0012297630310058594
2460,d4s2b,186,1,0.001230001449584961
2461,d4s2b,187,-1,0.001230478286743164
2462,d4s2b,188,-1,0.0012366771697998047
2463,d4s2b,189,1,0.0012295246124267578
2464,d4s2b,190,1,0.0012292861938476562
2465,d4s2b,191,1,0.0012485980987548828
2466,d4s2b,192,1,0.0012230873107910156
2467,d4s2b,193,1,0.0012369155883789062
2468,d4s2b,194,1,0.0012264251708984375
2469,d4s2b,195,1,0.001222372055053711
2470,d4s2b,196,1,0.0012333393096923828
2471,d4s2b,197,-1,0.0012247562408447266
2472,d4s2b,198,-1,0.0012335777282714844
2473,d4s2b,199,1,0.001218557357788086
2474,d4s2b,200,1,0.0012276172637939453
2475,d4s2b,201,-1,0.0012264251708984375
2476,d4s2b,202,-1,0.0012450218200683594
2477,d4s2b,203,-1,0.0012259483337402344
2478,d4s2b,204,-1,0.0012252330780029297
2479,d4s2b,205,1,0.0012280941009521484
2480,d4s2b,206,1,0.001230478286743164
2481,d4s2b,207,-1,0.0012333393096923828
2482,d4s2b,208,-1,0.001220703125
2483,d4s2b,209,1,0.0012278556823730469
2484,d4s2b,210,1,0.0012240409851074219
2485,d4s2b,211,1,0.0012145042419433594
2486,d4s2b,212,1,0.0012350082397460938
2487,d4s2b,213,-1,0.001239776611328125
2488,d4s2b,214,-1,0.0012271404266357422
2489,d4s2b,215,1,0.001222372055053711
2490,d4s2b,216,1,0.0012359619140625
2491,d4s2b,217,1,0.0012536048889160156
2492,d4s2b,218,1,0.0012345314025878906
2493,d4s2b,219,1,0.0012240409851074219
2494,d4s2b,220,1,0.0012505054473876953
2495,d4s2b,221,1,0.0012333393096923828
2496,d4s2b,222,1,0.0012288093566894531
2497,d4s2b,223,1,0.0012214183807373047
2498,d4s2b,224,1,0.0012254714965820312
2499,d4s2b,225,-1,0.0012254714965820312
2500,d4s2b,226,-1,0.001262664794921875
2501,d4s2b,227,-1,0.0013170242309570312
2502,d4s2b,228,-1,0.0013241767883300781
2503,d4s2b,229,1,0.0012624263763427734
2504,d4s2b,230,1,0.0013036727905273438
2505,d4s2b,231,1,0.0013272762298583984
2506,d4s2b,232,1,0.00128936767578125
2507,d4s2b,233,-1,0.0012278556823730469
2508,d4s2b,234,-1,0.0012557506561279297
2509,d4s2b,235,-1,0.0012309551239013672
2510,d4s2b,236,-1,0.0012230873107910156
2511,d4s2b,237,1,0.0012485980987548828
2512,d4s2b,238,1,0.0012803077697753906
2513,d4s2b,239,1,0.0012481212615966797
2514,d4s2b,240,1,0.0012390613555908203
2515,d4s2b,241,-1,0.0012307167053222656
2516,d4s2b,242,-1,0.0013315677642822266
2517,d4s2b,243,-1,0.0012936592102050781
2518,d4s2b,244,-1,0.0013225078582763672
2519,d4s2b,245,1,0.0013530254364013672
2520,d4s2b,246,1,0.0013070106506347656
2521,d4s2b,247,1,0.0012714862823486328
2522,d4s2b,248,1,0.0012805461883544922
2523,d4s2b,249,1,0.0012962818145751953
2524,d4s2b,250,1,0.0013701915740966797
2525,d4s2b,251,1,0.001249551773071289
2526,d4s2b,252,1,0.0012416839599609375
2527,d4s2b,253,-1,0.001230478286743164
2528,d4s2b,254,-1,0.0012383460998535156
2529,d4s2b,255,1,0.0012319087982177734
2530,d4s2b,256,1,0.001232147216796875
2531,d4s2b,257,1,0.0012373924255371094
2532,d4s2b,258,1,0.0012402534484863281
2533,d4s2b,259,1,0.0012574195861816406
2534,d4s2b,260,1,0.001241922378540039
2535,d4s2b,261,1,0.0012233257293701172
2536,d4s2b,262,1,0.0012309551239013672
2537,d4s2b,263,1,0.0012559890747070312
2538,d4s2b,264,1,0.001234292984008789
2539,d4s2b,265,1,0.0012273788452148438
2540,d4s2b,266,1,0.001241922378540039
2541,d4s2b,267,1,0.0012259483337402344
2542,d4s2b,268,1,0.0012307167053222656
2543,d4s2b,269,1,0.0012323856353759766
2544,d4s2b,270,1,0.0012388229370117188
2545,d4s2b,271,1,0.0012280941009521484
2546,d4s2b,272,1,0.0012240409851074219
2547,d4s2b,273,1,0.0012488365173339844
2548,d4s2b,274,1,0.0013027191162109375
2549,d4s2b,275,-1,0.00122833251953125
2550,d4s2b,276,-1,0.0012416839599609375
2551,d4s2b,277,-1,0.001230001449584961
2552,d4s2b,278,-1,0.0012400150299072266
2553,d4s2b,279,-1,0.0012636184692382812
2554,d4s2b,280,-1,0.001233816146850586
2555,d4s2b,281,-1,0.0012345314025878906
2556,d4s2b,282,-1,0.0012531280517578125
2557,d4s2b,283,-1,0.0012478828430175781
2558,d4s2b,284,-1,0.0012493133544921875
2559,d4s2b,285,1,0.0012357234954833984
2560,d4s2b,286,1,0.0012447834014892578
2561,d4s2b,287,-1,0.0012736320495605469
2562,d4s2b,288,-1,0.0012238025665283203
2563,d4s2b,289,1,0.0012309551239013672
2564,d4s2b,290,1,0.0012619495391845703
2565,d4s2b,291,1,0.0012288093566894531
2566,d4s2b,292,1,0.0012488365173339844
2567,d4s2b,293,-1,0.0012691020965576172
2568,d4s2b,294,-1,0.0012230873107910156
2569,d4s2b,295,-1,0.00127410888671875
2570,d4s2b,296,-1,0.0012481212615966797
2571,d4s2b,297,1,0.0012357234954833984
2572,d4s2b,298,1,0.0012445449829101562
2573,d4s2b,299,-1,0.0012581348419189453
2574,d4s2b,300,-1,0.001238107681274414
2575,d4s2b,301,1,0.001294851303100586
2576,d4s2b,302,1,0.001253366470336914
2577,d4s2b,303,-1,0.0012552738189697266
2578,d4s2b,304,-1,0.0012395381927490234
2579,d4s2b,305,-1,0.0012359619140625
2580,d4s2b,306,-1,0.0012466907501220703
2581,d4s2b,307,1,0.0012581348419189453
2582,d4s2b,308,1,0.001271963119506836
2583,d4s2b,309,1,0.0013189315795898438
2584,d4s2b,310,1,0.0012629032135009766
2585,d4s2b,311,-1,0.001247406005859375
2586,d4s2b,312,-1,0.001230478286743164
2587,d4s2b,313,1,0.0012311935424804688
2588,d4s2b,314,1,0.0012350082397460938
2589,d4s2b,315,-1,0.0012485980987548828
2590,d4s2b,316,-1,0.0012373924255371094
2591,d4s2b,317,-1,0.001252889633178711
2592,d4s2b,318,-1,0.0012505054473876953
2593,d4s2b,319,-1,0.0012295246124267578
2594,d4s2b,320,-1,0.001249551773071289
2595,d4s2b,321,1,0.001238107681274414
2596,d4s2b,322,1,0.0012340545654296875
2597,d4s2b,323,1,0.001264810562133789
2598,d4s2b,324,1,0.0012204647064208984
2599,d4s2b,325,-1,0.0012712478637695312
2600,d4s2b,326,-1,0.0012640953063964844
2601,d4s2b,327,1,0.0012865066528320312
2602,d4s2b,328,1,0.0012314319610595703
2603,d4s2b,329,1,0.0012645721435546875
2604,d4s2b,330,1,0.0012319087982177734
2605,d4s2b,331,1,0.0012240409851074219
2606,d4s2b,332,1,0.001241445541381836
2607,d4s2b,333,1,0.0012450218200683594
2608,d4s2b,334,1,0.0012331008911132812
2609,d4s2b,335,-1,0.0012247562408447266
2610,d4s2b,336,-1,0.0012507438659667969
2611,d4s2b,337,1,0.0012516975402832031
2612,d4s2b,338,1,0.0014300346374511719
2613,d4s2b,339,1,0.0013043880462646484
2614,d4s2b,340,1,0.0012290477752685547
2615,d4s2b,341,1,0.0012412071228027344
2616,d4s2b,342,1,0.0012969970703125
2617,d4s2b,343,1,0.001245737075805664
2618,d4s2b,344,1,0.001232147216796875
2619,d4s2b,345,1,0.0012657642364501953
2620,d4s2b,346,1,0.0012326240539550781
2621,d4s2b,347,-1,0.0012295246124267578
2622,d4s2b,348,-1,0.0012257099151611328
2623,d4s2b,349,1,0.0012421607971191406
2624,d4s2b,350,1,0.001226663589477539
2625,d4s2b,351,1,0.0012331008911132812
2626,d4s2b,352,1,0.0012359619140625
2627,d4s2b,353,1,0.0012331008911132812
2628,d4s2b,354,1,0.0012340545654296875
2629,d4s2b,355,-1,0.001226186752319336
2630,d4s2b,356,-1,0.0012297630310058594
2631,d4s2b,357,1,0.0012302398681640625
2632,d4s2b,358,1,0.0012423992156982422
2633,d4s2b,359,-1,0.0012311935424804688
2634,d4s2b,360,-1,0.0012271404266357422
2635,d4s2b,361,-1,0.0012269020080566406
2636,d4s2b,362,-1,0.0012285709381103516
2637,d4s2b,363,-1,0.0012323856353759766
2638,d4s2b,364,-1,0.0012333393096923828
2639,d4s2b,365,1,0.0012671947479248047
2640,d4s2b,366,1,0.0012521743774414062
2641,d4s2b,367,1,0.0012319087982177734
2642,d4s2b,368,1,0.001234292984008789
2643,d4s2b,369,1,0.001222848892211914
2644,d4s2b,370,1,0.0012347698211669922
2645,d4s2b,371,-1,0.001226186752319336
2646,d4s2b,372,-1,0.0012218952178955078
2647,d4s2b,373,-1,0.0012269020080566406
2648,d4s2b,374,-1,0.001233816146850586
2649,d4s2b,375,1,0.0012183189392089844
2650,d4s2b,376,1,0.0012269020080566406
2651,d4s2b,377,1,0.0012385845184326172
2652,d4s2b,378,1,0.0012314319610595703
2653,d4s2b,379,1,0.0012354850769042969
2654,d4s2b,380,1,0.0012314319610595703
2655,d4s2b,381,-1,0.0012340545654296875
2656,d4s2b,382,-1,0.0012290477752685547
2657,d4s2b,383,1,0.0012288093566894531
2658,d4s2b,384,1,0.0012290477752685547
2659,d4s2b,385,-1,0.0012295246124267578
2660,d4s2b,386,-1,0.0012285709381103516
2661,d4s2b,387,-1,0.0012187957763671875
2662,d4s2b,388,-1,0.0012328624725341797
2663,d4s2b,389,-1,0.0012423992156982422
2664,d4s2b,390,-1,0.0012290477752685547
2665,d4s2b,391,-1,0.0012357234954833984
2666,d4s2b,392,-1,0.0012390613555908203
2667,d4s2b,393,1,0.0012400150299072266
2668,d4s2b,394,1,0.0012235641479492188
2669,d4s2b,395,-1,0.0012280941009521484
2670,d4s2b,396,-1,0.0012333393096923828
2671,d4s2b,397,1,0.0012311935424804688
2672,d4s2b,398,1,0.0012297630310058594
2673,d4s2b,399,1,0.0012302398681640625
2674,d4s2b,400,1,0.00128173828125
2675,d4s2b,401,-1,0.0012290477752685547
2676,d4s2b,402,-1,0.001237630844116211
2677,d4s2b,403,-1,0.0012392997741699219
2678,d4s2b,404,-1,0.0012352466583251953
2679,d4s2b,405,1,0.0012199878692626953
2680,d4s2b,406,1,0.0012364387512207031
2681,d4s2b,407,1,0.0012285709381103516
2682,d4s2b,408,1,0.001233816146850586
2683,d4s2b,409,-1,0.0012392997741699219
2684,d4s2b,410,-1,0.0012252330780029297
2685,d4s2b,411,1,0.0012254714965820312
2686,d4s2b,412,1,0.0012288093566894531
2687,d4s2b,413,1,0.00124359130859375
2688,d4s2b,414,1,0.0012202262878417969
2689,d4s2b,415,-1,0.001222848892211914
2690,d4s2b,416,-1,0.0012323856353759766
2691,d4s2b,417,1,0.0012333393096923828
2692,d4s2b,418,1,0.001230478286743164
2693,d4s2b,419,-1,0.0012233257293701172
2694,d4s2b,420,-1,0.0012309551239013672
2695,d4s2b,421,1,0.0012421607971191406
2696,d4s2b,422,1,0.0012314319610595703
2697,d4s2b,423,-1,0.0012285709381103516
2698,d4s2b,424,-1,0.0012454986572265625
2699,d4s2b,425,-1,0.001222848892211914
2700,d4s2b,426,-1,0.0012278556823730469
2701,d4s2b,427,1,0.0012390613555908203
2702,d4s2b,428,1,0.0012402534484863281
2703,d4s2b,429,-1,0.0012230873107910156
2704,d4s2b,430,-1,0.0012450218200683594
2705,d4s2b,431,1,0.0012276172637939453
2706,d4s2b,432,1,0.0012431144714355469
2707,d4s2b,433,-1,0.0012311935424804688
2708,d4s2b,434,-1,0.0012271404266357422
2709,d4s2b,435,1,0.001234292984008789
2710,d4s2b,436,1,0.001226663589477539
2711,d4s2b,437,-1,0.0012350082397460938
2712,d4s2b,438,-1,0.0012247562408447266
2713,d4s2b,439,-1,0.0012323856353759766
2714,d4s2b,440,-1,0.0012178421020507812
2715,d4s2b,441,-1,0.0012214183807373047
2716,d4s2b,442,-1,0.0012333393096923828
2717,d4s2b,443,1,0.0012371540069580078
2718,d4s2b,444,1,0.0012278556823730469
2719,d4s2b,445,1,0.0012238025665283203
2720,d4s2b,446,1,0.0012276172637939453
2721,d4s2b,447,1,0.0012557506561279297
2722,d4s2b,448,1,0.0012314319610595703
2723,d4s2b,449,-1,0.00122833251953125
2724,d4s2b,450,-1,0.0012404918670654297
2725,d4s2b,451,-1,0.0012290477752685547
2726,d4s2b,452,-1,0.0012295246124267578
2727,d4s2b,453,-1,0.0012204647064208984
2728,d4s2b,454,-1,0.0012371540069580078
2729,d4s2b,455,-1,0.001230001449584961
2730,d4s2b,456,-1,0.0012226104736328125
2731,d4s2b,457,-1,0.0012409687042236328
2732,d4s2b,458,-1,0.0012373924255371094
2733,d4s2b,459,1,0.0012257099151611328
2734,d4s2b,460,1,0.0012323856353759766
2735,d4s2b,461,1,0.0012364387512207031
2736,d4s2b,462,1,0.0012328624725341797
2737,d4s2b,463,1,0.0012230873107910156
2738,d4s2b,464,1,0.0012292861938476562
2739,d4s2b,465,1,0.0012400150299072266
2740,d4s2b,466,1,0.001238107681274414
2741,d4s2b,467,1,0.0012271404266357422
2742,d4s2b,468,1,0.0012395381927490234
2743,d4s2b,469,1,0.0012271404266357422
2744,d4s2b,470,1,0.0012288093566894531
2745,d4s2b,471,1,0.0012357234954833984
2746,d4s2b,472,1,0.0012323856353759766
2747,d4s2b,473,-1,0.0012269020080566406
2748,d4s2b,474,-1,0.0012290477752685547
2749,d4s2b,475,-1,0.0012352466583251953
2750,d4s2b,476,-1,0.0012404918670654297
2751,d4s2b,477,1,0.0012295246124267578
2752,d4s2b,478,1,0.0012216567993164062
2753,d4s2b,479,1,0.0012233257293701172
2754,d4s2b,480,1,0.0012395381927490234
2755,d4s2b,481,-1,0.0012302398681640625
2756,d4s2b,482,-1,0.0012340545654296875
2757,d4s2b,483,-1,0.0012373924255371094
2758,d4s2b,484,-1,0.0012269020080566406
2759,d4s2b,485,1,0.0012431144714355469
2760,d4s2b,486,1,0.0012249946594238281
2761,d4s2b,487,1,0.0012466907501220703
2762,d4s2b,488,1,0.0012314319610595703
2763,d4s2b,489,-1,0.001222372055053711
2764,d4s2b,490,-1,0.0012259483337402344
2765,d4s2b,491,1,0.0012350082397460938
2766,d4s2b,492,1,0.0012347698211669922
2767,d4s2b,493,1,0.0012171268463134766
2768,d4s2b,494,1,0.0012292861938476562
2769,d4s2b,495,1,0.0012409687042236328
2770,d4s2b,496,1,0.0012285709381103516
2771,d4s2b,497,1,0.0012328624725341797
2772,d4s2b,498,1,0.0012371540069580078
2773,d4s2c,1,1,0.0012586116790771484
2774,d4s2c,2,1,0.0012314319610595703
2775,d4s2c,3,1,0.001241445541381836
2776,d4s2c,4,1,0.0012347698211669922
2777,d4s2c,5,1,0.0012316703796386719
2778,d4s2c,6,1,0.0012378692626953125
2779,d4s2c,7,-1,0.001220703125
2780,d4s2c,8,-1,0.0012259483337402344
2781,d4s2c,9,-1,0.0012278556823730469
2782,d4s2c,10,-1,0.0012340545654296875
2783,d4s2c,11,1,0.0012271404266357422
2784,d4s2c,12,1,0.0012407302856445312
2785,d4s2c,13,1,0.0012187957763671875
2786,d4s2c,14,1,0.0012371540069580078
2787,d4s2c,15,-1,0.0012226104736328125
2788,d4s2c,16,-1,0.0012319087982177734
2789,d4s2c,17,1,0.0012238025665283203
2790,d4s2c,18,1,0.0012280941009521484
2791,d4s2c,19,-1,0.0012302398681640625
2792,d4s2c,20,-1,0.001230478286743164
2793,d4s2c,21,1,0.001249551773071289
2794,d4s2c,22,1,0.001224517822265625
2795,d4s2c,23,-1,0.0012276172637939453
2796,d4s2c,24,-1,0.0012369155883789062
2797,d4s2c,25,-1,0.001222848892211914
2798,d4s2c,26,-1,0.0012288093566894531
2799,d4s2c,27,1,0.0012333393096923828
2800,d4s2c,28,1,0.0012230873107910156
2801,d4s2c,29,-1,0.0012378692626953125
2802,d4s2c,30,-1,0.0012240409851074219
2803,d4s2c,31,1,0.0012285709381103516
2804,d4s2c,32,1,0.0012235641479492188
2805,d4s2c,33,-1,0.0012297630310058594
2806,d4s2c,34,-1,0.001226186752319336
2807,d4s2c,35,1,0.0012264251708984375
2808,d4s2c,36,1,0.0012264251708984375
2809,d4s2c,37,1,0.0012340545654296875
2810,d4s2c,38,1,0.0012271404266357422
2811,d4s2c,39,1,0.0012316703796386719
2812,d4s2c,40,1,0.0012369155883789062
2813,d4s2c,41,-1,0.0012328624725341797
2814,d4s2c,42,-1,0.0012278556823730469
2815,d4s2c,43,-1,0.0012240409851074219
2816,d4s2c,44,-1,0.00124359130859375
2817,d4s2c,45,1,0.0012233257293701172
2818,d4s2c,46,1,0.0012302398681640625
2819,d4s2c,47,-1,0.0012264251708984375
2820,d4s2c,48,-1,0.0012345314025878906
2821,d4s2c,49,1,0.0012373924255371094
2822,d4s2c,50,1,0.0012269020080566406
2823,d4s2c,51,-1,0.001224517822265625
2824,d4s2c,52,-1,0.0012238025665283203
2825,d4s2c,53,1,0.0012202262878417969
2826,d4s2c,54,1,0.001230478286743164
2827,d4s2c,55,-1,0.0012390613555908203
2828,d4s2c,56,-1,0.001226186752319336
2829,d4s2c,57,1,0.001237630844116211
2830,d4s2c,58,1,0.0012331008911132812
2831,d4s2c,59,1,0.0012505054473876953
2832,d4s2c,60,1,0.001226663589477539
2833,d4s2c,61,1,0.0012385845184326172
2834,d4s2c,62,1,0.0012204647064208984
2835,d4s2c,63,1,0.0012292861938476562
2836,d4s2c,64,1,0.0012221336364746094
2837,d4s2c,65,-1,0.0012278556823730469
2838,d4s2c,66,-1,0.0012273788452148438
2839,d4s2c,67,-1,0.001226663589477539
2840,d4s2c,68,-1,0.0012195110321044922
2841,d4s2c,69,-1,0.001272439956665039
2842,d4s2c,70,-1,0.0012478828430175781
2843,d4s2c,71,1,0.0012447834014892578
2844,d4s2c,72,1,0.001234292984008789
2845,d4s2c,73,1,0.0012433528900146484
2846,d4s2c,74,1,0.0012447834014892578
2847,d4s2c,75,1,0.0012280941009521484
2848,d4s2c,76,1,0.0012290477752685547
2849,d4s2c,77,-1,0.0012390613555908203
2850,d4s2c,78,-1,0.0012335777282714844
2851,d4s2c,79,1,0.0012471675872802734
2852,d4s2c,80,1,0.0012362003326416016
2853,d4s2c,81,1,0.001249551773071289
2854,d4s2c,82,1,0.0012273788452148438
2855,d4s2c,83,1,0.0012259483337402344
2856,d4s2c,84,1,0.0012319087982177734
2857,d4s2c,85,-1,0.0012209415435791016
2858,d4s2c,86,-1,0.0012233257293701172
2859,d4s2c,87,-1,0.0012218952178955078
2860,d4s2c,88,-1,0.0012218952178955078
2861,d4s2c,89,1,0.0012383460998535156
2862,d4s2c,90,1,0.001232147216796875
2863,d4s2c,91,-1,0.0012238025665283203
2864,d4s2c,92,-1,0.0012257099151611328
2865,d4s2c,93,1,0.001224517822265625
2866,d4s2c,94,1,0.0012359619140625
2867,d4s2c,95,1,0.0012297630310058594
2868,d4s2c,96,1,0.0012462139129638672
2869,d4s2c,97,1,0.0012347698211669922
2870,d4s2c,98,1,0.0012395381927490234
2871,d4s2c,99,1,0.0012407302856445312
2872,d4s2c,100,1,0.0012323856353759766
2873,d4s2c,101,1,0.0012359619140625
2874,d4s2c,102,1,0.0012211799621582031
2875,d4s2c,103,1,0.0012218952178955078
2876,d4s2c,104,1,0.0012216567993164062
2877,d4s2c,105,1,0.0012354850769042969
2878,d4s2c,106,1,0.0012688636779785156
2879,d4s2c,107,1,0.0012371540069580078
2880,d4s2c,108,1,0.0012269020080566406
2881,d4s2c,109,-1,0.001230478286743164
2882,d4s2c,110,-1,0.001232147216796875
2883,d4s2c,111,1,0.0012288093566894531
2884,d4s2c,112,1,0.0012257099151611328
2885,d4s2c,113,1,0.0012257099151611328
2886,d4s2c,114,1,0.0012288093566894531
2887,d4s2c,115,-1,0.0012326240539550781
2888,d4s2c,116,-1,0.00122833251953125
2889,d4s2c,117,-1,0.0012285709381103516
2890,d4s2c,118,-1,0.0012395381927490234
2891,d4s2c,119,-1,0.0012249946594238281
2892,d4s2c,120,-1,0.0012362003326416016
2893,d4s2c,121,-1,0.0012309551239013672
2894,d4s2c,122,-1,0.0012328624725341797
2895,d4s2c,123,1,0.0012278556823730469
2896,d4s2c,124,1,0.0012323856353759766
2897,d4s2c,125,1,0.0012333393096923828
2898,d4s2c,126,1,0.001222848892211914
2899,d4s2c,127,1,0.0012264251708984375
2900,d4s2c,128,1,0.0012264251708984375
2901,d4s2c,129,1,0.0012288093566894531
2902,d4s2c,130,1,0.0012278556823730469
2903,d4s2c,131,1,0.0012209415435791016
2904,d4s2c,132,1,0.0012247562408447266
2905,d4s2c,133,-1,0.001230478286743164
2906,d4s2c,134,-1,0.001241922378540039
2907,d4s2c,135,-1,0.0012404918670654297
2908,d4s2c,136,-1,0.001241445541381836
2909,d4s2c,137,1,0.0012371540069580078
2910,d4s2c,138,1,0.00122833251953125
2911,d4s2c,139,1,0.0012390613555908203
2912,d4s2c,140,1,0.0012369155883789062
2913,d4s2c,141,1,0.001230478286743164
2914,d4s2c,142,1,0.001232147216796875
2915,d4s2c,143,1,0.0012211799621582031
2916,d4s2c,144,1,0.0012202262878417969
2917,d4s2c,145,1,0.0012257099151611328
2918,d4s2c,146,1,0.0012252330780029297
2919,d4s2c,147,1,0.0012233257293701172
2920,d4s2c,148,1,0.00122833251953125
2921,d4s2c,149,1,0.00125885009765625
2922,d4s2c,150,1,0.0012390613555908203
2923,d4s2c,151,-1,0.0012743473052978516
2924,d4s2c,152,-1,0.0012385845184326172
2925,d4s2c,153,-1,0.0012602806091308594
2926,d4s2c,154,-1,0.0012493133544921875
2927,d4s2c,155,1,0.0012581348419189453
2928,d4s2c,156,1,0.0012378692626953125
2929,d4s2c,157,-1,0.0012278556823730469
2930,d4s2c,158,-1,0.0012345314025878906
2931,d4s2c,159,1,0.0012392997741699219
2932,d4s2c,160,1,0.0012226104736328125
2933,d4s2c,161,-1,0.0012295246124267578
2934,d4s2c,162,-1,0.0012335777282714844
2935,d4s2c,163,-1,0.0012392997741699219
2936,d4s2c,164,-1,0.0012166500091552734
2937,d4s2c,165,1,0.0012404918670654297
2938,d4s2c,166,1,0.0012328624725341797
2939,d4s2c,167,1,0.0012314319610595703
2940,d4s2c,168,1,0.0012340545654296875
2941,d4s2c,169,-1,0.0012202262878417969
2942,d4s2c,170,-1,0.0012226104736328125
2943,d4s2c,171,-1,0.0012311935424804688
2944,d4s2c,172,-1,0.0012350082397460938
2945,d4s2c,173,-1,0.0012292861938476562
2946,d4s2c,174,-1,0.0012311935424804688
2947,d4s2c,175,-1,0.0012311935424804688
2948,d4s2c,176,-1,0.0012352466583251953
2949,d4s2c,177,-1,0.0012226104736328125
2950,d4s2c,178,-1,0.0012404918670654297
2951,d4s2c,179,-1,0.001226663589477539
2952,d4s2c,180,-1,0.0012383460998535156
2953,d4s2c,181,1,0.0012230873107910156
2954,d4s2c,182,1,0.001226186752319336
2955,d4s2c,183,-1,0.0012249946594238281
2956,d4s2c,184,-1,0.0012240409851074219
2957,d4s2c,185,1,0.0012202262878417969
2958,d4s2c,186,1,0.0012259483337402344
2959,d4s2c,187,1,0.001230478286743164
2960,d4s2c,188,1,0.0012247562408447266
2961,d4s2c,189,-1,0.0012290477752685547
2962,d4s2c,190,-1,0.0012259483337402344
2963,d4s2c,191,1,0.001234292984008789
2964,d4s2c,192,1,0.001230478286743164
2965,d4s2c,193,1,0.0012378692626953125
2966,d4s2c,194,1,0.0012423992156982422
2967,d4s2c,195,-1,0.0012297630310058594
2968,d4s2c,196,-1,0.0012257099151611328
2969,d4s2c,197,1,0.001226186752319336
2970,d4s2c,198,1,0.0012271404266357422
2971,d4s2c,199,1,0.0012214183807373047
2972,d4s2c,200,1,0.0012278556823730469
2973,d4s2c,201,1,0.0012238025665283203
2974,d4s2c,202,1,0.0012280941009521484
2975,d4s2c,203,1,0.001224517822265625
2976,d4s2c,204,1,0.0012328624725341797
2977,d4s2c,205,1,0.0012292861938476562
2978,d4s2c,206,1,0.0012292861938476562
2979,d4s2c,207,1,0.0012218952178955078
2980,d4s2c,208,1,0.0012395381927490234
2981,d4s2c,209,-1,0.0012269020080566406
2982,d4s2c,210,-1,0.0012426376342773438
2983,d4s2c,211,1,0.0012297630310058594
2984,d4s2c,212,1,0.0012331008911132812
2985,d4s2c,213,1,0.0012302398681640625
2986,d4s2c,214,1,0.0012347698211669922
2987,d4s2c,215,1,0.0012290477752685547
2988,d4s2c,216,1,0.0012211799621582031
2989,d4s2c,217,-1,0.0012276172637939453
2990,d4s2c,218,-1,0.0012230873107910156
2991,d4s2c,219,1,0.0012297630310058594
2992,d4s2c,220,1,0.0012335777282714844
2993,d4s2c,221,1,0.0012280941009521484
2994,d4s2c,222,1,0.0012259483337402344
2995,d4s2c,223,1,0.0012280941009521484
2996,d4s2c,224,1,0.0012197494506835938
2997,d4s2c,225,1,0.0012366771697998047
2998,d4s2c,226,1,0.0012331008911132812
2999,d4s2c,227,1,0.0012350082397460938
3000,d4s2c,228,1,0.0012392997741699219
3001,d4s2c,229,1,0.00122833251953125
3002,d4s2c,230,1,0.0012314319610595703
3003,d4s2c,231,1,0.00122833251953125
3004,d4s2c,232,1,0.0012257099151611328
3005,d4s2c,233,1,0.0012235641479492188
3006,d4s2c,234,1,0.0012288093566894531
3007,d4s2c,235,-1,0.001255035400390625
3008,d4s2c,236,-1,0.001238107681274414
3009,d4s2c,237,-1,0.0012269020080566406
3010,d4s2c,238,-1,0.0012290477752685547
3011,d4s2c,239,1,0.001219034194946289
3012,d4s2c,240,1,0.0012271404266357422
3013,d4s2c,241,-1,0.0012264251708984375
3014,d4s2c,242,-1,0.0012269020080566406
3015,d4s2c,243,1,0.0012445449829101562
3016,d4s2c,244,1,0.0012335777282714844
3017,d4s2c,245,1,0.0012335777282714844
3018,d4s2c,246,1,0.001232147216796875
3019,d4s2c,247,-1,0.0012311935424804688
3020,d4s2c,248,-1,0.0012271404266357422
3021,d4s2c,249,-1,0.0012290477752685547
3022,d4s2c,250,-1,0.0012269020080566406
3023,d4s2c,251,-1,0.0012328624725341797
3024,d4s2c,252,-1,0.0012276172637939453
3025,d4s2c,253,1,0.0012218952178955078
3026,d4s2c,254,1,0.001224517822265625
3027,d4s2c,255,-1,0.001230001449584961
3028,d4s2c,256,-1,0.0012309551239013672
3029,d4s2c,257,1,0.0012323856353759766
3030,d4s2c,258,1,0.0012216567993164062
3031,d4s2c,259,-1,0.0012238025665283203
3032,d4s2c,260,-1,0.001234292984008789
3033,d4s2c,261,-1,0.0012431144714355469
3034,d4s2c,262,-1,0.0012333393096923828
3035,d4s2c,263,-1,0.00122833251953125
3036,d4s2c,264,-1,0.0012395381927490234
3037,d4s2c,265,-1,0.0012156963348388672
3038,d4s2c,266,-1,0.0012471675872802734
3039,d4s2c,267,-1,0.0012221336364746094
3040,d4s2c,268,-1,0.00122833251953125
3041,d4s2c,269,-1,0.0012302398681640625
3042,d4s2c,270,-1,0.001226663589477539
3043,d4s2c,271,-1,0.0012423992156982422
3044,d4s2c,272,-1,0.0012271404266357422
3045,d4s2c,273,-1,0.0012197494506835938
3046,d4s2c,274,-1,0.001222372055053711
3047,d4s2c,275,-1,0.0012295246124267578
3048,d4s2c,276,-1,0.0012292861938476562
3049,d4s2c,277,1,0.0012352466583251953
3050,d4s2c,278,1,0.0012323856353759766
3051,d4s2c,279,-1,0.0012309551239013672
3052,d4s2c,280,-1,0.0012464523315429688
3053,d4s2c,281,-1,0.0012402534484863281
3054,d4s2c,282,-1,0.0012378692626953125
3055,d4s2c,283,1,0.0012309551239013672
3056,d4s2c,284,1,0.001226663589477539
3057,d4s2c,285,1,0.0012276172637939453
3058,d4s2c,286,1,0.0012292861938476562
3059,d4s2c,287,1,0.0012254714965820312
3060,d4s2c,288,1,0.0012285709381103516
3061,d4s2c,289,1,0.0012254714965820312
3062,d4s2c,290,1,0.0012311935424804688
3063,d4s2c,291,1,0.0012271404266357422
3064,d4s2c,292,1,0.001233816146850586
3065,d4s2c,293,1,0.0012233257293701172
3066,d4s2c,294,1,0.0012297630310058594
3067,d4s2c,295,1,0.0012292861938476562
3068,d4s2c,296,1,0.0012540817260742188
3069,d4s2c,297,-1,0.0012450218200683594
3070,d4s2c,298,-1,0.0012443065643310547
3071,d4s2c,299,1,0.0012314319610595703
3072,d4s2c,300,1,0.0012316703796386719
3073,d4s2c,301,1,0.0012319087982177734
3074,d4s2c,302,1,0.0012216567993164062
3075,d4s2c,303,-1,0.0012290477752685547
3076,d4s2c,304,-1,0.0012247562408447266
3077,d4s2c,305,1,0.0012357234954833984
3078,d4s2c,306,1,0.0012309551239013672
3079,d4s2c,307,1,0.0012469291687011719
3080,d4s2c,308,1,0.0012209415435791016
3081,d4s2c,309,-1,0.0012314319610595703
3082,d4s2c,310,-1,0.0012252330780029297
3083,d4s2c,311,1,0.0012297630310058594
3084,d4s2c,312,1,0.001224517822265625
3085,d4s2c,313,1,0.0012357234954833984
3086,d4s2c,314,1,0.0012273788452148438
3087,d4s2c,315,1,0.0012326240539550781
3088,d4s2c,316,1,0.001239776611328125
3089,d4s2c,317,1,0.0012340545654296875
3090,d4s2c,318,1,0.0012328624725341797
3091,d4s2c,319,1,0.0012276172637939453
3092,d4s2c,320,1,0.0012249946594238281
3093,d4s2c,321,-1,0.0012280941009521484
3094,d4s2c,322,-1,0.0012249946594238281
3095,d4s2c,323,1,0.0012254714965820312
3096,d4s2c,324,1,0.0012359619140625
3097,d4s2c,325,1,0.0012269020080566406
3098,d4s2c,326,1,0.0012843608856201172
3099,d4s2c,327,1,0.0012407302856445312
3100,d4s2c,328,1,0.0012302398681640625
3101,d4s2c,329,1,0.0012311935424804688
3102,d4s2c,330,1,0.0012822151184082031
3103,d4s2c,331,1,0.0012764930725097656
3104,d4s2c,332,1,0.0012743473052978516
3105,d4s2c,333,1,0.0012843608856201172
3106,d4s2c,334,1,0.0012743473052978516
3107,d4s2c,335,1,0.001306772232055664
3108,d4s2c,336,1,0.0013768672943115234
3109,d4s2c,337,1,0.0013113021850585938
3110,d4s2c,338,1,0.0012629032135009766
3111,d4s2c,339,-1,0.0012564659118652344
3112,d4s2c,340,-1,0.0012421607971191406
3113,d4s2c,341,1,0.0013399124145507812
3114,d4s2c,342,1,0.001505136489868164
3115,d4s2c,343,1,0.0013501644134521484
3116,d4s2c,344,1,0.0012574195861816406
3117,d4s2c,345,1,0.0012392997741699219
3118,d4s2c,346,1,0.0012290477752685547
3119,d4s2c,347,1,0.001226663589477539
3120,d4s2c,348,1,0.0012314319610595703
3121,d4s2c,349,1,0.0012331008911132812
3122,d4s2c,350,1,0.0012369155883789062
3123,d4s2c,351,1,0.0012323856353759766
3124,d4s2c,352,1,0.0012450218200683594
3125,d4s2c,353,1,0.001232147216796875
3126,d4s2c,354,1,0.0012636184692382812
3127,d4s2c,355,1,0.0012450218200683594
3128,d4s2c,356,1,0.0012865066528320312
3129,d4s2c,357,1,0.0013568401336669922
3130,d4s2c,358,1,0.00127410888671875
3131,d4s2c,359,1,0.0012459754943847656
3132,d4s2c,360,1,0.0012412071228027344
3133,d4s2c,361,-1,0.0012311935424804688
3134,d4s2c,362,-1,0.0012555122375488281
3135,d4s2c,363,1,0.0012276172637939453
3136,d4s2c,364,1,0.001241445541381836
3137,d4s2c,365,-1,0.0012314319610595703
3138,d4s2c,366,-1,0.0012423992156982422
3139,d4s2c,367,1,0.0012350082397460938
3140,d4s2c,368,1,0.0012280941009521484
3141,d4s2c,369,1,0.0012423992156982422
3142,d4s2c,370,1,0.0012269020080566406
3143,d4s2c,371,-1,0.0012445449829101562
3144,d4s2c,372,-1,0.0012252330780029297
3145,d4s2c,373,1,0.0012319087982177734
3146,d4s2c,374,1,0.0012242794036865234
3147,d4s2c,375,1,0.0012307167053222656
3148,d4s2c,376,1,0.001222848892211914
3149,d4s2c,377,1,0.0012390613555908203
3150,d4s2c,378,1,0.0012216567993164062
3151,d4s2c,379,1,0.0012238025665283203
3152,d4s2c,380,1,0.001226186752319336
3153,d4s2c,381,1,0.0012273788452148438
3154,d4s2c,382,1,0.0012202262878417969
3155,d4s2c,383,1,0.0012240409851074219
3156,d4s2c,384,1,0.0012400150299072266
3157,d4s2c,385,1,0.0012323856353759766
3158,d4s2c,386,1,0.001241922378540039
3159,per,1,1,0.011031866073608398
3160,per,2,1,0.010565757751464844
3161,per,3,1,0.010605573654174805
3162,per,4,1,0.010615825653076172
3163,per,5,1,0.010507822036743164
3164,per,6,1,0.010673761367797852
3165,per,7,1,0.010660886764526367
3166,per,8,1,0.010854721069335938
3167,per,9,1,0.010875225067138672
3168,per,10,-1,0.010724782943725586
3169,per,11,-1,0.010572433471679688
3170,per,12,1,0.010506629943847656
3171,per,13,-1,0.010689735412597656
3172,per,14,1,0.010544300079345703
3173,per,15,-1,0.010987281799316406
3174,per,16,1,0.010810613632202148
3175,per,17,1,0.010834932327270508
3176,per,18,1,0.01087045669555664
3177,per,19,1,0.010990619659423828
3178,per,20,1,0.010523557662963867
3179,per,21,1,0.010540008544921875
3180,per,22,-1,0.010547161102294922
3181,per,23,1,0.010495424270629883
3182,per,24,1,0.010503768920898438
3183,per,25,-1,0.010524988174438477
3184,per,26,-1,0.010648012161254883
3185,per,27,1,0.010609149932861328
3186,per,28,-1,0.010598897933959961
3187,per,29,1,0.010671377182006836
3188,per,30,-1,0.010485172271728516
3189,per,31,1,0.010750293731689453
3190,per,32,1,0.010696172714233398
3191,per,33,1,0.010635852813720703
3192,per,34,1,0.010928869247436523
3193,per,35,1,0.010504722595214844
3194,per,36,1,0.010505914688110352
3195,per,37,1,0.010535001754760742
3196,per,38,-1,0.010466814041137695
3197,per,39,1,0.010617494583129883
3198,per,40,1,0.010874032974243164
3199,per,41,1,0.010778427124023438
3200,per,42,1,0.010648965835571289
3201,per,43,1,0.010613679885864258
3202,per,44,1,0.010531425476074219
3203,per,45,1,0.01068735122680664
3204,per,46,-1,0.010554313659667969
3205,per,47,1,0.01054239273071289
3206,per,48,1,0.01061391830444336
3207,per,49,1,0.010666847229003906
3208,per,50,1,0.010521173477172852
3209,per,51,1,0.010630130767822266
3210,per,52,1,0.010526895523071289
3211,per,53,1,0.010491609573364258
3212,per,54,-1,0.010457038879394531
3213,per,55,-1,0.010544300079345703
3214,per,56,1,0.010496139526367188
3215,per,57,1,0.010521650314331055
3216,per,58,-1,0.010642766952514648
3217,per,59,-1,0.010815143585205078
3218,per,60,1,0.01088261604309082
3219,per,61,1,0.010610103607177734
3220,per,62,1,0.010561704635620117
3221,per,63,1,0.010565757751464844
3222,per,64,-1,0.01048421859741211
3223,per,65,-1,0.010546207427978516
3224,per,66,1,0.010528564453125
3225,per,67,1,0.010610103607177734
3226,per,68,1,0.010532140731811523
3227,per,69,1,0.010546684265136719
3228,per,70,1,0.010529041290283203
3229,per,71,1,0.010501861572265625
3230,per,72,1,0.010485649108886719
3231,per,73,1,0.010671854019165039
3232,per,74,1,0.010634899139404297
3233,per,75,-1,0.010528802871704102
3234,per,76,-1,0.01059865951538086
3235,per,77,1,0.010625123977661133
3236,per,78,1,0.010653495788574219
3237,per,79,1,0.010544061660766602
3238,per,80,1,0.010617494583129883
3239,per,81,1,0.010547876358032227
3240,per,82,1,0.010500431060791016
3241,per,83,1,0.010446548461914062
3242,per,84,1,0.010469436645507812
3243,per,85,1,0.010476827621459961
3244,per,86,-1,0.010468244552612305
3245,per,87,1,0.010509729385375977
3246,per,88,-1,0.01052999496459961
3247,per,89,1,0.010548591613769531
3248,per,90,1,0.01051640510559082
3249,per,91,1,0.010661125183105469
3250,per,92,1,0.01059579849243164
3251,per,93,1,0.01046299934387207
3252,per,94,1,0.01054525375366211
3253,per,95,-1,0.010527372360229492
3254,per,96,1,0.010556459426879883
3255,per,97,1,0.010569095611572266
3256,per,98,-1,0.010523319244384766
3257,per,99,1,0.010570764541625977
3258,per,100,1,0.010496854782104492
3259,sig,1,1,0.010786771774291992
3260,sig,2,1,0.010480642318725586
3261,sig,3,-1,0.010703086853027344
3262,sig,4,1,0.010706663131713867
3263,sig,5,1,0.010540008544921875
3264,sig,6,1,0.010566949844360352
3265,sig,7,-1,0.010617494583129883
3266,sig,8,-1,0.010775089263916016
3267,sig,9,1,0.010678529739379883
3268,sig,10,1,0.010481595993041992
3269,sig,11,1,0.01049947738647461
3270,sig,12,1,0.010592222213745117
3271,sig,13,1,0.010555267333984375
3272,sig,14,1,0.010747194290161133
3273,sig,15,1,0.010857820510864258
3274,sig,16,1,0.010667085647583008
3275,sig,17,1,0.01084136962890625
3276,sig,18,1,0.010980367660522461
3277,sig,19,1,0.010838747024536133
3278,sig,20,1,0.010715246200561523
3279,sig,21,1,0.010629892349243164
3280,sig,22,1,0.010709524154663086
3281,sig,23,1,0.011124849319458008
3282,sig,24,1,0.010545492172241211
3283,sig,25,1,0.010540962219238281
3284,sig,26,-1,0.010685205459594727
3285,sig,27,1,0.010516643524169922
3286,sig,28,1,0.010590076446533203
3287,sig,29,1,0.010545492172241211
3288,sig,30,-1,0.010606050491333008
3289,sig,31,1,0.01066732406616211
3290,sig,32,1,0.01068115234375
3291,sig,33,-1,0.010518789291381836
3292,sig,34,1,0.010720014572143555
3293,sig,35,-1,0.01055288314819336
3294,sig,36,1,0.010620832443237305
3295,sig,37,1,0.010558366775512695
3296,sig,38,1,0.01056218147277832
3297,sig,39,1,0.010522603988647461
3298,sig,40,1,0.010531187057495117
3299,sig,41,-1,0.011254072189331055
3300,sig,42,1,0.010638236999511719
3301,sig,43,1,0.010546445846557617
3302,sig,44,1,0.010520219802856445
3303,sig,45,1,0.010498046875
3304,sig,46,-1,0.010477066040039062
3305,sig,47,1,0.010512590408325195
3306,sig,48,1,0.010492801666259766
3307,sig,49,1,0.010771989822387695
3308,sig,50,1,0.010691642761230469
3309,sig,51,1,0.01057887077331543
3310,sig,52,1,0.010411262512207031
3311,sig,53,1,0.010508060455322266
3312,sig,54,1,0.010509967803955078
3313,sig,55,1,0.010535955429077148
3314,sig,56,1,0.01055908203125
3315,sig,57,1,0.01049184799194336
3316,sig,58,1,0.010492563247680664
3317,sig,59,1,0.010655879974365234
3318,sig,60,1,0.01079106330871582
3319,sig,61,-1,0.010703563690185547
3320,sig,62,1,0.010644912719726562
3321,sig,63,-1,0.010604619979858398
3322,sig,64,1,0.010770320892333984
3323,sig,65,1,0.010563135147094727
3324,sig,66,1,0.010606765747070312
3325,sig,67,1,0.010508060455322266
3326,sig,68,1,0.010550260543823242
3327,sig,69,1,0.010524988174438477
3328,sig,70,1,0.011100292205810547
3329,sig,71,1,0.011028528213500977
3330,sig,72,1,0.010970354080200195
3331,sig,73,1,0.011002540588378906
3332,sig,74,1,0.010760307312011719
3333,sig,75,1,0.010729789733886719
3334,sig,76,1,0.010741233825683594
3335,sig,77,1,0.010576248168945312
3336,sig,78,1,0.01052999496459961
3337,sig,79,1,0.010506391525268555
3338,sig,80,1,0.010482072830200195
3339,sig,81,1,0.010552406311035156
3340,sig,82,1,0.010514020919799805
3341,sig,83,1,0.010706901550292969
3342,sig,84,1,0.010443925857543945
3343,sig,85,1,0.010452747344970703
3344,sig,86,1,0.010577917098999023
3345,sig,87,1,0.010567188262939453
3346,sig,88,1,0.01069188117980957
3347,sig,89,1,0.010514020919799805
3348,sig,90,1,0.01054525375366211
3349,sig,91,1,0.010545015335083008
3350,sig,92,1,0.010545015335083008
3351,sig,93,1,0.010575056076049805
3352,sig,94,1,0.010701894760131836
3353,sig,95,1,0.010541677474975586
3354,sig,96,1,0.010581254959106445
3355,sig,97,1,0.010571479797363281
3356,sig,98,1,0.010577917098999023
3357,sig,99,1,0.010667085647583008
3358,sig,100,1,0.010494709014892578
3359,vex,1,1,0.010824203491210938
3360,vex,2,-1,0.010606527328491211
3361,vex,3,1,0.010486841201782227
3362,vex,4,-1,0.010738611221313477
3363,vex,5,-1,0.010723352432250977
3364,vex,6,1,0.010551929473876953
3365,vex,7,1,0.010721445083618164
3366,vex,8,1,0.010508537292480469
3367,vex,9,1,0.01065206527709961
3368,vex,10,-1,0.010550975799560547
3369,vex,11,1,0.010682821273803711
3370,vex,12,1,0.010614156723022461
3371,vex,13,-1,0.010540962219238281
3372,vex,14,-1,0.010610342025756836
3373,vex,15,1,0.010578393936157227
3374,vex,16,-1,0.010513067245483398
3375,vex,17,1,0.010577917098999023
3376,vex,18,1,0.010815620422363281
3377,vex,19,1,0.010780096054077148
3378,vex,20,1,0.01052236557006836
3379,vex,21,1,0.010507822036743164
3380,vex,22,-1,0.010503053665161133
3381,vex,23,-1,0.010538339614868164
3382,vex,24,1,0.01055145263671875
3383,vex,25,-1,0.010581493377685547
3384,vex,26,1,0.010565996170043945
3385,vex,27,-1,0.010546207427978516
3386,vex,28,-1,0.010657310485839844
3387,vex,29,1,0.01051640510559082
3388,vex,30,-1,0.01051950454711914
3389,vex,31,-1,0.010506153106689453
3390,vex,32,1,0.010798215866088867
3391,vex,33,1,0.010584115982055664
3392,vex,34,-1,0.010579109191894531
3393,vex,35,1,0.010578155517578125
3394,vex,36,1,0.010570526123046875
3395,vex,37,1,0.010547876358032227
3396,vex,38,-1,0.010506629943847656
3397,vex,39,1,0.010582208633422852
3398,vex,40,-1,0.010621070861816406
3399,vex,41,-1,0.010521173477172852
3400,vex,42,1,0.010580301284790039
3401,vex,43,1,0.010542631149291992
3402,vex,44,1,0.010579586029052734
3403,vex,45,1,0.010489463806152344
3404,vex,46,-1,0.010567188262939453
3405,vex,47,1,0.010530233383178711
3406,vex,48,-1,0.010534524917602539
3407,vex,49,1,0.01051020622253418
3408,vex,50,1,0.010563135147094727
3409,vex,51,1,0.010574102401733398
3410,vex,52,1,0.010615110397338867
3411,vex,53,1,0.010486841201782227
3412,vex,54,1,0.010518789291381836
3413,vex,55,1,0.010580062866210938
3414,vex,56,-1,0.01066136360168457
3415,vex,57,1,0.01052403450012207
3416,vex,58,-1,0.010515928268432617
3417,vex,59,-1,0.010745525360107422
3418,vex,60,1,0.010762929916381836
3419,vex,61,-1,0.010546684265136719
3420,vex,62,1,0.010506868362426758
3421,vex,63,1,0.010499954223632812
3422,vex,64,-1,0.010537385940551758
3423,vex,65,1,0.010527372360229492
3424,vex,66,-1,0.011300325393676758
3425,vex,67,1,0.010926485061645508
3426,vex,68,1,0.010974407196044922
3427,vex,69,1,0.011107206344604492
3428,vex,70,-1,0.011094331741333008
3429,vex,71,-1,0.01076197624206543
3430,vex,72,1,0.010833501815795898
3431,vex,73,-1,0.01070547103881836
3432,vex,74,-1,0.010778188705444336
3433,vex,75,-1,0.010846853256225586
3434,vex,76,1,0.01063990592956543
3435,vex,77,-1,0.010457992553710938
3436,vex,78,1,0.010547637939453125
3437,vex,79,-1,0.010782241821289062
3438,vex,80,1,0.010497570037841797
3439,vex,81,1,0.010574102401733398
3440,vex,82,1,0.010777950286865234
3441,vex,83,-1,0.010660171508789062
3442,vex,84,-1,0.010703086853027344
3443,vex,85,-1,0.010910511016845703
3444,vex,86,1,0.010934829711914062
3445,vex,87,1,0.010528087615966797
3446,vex,88,-1,0.010669708251953125
3447,vex,89,1,0.010557174682617188
3448,vex,90,1,0.01054239273071289
3449,vex,91,1,0.010827064514160156
3450,vex,92,1,0.010522842407226562
3451,vex,93,1,0.011037349700927734
3452,vex,94,1,0.010688304901123047
3453,vex,95,1,0.01061701774597168
3454,vex,96,1,0.010569334030151367
3455,vex,97,1,0.010595560073852539
3456,vex,98,1,0.01083064079284668
3457,vex,99,1,0.010746240615844727
3458,vex,100,1,0.010802268981933594
3459,qdv,1,1,0.004836320877075195
3460,qdv,2,-1,0.0043947696685791016
3461,qdv,3,1,0.004373788833618164
3462,qdv,4,-1,0.004369258880615234
3463,qdv,5,-1,0.0043792724609375
3464,qdv,6,-1,0.004373311996459961
3465,qdv,7,-1,0.0044231414794921875
3466,qdv,8,-1,0.004429340362548828
3467,qdv,9,1,0.004368305206298828
3468,qdv,10,1,0.004389047622680664
3469,qdv,11,1,0.004367351531982422
3470,qdv,12,-1,0.0043888092041015625
3471,qdv,13,-1,0.0044634342193603516
3472,qdv,14,-1,0.004415988922119141
3473,qdv,15,-1,0.004449367523193359
3474,qdv,16,-1,0.004411935806274414
3475,qdv,17,1,0.004382610321044922
3476,qdv,18,1,0.004405498504638672
3477,qdv,19,1,0.004403829574584961
3478,qdv,20,1,0.004354953765869141
3479,qdv,21,1,0.004487752914428711
3480,qdv,22,1,0.004437923431396484
3481,qdv,23,1,0.004399776458740234
3482,qdv,24,-1,0.0044384002685546875
3483,qdv,25,-1,0.004393577575683594
3484,qdv,26,-1,0.0043833255767822266
3485,qdv,27,-1,0.004399299621582031
3486,qdv,28,1,0.004399538040161133
3487,qdv,29,-1,0.004383563995361328
3488,qdv,30,-1,0.004378080368041992
3489,qdv,31,1,0.004373073577880859
3490,qdv,32,1,0.0044460296630859375
3491,qdv,33,1,0.004379987716674805
3492,qdv,34,-1,0.004378795623779297
3493,qdv,35,1,0.004411458969116211
3494,qdv,36,-1,0.004416227340698242
3495,qdv,37,1,0.00440669059753418
3496,qdv,38,-1,0.004398345947265625
3497,qdv,39,-1,0.004393815994262695
3498,qdv,40,-1,0.0044133663177490234
3499,qdv,41,1,0.004395961761474609
3500,qdv,42,1,0.004367828369140625
3501,qdv,43,1,0.004401445388793945
3502,qdv,44,1,0.004381418228149414
3503,qdv,45,1,0.004366397857666016
3504,qdv,46,-1,0.0043792724609375
3505,qdv,47,-1,0.0043714046478271484
3506,qdv,48,-1,0.004403591156005859
3507,qdv,49,-1,0.00438237190246582
3508,qdv,50,1,0.004381656646728516
3509,qdv,51,-1,0.004382610321044922
3510,qdv,52,-1,0.004575252532958984
3511,qdv,53,-1,0.004412174224853516
3512,qdv,54,-1,0.004389047622680664
3513,qdv,55,-1,0.00439143180847168
3514,qdv,56,1,0.004389286041259766
3515,qdv,57,-1,0.004374504089355469
3516,qdv,58,-1,0.0043909549713134766
3517,qdv,59,1,0.0044002532958984375
3518,qdv,60,-1,0.0043833255767822266
3519,qdv,61,-1,0.004425764083862305
3520,qdv,62,1,0.004605293273925781
3521,qdv,63,-1,0.00440216064453125
3522,qdv,64,-1,0.0044138431549072266
3523,qdv,65,1,0.004457712173461914
3524,qdv,66,-1,0.00441431999206543
3525,qdv,67,-1,0.0043964385986328125
3526,qdv,68,1,0.0044269561767578125
3527,qdv,69,1,0.0044097900390625
3528,qdv,70,-1,0.004400014877319336
3529,qdv,71,-1,0.004395008087158203
3530,qdv,72,1,0.0044362545013427734
3531,qdv,73,-1,0.004435062408447266
3532,qdv,74,-1,0.004408836364746094
3533,qdv,75,1,0.0043828487396240234
3534,qdv,76,1,0.0043985843658447266
3535,qdv,77,1,0.0043756961822509766
3536,qdv,78,1,0.004400491714477539
3537,qdv,79,-1,0.004426479339599609
3538,qdv,80,-1,0.004393100738525391
3539,qdv,81,-1,0.004366397857666016
3540,qdv,82,-1,0.004372596740722656
3541,qdv,83,-1,0.004399538040161133
3542,qdv,84,-1,0.004398822784423828
3543,qdv,85,1,0.004415750503540039
3544,qdv,86,-1,0.004457235336303711
3545,qdv,87,-1,0.0043599605560302734
3546,qdv,88,-1,0.0043866634368896484
3547,qdv,89,-1,0.004393815994262695
3548,qdv,90,1,0.004396677017211914
3549,qdv,91,-1,0.0043752193450927734
3550,qdv,92,1,0.004425764083862305
3551,qdv,93,-1,0.004399776458740234
3552,qdv,94,1,0.004397392272949219
3553,qdv,95,-1,0.004394054412841797
3554,qdv,96,1,0.004446744918823242
3555,qdv,97,1,0.004406452178955078
3556,qdv,98,-1,0.004374265670776367
3557,qdv,99,-1,0.004406452178955078
3558,qdv,100,1,0.0044040679931640625
3559,sigv,1,1,0.004439115524291992
3560,sigv,2,1,0.0044403076171875
3561,sigv,3,1,0.004397392272949219
3562,sigv,4,1,0.004404783248901367
3563,sigv,5,1,0.004451274871826172
3564,sigv,6,-1,0.0044138431549072266
3565,sigv,7,1,0.004381418228149414
3566,sigv,8,1,0.004519224166870117
3567,sigv,9,1,0.004414558410644531
3568,sigv,10,1,0.004415273666381836
3569,sigv,11,1,0.004468679428100586
3570,sigv,12,-1,0.004410266876220703
3571,sigv,13,-1,0.0043756961822509766
3572,sigv,14,1,0.004413127899169922
3573,sigv,15,-1,0.004361867904663086
3574,sigv,16,1,0.004393815994262695
3575,sigv,17,1,0.0044438838958740234
3576,sigv,18,1,0.004403829574584961
3577,sigv,19,1,0.00440526008605957
3578,sigv,20,1,0.004380702972412109
3579,sigv,21,1,0.004374504089355469
3580,sigv,22,1,0.00439000129699707
3581,sigv,23,-1,0.00440526008605957
3582,sigv,24,-1,0.0043675899505615234
3583,sigv,25,-1,0.004395484924316406
3584,sigv,26,1,0.004363298416137695
3585,sigv,27,1,0.004391193389892578
3586,sigv,28,1,0.004439830780029297
3587,sigv,29,1,0.004398822784423828
3588,sigv,30,-1,0.00437617301940918
3589,sigv,31,1,0.004397153854370117
3590,sigv,32,-1,0.0043714046478271484
3591,sigv,33,1,0.004412412643432617
3592,sigv,34,-1,0.004396200180053711
3593,sigv,35,1,0.004401683807373047
3594,sigv,36,1,0.0043871402740478516
3595,sigv,37,1,0.004398822784423828
3596,sigv,38,-1,0.004405498504638672
3597,sigv,39,1,0.004399776458740234
3598,sigv,40,-1,0.004386425018310547
3599,sigv,41,1,0.004378318786621094
3600,sigv,42,1,0.004374504089355469
3601,sigv,43,1,0.004375457763671875
3602,sigv,44,1,0.004392147064208984
3603,sigv,45,1,0.004373073577880859
3604,sigv,46,-1,0.004474639892578125
3605,sigv,47,1,0.0043947696685791016
3606,sigv,48,1,0.004413604736328125
3607,sigv,49,-1,0.004487037658691406
3608,sigv,50,1,0.0043792724609375
3609,sigv,51,-1,0.004395008087158203
3610,sigv,52,1,0.0043811798095703125
3611,sigv,53,-1,0.004416227340698242
3612,sigv,54,-1,0.004426479339599609
3613,sigv,55,1,0.004404783248901367
3614,sigv,56,-1,0.00438237190246582
3615,sigv,57,-1,0.004383563995361328
3616,sigv,58,1,0.004402875900268555
3617,sigv,59,1,0.004404544830322266
3618,sigv,60,-1,0.004370689392089844
3619,sigv,61,1,0.004376888275146484
3620,sigv,62,-1,0.004363298416137695
3621,sigv,63,1,0.004415988922119141
3622,sigv,64,-1,0.004381656646728516
3623,sigv,65,1,0.004388332366943359
3624,sigv,66,-1,0.0043871402740478516
3625,sigv,67,-1,0.004392862319946289
3626,sigv,68,1,0.0044214725494384766
3627,sigv,69,1,0.00438380241394043
3628,sigv,70,1,0.004408359527587891
3629,sigv,71,1,0.0043849945068359375
3630,sigv,72,1,0.004392862319946289
3631,sigv,73,-1,0.004410743713378906
3632,sigv,74,1,0.0043756961822509766
3633,sigv,75,1,0.004385709762573242
3634,sigv,76,1,0.00439143180847168
3635,sigv,77,-1,0.004359722137451172
3636,sigv,78,1,0.0043773651123046875
3637,sigv,79,-1,0.004415035247802734
3638,sigv,80,1,0.0043866634368896484
3639,sigv,81,1,0.004395961761474609
3640,sigv,82,1,0.004364490509033203
3641,sigv,83,1,0.004419803619384766
3642,sigv,84,1,0.004419565200805664
3643,sigv,85,-1,0.00441288948059082
3644,sigv,86,1,0.004409313201904297
3645,sigv,87,1,0.0043942928314208984
3646,sigv,88,-1,0.004359722137451172
3647,sigv,89,1,0.00436711311340332
3648,sigv,90,1,0.004389524459838867
3649,sigv,91,-1,0.004391193389892578
3650,sigv,92,-1,0.0043752193450927734
3651,sigv,93,-1,0.0043561458587646484
3652,sigv,94,1,0.004384279251098633
3653,sigv,95,1,0.004381656646728516
3654,sigv,96,1,0.004399538040161133
3655,sigv,97,1,0.004384279251098633
3656,sigv,98,1,0.004386425018310547
3657,sigv,99,-1,0.004404544830322266
3658,sigv,100,1,0.0043981075286865234
3659,rbfv,1,1,0.00442814826965332
3660,rbfv,2,1,0.004472017288208008
3661,rbfv,3,1,0.004384517669677734
3662,rbfv,4,1,0.004425525665283203
3663,rbfv,5,1,0.004375934600830078
3664,rbfv,6,-1,0.0044269561767578125
3665,rbfv,7,1,0.0043985843658447266
3666,rbfv,8,1,0.004510164260864258
3667,rbfv,9,-1,0.004407644271850586
3668,rbfv,10,1,0.004438877105712891
3669,rbfv,11,1,0.004400730133056641
3670,rbfv,12,-1,0.004372835159301758
3671,rbfv,13,-1,0.004381656646728516
3672,rbfv,14,-1,0.0044019222259521484
3673,rbfv,15,1,0.004383563995361328
3674,rbfv,16,-1,0.004392385482788086
3675,rbfv,17,-1,0.004380941390991211
3676,rbfv,18,1,0.004362583160400391
3677,rbfv,19,1,0.0044820308685302734
3678,rbfv,20,1,0.004433870315551758
3679,rbfv,21,-1,0.004407644271850586
3680,rbfv,22,1,0.004386186599731445
3681,rbfv,23,1,0.0043947696685791016
3682,rbfv,24,-1,0.0043833255767822266
3683,rbfv,25,1,0.0043942928314208984
3684,rbfv,26,-1,0.0043942928314208984
3685,rbfv,27,-1,0.004383563995361328
3686,rbfv,28,-1,0.004386425018310547
3687,rbfv,29,-1,0.004381895065307617
3688,rbfv,30,1,0.004404544830322266
3689,rbfv,31,1,0.004400014877319336
3690,rbfv,32,1,0.004376411437988281
3691,rbfv,33,-1,0.004377841949462891
3692,rbfv,34,1,0.004372596740722656
3693,rbfv,35,1,0.0044324398040771484
3694,rbfv,36,-1,0.004395723342895508
3695,rbfv,37,-1,0.004372358322143555
3696,rbfv,38,1,0.004393815994262695
3697,rbfv,39,1,0.004377841949462891
3698,rbfv,40,1,0.004391908645629883
3699,rbfv,41,1,0.004399776458740234
3700,rbfv,42,1,0.004412174224853516
3701,rbfv,43,-1,0.0043773651123046875
3702,rbfv,44,1,0.0043752193450927734
3703,rbfv,45,1,0.004405498504638672
3704,rbfv,46,-1,0.004389524459838867
3705,rbfv,47,-1,0.004385709762573242
3706,rbfv,48,1,0.004372358322143555
3707,rbfv,49,1,0.004376649856567383
3708,rbfv,50,1,0.0043599605560302734
3709,rbfv,51,1,0.004400491714477539
3710,rbfv,52,1,0.004376649856567383
3711,rbfv,53,-1,0.0043811798095703125
3712,rbfv,54,-1,0.004411935806274414
3713,rbfv,55,-1,0.004403114318847656
3714,rbfv,56,1,0.0043792724609375
3715,rbfv,57,1,0.004487037658691406
3716,rbfv,58,1,0.004377126693725586
3717,rbfv,59,1,0.004472494125366211
3718,rbfv,60,-1,0.004392862319946289
3719,rbfv,61,1,0.004422426223754883
3720,rbfv,62,-1,0.004364967346191406
3721,rbfv,63,1,0.004367351531982422
3722,rbfv,64,1,0.004415750503540039
3723,rbfv,65,1,0.004367351531982422
3724,rbfv,66,1,0.004392862319946289
3725,rbfv,67,1,0.004393339157104492
3726,rbfv,68,-1,0.0044002532958984375
3727,rbfv,69,1,0.004371166229248047
3728,rbfv,70,1,0.004390716552734375
3729,rbfv,71,1,0.00438380241394043
3730,rbfv,72,1,0.004390239715576172
3731,rbfv,73,1,0.004377841949462891
3732,rbfv,74,1,0.0043888092041015625
3733,rbfv,75,-1,0.004396677017211914
3734,rbfv,76,-1,0.004384517669677734
3735,rbfv,77,1,0.004384756088256836
3736,rbfv,78,-1,0.0043985843658447266
3737,rbfv,79,1,0.004418611526489258
3738,rbfv,80,1,0.004376649856567383
3739,rbfv,81,-1,0.004401206970214844
3740,rbfv,82,1,0.004366874694824219
3741,rbfv,83,-1,0.0044519901275634766
3742,rbfv,84,1,0.004524707794189453
3743,rbfv,85,-1,0.004540920257568359
3744,rbfv,86,1,0.004502296447753906
3745,rbfv,87,1,0.00440669059753418
3746,rbfv,88,1,0.004462718963623047
3747,rbfv,89,1,0.004410266876220703
3748,rbfv,90,1,0.004460811614990234
3749,rbfv,91,1,0.004516124725341797
3750,rbfv,92,1,0.004564523696899414
3751,rbfv,93,1,0.004658937454223633
3752,rbfv,94,1,0.0044710636138916016
3753,rbfv,95,1,0.004400014877319336
3754,rbfv,96,1,0.004469394683837891
3755,rbfv,97,1,0.004482746124267578
3756,rbfv,98,1,0.004443168640136719
3757,rbfv,99,-1,0.004445552825927734
3758,rbfv,100,1,0.0044918060302734375
3759,nnv,1,-1,0.0044515132904052734
3760,nnv,2,-1,0.004453420639038086
3761,nnv,3,1,0.004427671432495117
3762,nnv,4,1,0.0044097900390625
3763,nnv,5,1,0.004374980926513672
3764,nnv,6,-1,0.0043833255767822266
3765,nnv,7,-1,0.004393577575683594
3766,nnv,8,-1,0.004472494125366211
3767,nnv,9,-1,0.004386425018310547
3768,nnv,10,1,0.004401445388793945
3769,nnv,11,1,0.00439906120300293
3770,nnv,12,1,0.004436969757080078
3771,nnv,13,-1,0.004393100738525391
3772,nnv,14,-1,0.004381418228149414
3773,nnv,15,1,0.004415750503540039
3774,nnv,16,1,0.004401683807373047
3775,nnv,17,-1,0.004437685012817383
3776,nnv,18,-1,0.004435062408447266
3777,nnv,19,1,0.0043888092041015625
3778,nnv,20,-1,0.004397869110107422
3779,nnv,21,-1,0.004400014877319336
3780,nnv,22,-1,0.004407405853271484
3781,nnv,23,-1,0.004410266876220703
3782,nnv,24,-1,0.00439763069152832
3783,nnv,25,1,0.004401683807373047
3784,nnv,26,1,0.004399776458740234
3785,nnv,27,1,0.0044133663177490234
3786,nnv,28,-1,0.0043964385986328125
3787,nnv,29,-1,0.004381418228149414
3788,nnv,30,-1,0.004400014877319336
3789,nnv,31,1,0.0044744014739990234
3790,nnv,32,1,0.004408121109008789
3791,nnv,33,1,0.004468441009521484
3792,nnv,34,1,0.004418373107910156
3793,nnv,35,1,0.004381656646728516
3794,nnv,36,1,0.004420280456542969
3795,nnv,37,-1,0.004387855529785156
3796,nnv,38,1,0.0044214725494384766
3797,nnv,39,1,0.004447221755981445
3798,nnv,40,-1,0.00439000129699707
3799,nnv,41,1,0.004390239715576172
3800,nnv,42,1,0.004406929016113281
3801,nnv,43,1,0.004392385482788086
3802,nnv,44,1,0.0043981075286865234
3803,nnv,45,1,0.004415988922119141
3804,nnv,46,-1,0.004366397857666016
3805,nnv,47,-1,0.004395484924316406
3806,nnv,48,-1,0.0044095516204833984
3807,nnv,49,-1,0.004385709762573242
3808,nnv,50,-1,0.004408597946166992
3809,nnv,51,-1,0.004452943801879883
3810,nnv,52,-1,0.004395008087158203
3811,nnv,53,1,0.004390239715576172
3812,nnv,54,1,0.004383563995361328
3813,nnv,55,1,0.004384279251098633
3814,nnv,56,1,0.00440216064453125
3815,nnv,57,-1,0.004415750503540039
3816,nnv,58,1,0.00441288948059082
3817,nnv,59,1,0.004395723342895508
3818,nnv,60,1,0.004389524459838867
3819,nnv,61,1,0.00438237190246582
3820,nnv,62,1,0.004369020462036133
3821,nnv,63,-1,0.004385948181152344
3822,nnv,64,1,0.004413127899169922
3823,nnv,65,-1,0.0043637752532958984
3824,nnv,66,-1,0.004380702972412109
3825,nnv,67,-1,0.0044133663177490234
3826,nnv,68,1,0.004403352737426758
3827,nnv,69,-1,0.004407167434692383
3828,nnv,70,1,0.004418373107910156
3829,nnv,71,1,0.0043904781341552734
3830,nnv,72,1,0.004423618316650391
3831,nnv,73,1,0.00438237190246582
3832,nnv,74,1,0.004391670227050781
3833,nnv,75,-1,0.004397392272949219
3834,nnv,76,-1,0.004415273666381836
3835,nnv,77,-1,0.004376888275146484
3836,nnv,78,1,0.004375934600830078
3837,nnv,79,1,0.004421710968017578
3838,nnv,80,1,0.004398822784423828
3839,nnv,81,-1,0.004391908645629883
3840,nnv,82,-1,0.004384756088256836
3841,nnv,83,1,0.00439906120300293
3842,nnv,84,1,0.0044171810150146484
3843,nnv,85,-1,0.004386186599731445
3844,nnv,86,-1,0.0043756961822509766
3845,nnv,87,1,0.0043985843658447266
3846,nnv,88,-1,0.004393339157104492
3847,nnv,89,-1,0.0044362545013427734
3848,nnv,90,-1,0.004414558410644531
3849,nnv,91,-1,0.004388570785522461
3850,nnv,92,1,0.004384279251098633
3851,nnv,93,-1,0.004404306411743164
3852,nnv,94,1,0.0043752193450927734
3853,nnv,95,1,0.0043942928314208984
3854,nnv,96,-1,0.004369497299194336
3855,nnv,97,1,0.004406452178955078
3856,nnv,98,1,0.004391193389892578
3857,nnv,99,-1,0.004386186599731445
3858,nnv,100,1,0.0043871402740478516
